package0,package1,package2,package3,package4,algorithm0,algorithm1,algorithm2,algorithm3,nvertices,nedges,nthreads,Nodes.in.largest.WCC,Edges.in.largest.WCC,Nodes.in.largest.SCC,Edges.in.largest.SCC,Average.clustering.coefficient,Number.of.triangles,Fraction.of.closed.triangles,Diameter..longest.shortest.path.,X90.percentile.effective.diameter,runtime
0.0,1.0,0.0,0.0,0.0,0.0,1.0,0.0,0.0,4039,88234,1,1.000,1.000,1.000,1.000,0.6055,1612010.0,0.2647,8.0,4.7,0.000165
0.0,0.0,1.0,0.0,0.0,0.0,1.0,0.0,0.0,4039,88234,1,1.000,1.000,1.000,1.000,0.6055,1612010.0,0.2647,8.0,4.7,0.00750051419304
0.0,0.0,0.0,1.0,0.0,0.0,1.0,0.0,0.0,4039,88234,1,1.000,1.000,1.000,1.000,0.6055,1612010.0,0.2647,8.0,4.7,0.0004191875
0.0,1.0,0.0,0.0,0.0,0.0,0.0,1.0,0.0,4039,88234,1,1.000,1.000,1.000,1.000,0.6055,1612010.0,0.2647,8.0,4.7,0.00738625
0.0,0.0,1.0,0.0,0.0,0.0,0.0,1.0,0.0,4039,88234,1,1.000,1.000,1.000,1.000,0.6055,1612010.0,0.2647,8.0,4.7,0.0274088395833
0.0,0.0,0.0,1.0,0.0,0.0,0.0,1.0,0.0,4039,88234,1,1.000,1.000,1.000,1.000,0.6055,1612010.0,0.2647,8.0,4.7,0.036679125
0.0,0.0,0.0,0.0,1.0,0.0,0.0,1.0,0.0,4039,88234,1,1.000,1.000,1.000,1.000,0.6055,1612010.0,0.2647,8.0,4.7,0.1
0.0,1.0,0.0,0.0,0.0,0.0,0.0,0.0,1.0,4039,88234,1,1.000,1.000,1.000,1.000,0.6055,1612010.0,0.2647,8.0,4.7,0.00052375
0.0,0.0,1.0,0.0,0.0,0.0,0.0,0.0,1.0,4039,88234,1,1.000,1.000,1.000,1.000,0.6055,1612010.0,0.2647,8.0,4.7,0.0062517940572
0.0,0.0,0.0,1.0,0.0,0.0,0.0,0.0,1.0,4039,88234,1,1.000,1.000,1.000,1.000,0.6055,1612010.0,0.2647,8.0,4.7,0.000550625
0.0,0.0,0.0,0.0,1.0,0.0,0.0,0.0,1.0,4039,88234,1,1.000,1.000,1.000,1.000,0.6055,1612010.0,0.2647,8.0,4.7,0.03125
0.0,0.0,1.0,0.0,0.0,0.0,1.0,0.0,0.0,4039,88234,2,1.000,1.000,1.000,1.000,0.6055,1612010.0,0.2647,8.0,4.7,0.00441566464803
0.0,0.0,1.0,0.0,0.0,0.0,0.0,1.0,0.0,4039,88234,2,1.000,1.000,1.000,1.000,0.6055,1612010.0,0.2647,8.0,4.7,0.023774871875
0.0,0.0,1.0,0.0,0.0,0.0,0.0,0.0,1.0,4039,88234,2,1.000,1.000,1.000,1.000,0.6055,1612010.0,0.2647,8.0,4.7,0.00415351359197
0.0,1.0,0.0,0.0,0.0,0.0,1.0,0.0,0.0,4039,88234,4,1.000,1.000,1.000,1.000,0.6055,1612010.0,0.2647,8.0,4.7,0.0002625
0.0,0.0,1.0,0.0,0.0,0.0,1.0,0.0,0.0,4039,88234,4,1.000,1.000,1.000,1.000,0.6055,1612010.0,0.2647,8.0,4.7,0.00416214387909
0.0,0.0,0.0,1.0,0.0,0.0,1.0,0.0,0.0,4039,88234,4,1.000,1.000,1.000,1.000,0.6055,1612010.0,0.2647,8.0,4.7,0.000424875
0.0,1.0,0.0,0.0,0.0,0.0,0.0,1.0,0.0,4039,88234,4,1.000,1.000,1.000,1.000,0.6055,1612010.0,0.2647,8.0,4.7,0.0040325
0.0,0.0,1.0,0.0,0.0,0.0,0.0,1.0,0.0,4039,88234,4,1.000,1.000,1.000,1.000,0.6055,1612010.0,0.2647,8.0,4.7,0.03066300625
0.0,0.0,0.0,1.0,0.0,0.0,0.0,1.0,0.0,4039,88234,4,1.000,1.000,1.000,1.000,0.6055,1612010.0,0.2647,8.0,4.7,0.02149825
0.0,0.0,0.0,0.0,1.0,0.0,0.0,1.0,0.0,4039,88234,4,1.000,1.000,1.000,1.000,0.6055,1612010.0,0.2647,8.0,4.7,0.0875
0.0,1.0,0.0,0.0,0.0,0.0,0.0,0.0,1.0,4039,88234,4,1.000,1.000,1.000,1.000,0.6055,1612010.0,0.2647,8.0,4.7,0.002128125
0.0,0.0,1.0,0.0,0.0,0.0,0.0,0.0,1.0,4039,88234,4,1.000,1.000,1.000,1.000,0.6055,1612010.0,0.2647,8.0,4.7,0.00415168113727
0.0,0.0,0.0,1.0,0.0,0.0,0.0,0.0,1.0,4039,88234,4,1.000,1.000,1.000,1.000,0.6055,1612010.0,0.2647,8.0,4.7,0.0004951875
0.0,0.0,0.0,0.0,1.0,0.0,0.0,0.0,1.0,4039,88234,4,1.000,1.000,1.000,1.000,0.6055,1612010.0,0.2647,8.0,4.7,0.0375
0.0,1.0,0.0,0.0,0.0,0.0,1.0,0.0,0.0,4039,88234,8,1.000,1.000,1.000,1.000,0.6055,1612010.0,0.2647,8.0,4.7,0.000315625
0.0,0.0,1.0,0.0,0.0,0.0,1.0,0.0,0.0,4039,88234,8,1.000,1.000,1.000,1.000,0.6055,1612010.0,0.2647,8.0,4.7,0.00440581385364
0.0,0.0,0.0,1.0,0.0,0.0,1.0,0.0,0.0,4039,88234,8,1.000,1.000,1.000,1.000,0.6055,1612010.0,0.2647,8.0,4.7,0.0004633125
0.0,1.0,0.0,0.0,0.0,0.0,0.0,1.0,0.0,4039,88234,8,1.000,1.000,1.000,1.000,0.6055,1612010.0,0.2647,8.0,4.7,0.00472625
0.0,0.0,1.0,0.0,0.0,0.0,0.0,1.0,0.0,4039,88234,8,1.000,1.000,1.000,1.000,0.6055,1612010.0,0.2647,8.0,4.7,0.0365931875
0.0,0.0,0.0,1.0,0.0,0.0,0.0,1.0,0.0,4039,88234,8,1.000,1.000,1.000,1.000,0.6055,1612010.0,0.2647,8.0,4.7,0.014623625
0.0,0.0,0.0,0.0,1.0,0.0,0.0,1.0,0.0,4039,88234,8,1.000,1.000,1.000,1.000,0.6055,1612010.0,0.2647,8.0,4.7,0.1
0.0,1.0,0.0,0.0,0.0,0.0,0.0,0.0,1.0,4039,88234,8,1.000,1.000,1.000,1.000,0.6055,1612010.0,0.2647,8.0,4.7,0.003196875
0.0,0.0,1.0,0.0,0.0,0.0,0.0,0.0,1.0,4039,88234,8,1.000,1.000,1.000,1.000,0.6055,1612010.0,0.2647,8.0,4.7,0.00429237951818
0.0,0.0,0.0,1.0,0.0,0.0,0.0,0.0,1.0,4039,88234,8,1.000,1.000,1.000,1.000,0.6055,1612010.0,0.2647,8.0,4.7,0.000551
0.0,0.0,0.0,0.0,1.0,0.0,0.0,0.0,1.0,4039,88234,8,1.000,1.000,1.000,1.000,0.6055,1612010.0,0.2647,8.0,4.7,0.0625
0.0,1.0,0.0,0.0,0.0,0.0,1.0,0.0,0.0,4039,88234,16,1.000,1.000,1.000,1.000,0.6055,1612010.0,0.2647,8.0,4.7,0.00049
0.0,0.0,1.0,0.0,0.0,0.0,1.0,0.0,0.0,4039,88234,16,1.000,1.000,1.000,1.000,0.6055,1612010.0,0.2647,8.0,4.7,0.00421088867576
0.0,0.0,0.0,1.0,0.0,0.0,1.0,0.0,0.0,4039,88234,16,1.000,1.000,1.000,1.000,0.6055,1612010.0,0.2647,8.0,4.7,0.00055775
0.0,1.0,0.0,0.0,0.0,0.0,0.0,1.0,0.0,4039,88234,16,1.000,1.000,1.000,1.000,0.6055,1612010.0,0.2647,8.0,4.7,0.005894375
0.0,0.0,1.0,0.0,0.0,0.0,0.0,1.0,0.0,4039,88234,16,1.000,1.000,1.000,1.000,0.6055,1612010.0,0.2647,8.0,4.7,0.040361153125
0.0,0.0,0.0,1.0,0.0,0.0,0.0,1.0,0.0,4039,88234,16,1.000,1.000,1.000,1.000,0.6055,1612010.0,0.2647,8.0,4.7,0.0152445625
0.0,0.0,0.0,0.0,1.0,0.0,0.0,1.0,0.0,4039,88234,16,1.000,1.000,1.000,1.000,0.6055,1612010.0,0.2647,8.0,4.7,0.0875
0.0,1.0,0.0,0.0,0.0,0.0,0.0,0.0,1.0,4039,88234,16,1.000,1.000,1.000,1.000,0.6055,1612010.0,0.2647,8.0,4.7,0.005983125
0.0,0.0,1.0,0.0,0.0,0.0,0.0,0.0,1.0,4039,88234,16,1.000,1.000,1.000,1.000,0.6055,1612010.0,0.2647,8.0,4.7,0.00410358634545
0.0,0.0,0.0,1.0,0.0,0.0,0.0,0.0,1.0,4039,88234,16,1.000,1.000,1.000,1.000,0.6055,1612010.0,0.2647,8.0,4.7,0.0006016875
0.0,0.0,0.0,0.0,1.0,0.0,0.0,0.0,1.0,4039,88234,16,1.000,1.000,1.000,1.000,0.6055,1612010.0,0.2647,8.0,4.7,0.0875
0.0,1.0,0.0,0.0,0.0,0.0,1.0,0.0,0.0,4039,88234,24,1.000,1.000,1.000,1.000,0.6055,1612010.0,0.2647,8.0,4.7,0.00068375
0.0,0.0,1.0,0.0,0.0,0.0,1.0,0.0,0.0,4039,88234,24,1.000,1.000,1.000,1.000,0.6055,1612010.0,0.2647,8.0,4.7,0.00416941519697
0.0,0.0,0.0,1.0,0.0,0.0,1.0,0.0,0.0,4039,88234,24,1.000,1.000,1.000,1.000,0.6055,1612010.0,0.2647,8.0,4.7,0.000724125
0.0,1.0,0.0,0.0,0.0,0.0,0.0,1.0,0.0,4039,88234,24,1.000,1.000,1.000,1.000,0.6055,1612010.0,0.2647,8.0,4.7,0.00564375
0.0,0.0,1.0,0.0,0.0,0.0,0.0,1.0,0.0,4039,88234,24,1.000,1.000,1.000,1.000,0.6055,1612010.0,0.2647,8.0,4.7,0.0197311375
0.0,0.0,0.0,1.0,0.0,0.0,0.0,1.0,0.0,4039,88234,24,1.000,1.000,1.000,1.000,0.6055,1612010.0,0.2647,8.0,4.7,0.018057125
0.0,0.0,0.0,0.0,1.0,0.0,0.0,1.0,0.0,4039,88234,24,1.000,1.000,1.000,1.000,0.6055,1612010.0,0.2647,8.0,4.7,0.075
0.0,1.0,0.0,0.0,0.0,0.0,0.0,0.0,1.0,4039,88234,24,1.000,1.000,1.000,1.000,0.6055,1612010.0,0.2647,8.0,4.7,0.008451875
0.0,0.0,1.0,0.0,0.0,0.0,0.0,0.0,1.0,4039,88234,24,1.000,1.000,1.000,1.000,0.6055,1612010.0,0.2647,8.0,4.7,0.00411672280909
0.0,0.0,0.0,1.0,0.0,0.0,0.0,0.0,1.0,4039,88234,24,1.000,1.000,1.000,1.000,0.6055,1612010.0,0.2647,8.0,4.7,0.0007215625
0.0,0.0,0.0,0.0,1.0,0.0,0.0,0.0,1.0,4039,88234,24,1.000,1.000,1.000,1.000,0.6055,1612010.0,0.2647,8.0,4.7,0.08125
0.0,1.0,0.0,0.0,0.0,0.0,1.0,0.0,0.0,4039,88234,32,1.000,1.000,1.000,1.000,0.6055,1612010.0,0.2647,8.0,4.7,0.0014925
0.0,0.0,1.0,0.0,0.0,0.0,1.0,0.0,0.0,4039,88234,32,1.000,1.000,1.000,1.000,0.6055,1612010.0,0.2647,8.0,4.7,0.00456456348485
0.0,0.0,0.0,1.0,0.0,0.0,1.0,0.0,0.0,4039,88234,32,1.000,1.000,1.000,1.000,0.6055,1612010.0,0.2647,8.0,4.7,0.0147489375
0.0,1.0,0.0,0.0,0.0,0.0,0.0,1.0,0.0,4039,88234,32,1.000,1.000,1.000,1.000,0.6055,1612010.0,0.2647,8.0,4.7,0.008896875
0.0,0.0,1.0,0.0,0.0,0.0,0.0,1.0,0.0,4039,88234,32,1.000,1.000,1.000,1.000,0.6055,1612010.0,0.2647,8.0,4.7,0.0216424
0.0,0.0,0.0,1.0,0.0,0.0,0.0,1.0,0.0,4039,88234,32,1.000,1.000,1.000,1.000,0.6055,1612010.0,0.2647,8.0,4.7,0.018052625
0.0,0.0,0.0,0.0,1.0,0.0,0.0,1.0,0.0,4039,88234,32,1.000,1.000,1.000,1.000,0.6055,1612010.0,0.2647,8.0,4.7,0.05
0.0,1.0,0.0,0.0,0.0,0.0,0.0,0.0,1.0,4039,88234,32,1.000,1.000,1.000,1.000,0.6055,1612010.0,0.2647,8.0,4.7,0.035901875
0.0,0.0,1.0,0.0,0.0,0.0,0.0,0.0,1.0,4039,88234,32,1.000,1.000,1.000,1.000,0.6055,1612010.0,0.2647,8.0,4.7,0.00435034293939
0.0,0.0,0.0,1.0,0.0,0.0,0.0,0.0,1.0,4039,88234,32,1.000,1.000,1.000,1.000,0.6055,1612010.0,0.2647,8.0,4.7,0.001509
0.0,0.0,0.0,0.0,1.0,0.0,0.0,0.0,1.0,4039,88234,32,1.000,1.000,1.000,1.000,0.6055,1612010.0,0.2647,8.0,4.7,0.0625
0.0,1.0,0.0,0.0,0.0,0.0,1.0,0.0,0.0,4039,88234,40,1.000,1.000,1.000,1.000,0.6055,1612010.0,0.2647,8.0,4.7,0.00181
0.0,0.0,1.0,0.0,0.0,0.0,1.0,0.0,0.0,4039,88234,40,1.000,1.000,1.000,1.000,0.6055,1612010.0,0.2647,8.0,4.7,0.00467871260606
0.0,0.0,0.0,1.0,0.0,0.0,1.0,0.0,0.0,4039,88234,40,1.000,1.000,1.000,1.000,0.6055,1612010.0,0.2647,8.0,4.7,0.001558375
0.0,1.0,0.0,0.0,0.0,0.0,0.0,1.0,0.0,4039,88234,40,1.000,1.000,1.000,1.000,0.6055,1612010.0,0.2647,8.0,4.7,0.009509375
0.0,0.0,1.0,0.0,0.0,0.0,0.0,1.0,0.0,4039,88234,40,1.000,1.000,1.000,1.000,0.6055,1612010.0,0.2647,8.0,4.7,0.021528753125
0.0,0.0,0.0,1.0,0.0,0.0,0.0,1.0,0.0,4039,88234,40,1.000,1.000,1.000,1.000,0.6055,1612010.0,0.2647,8.0,4.7,0.037536
0.0,0.0,0.0,0.0,1.0,0.0,0.0,1.0,0.0,4039,88234,40,1.000,1.000,1.000,1.000,0.6055,1612010.0,0.2647,8.0,4.7,0.05
0.0,1.0,0.0,0.0,0.0,0.0,0.0,0.0,1.0,4039,88234,40,1.000,1.000,1.000,1.000,0.6055,1612010.0,0.2647,8.0,4.7,0.046994375
0.0,0.0,1.0,0.0,0.0,0.0,0.0,0.0,1.0,4039,88234,40,1.000,1.000,1.000,1.000,0.6055,1612010.0,0.2647,8.0,4.7,0.00439154790909
0.0,0.0,0.0,1.0,0.0,0.0,0.0,0.0,1.0,4039,88234,40,1.000,1.000,1.000,1.000,0.6055,1612010.0,0.2647,8.0,4.7,0.0012148125
0.0,0.0,0.0,0.0,1.0,0.0,0.0,0.0,1.0,4039,88234,40,1.000,1.000,1.000,1.000,0.6055,1612010.0,0.2647,8.0,4.7,0.03125
0.0,1.0,0.0,0.0,0.0,0.0,1.0,0.0,0.0,4039,88234,48,1.000,1.000,1.000,1.000,0.6055,1612010.0,0.2647,8.0,4.7,0.002131875
0.0,0.0,1.0,0.0,0.0,0.0,1.0,0.0,0.0,4039,88234,48,1.000,1.000,1.000,1.000,0.6055,1612010.0,0.2647,8.0,4.7,0.00450891430303
0.0,0.0,0.0,1.0,0.0,0.0,1.0,0.0,0.0,4039,88234,48,1.000,1.000,1.000,1.000,0.6055,1612010.0,0.2647,8.0,4.7,0.0039175
0.0,1.0,0.0,0.0,0.0,0.0,0.0,1.0,0.0,4039,88234,48,1.000,1.000,1.000,1.000,0.6055,1612010.0,0.2647,8.0,4.7,0.01037375
0.0,0.0,1.0,0.0,0.0,0.0,0.0,1.0,0.0,4039,88234,48,1.000,1.000,1.000,1.000,0.6055,1612010.0,0.2647,8.0,4.7,0.022216834375
0.0,0.0,0.0,1.0,0.0,0.0,0.0,1.0,0.0,4039,88234,48,1.000,1.000,1.000,1.000,0.6055,1612010.0,0.2647,8.0,4.7,0.025240625
0.0,0.0,0.0,0.0,1.0,0.0,0.0,1.0,0.0,4039,88234,48,1.000,1.000,1.000,1.000,0.6055,1612010.0,0.2647,8.0,4.7,0.05625
0.0,1.0,0.0,0.0,0.0,0.0,0.0,0.0,1.0,4039,88234,48,1.000,1.000,1.000,1.000,0.6055,1612010.0,0.2647,8.0,4.7,0.060785
0.0,0.0,1.0,0.0,0.0,0.0,0.0,0.0,1.0,4039,88234,48,1.000,1.000,1.000,1.000,0.6055,1612010.0,0.2647,8.0,4.7,0.00444305278788
0.0,0.0,0.0,1.0,0.0,0.0,0.0,0.0,1.0,4039,88234,48,1.000,1.000,1.000,1.000,0.6055,1612010.0,0.2647,8.0,4.7,0.00383525
0.0,0.0,0.0,0.0,1.0,0.0,0.0,0.0,1.0,4039,88234,48,1.000,1.000,1.000,1.000,0.6055,1612010.0,0.2647,8.0,4.7,0.025
0.0,1.0,0.0,0.0,0.0,0.0,1.0,0.0,0.0,4039,88234,56,1.000,1.000,1.000,1.000,0.6055,1612010.0,0.2647,8.0,4.7,0.00253875
0.0,0.0,1.0,0.0,0.0,0.0,1.0,0.0,0.0,4039,88234,56,1.000,1.000,1.000,1.000,0.6055,1612010.0,0.2647,8.0,4.7,0.00461780806061
0.0,0.0,0.0,1.0,0.0,0.0,1.0,0.0,0.0,4039,88234,56,1.000,1.000,1.000,1.000,0.6055,1612010.0,0.2647,8.0,4.7,0.004629875
0.0,1.0,0.0,0.0,0.0,0.0,0.0,1.0,0.0,4039,88234,56,1.000,1.000,1.000,1.000,0.6055,1612010.0,0.2647,8.0,4.7,0.011295
0.0,0.0,1.0,0.0,0.0,0.0,0.0,1.0,0.0,4039,88234,56,1.000,1.000,1.000,1.000,0.6055,1612010.0,0.2647,8.0,4.7,0.021854625
0.0,0.0,0.0,1.0,0.0,0.0,0.0,1.0,0.0,4039,88234,56,1.000,1.000,1.000,1.000,0.6055,1612010.0,0.2647,8.0,4.7,0.0324328125
0.0,0.0,0.0,0.0,1.0,0.0,0.0,1.0,0.0,4039,88234,56,1.000,1.000,1.000,1.000,0.6055,1612010.0,0.2647,8.0,4.7,0.05625
0.0,1.0,0.0,0.0,0.0,0.0,0.0,0.0,1.0,4039,88234,56,1.000,1.000,1.000,1.000,0.6055,1612010.0,0.2647,8.0,4.7,0.07201625
0.0,0.0,1.0,0.0,0.0,0.0,0.0,0.0,1.0,4039,88234,56,1.000,1.000,1.000,1.000,0.6055,1612010.0,0.2647,8.0,4.7,0.00451192469697
0.0,0.0,0.0,1.0,0.0,0.0,0.0,0.0,1.0,4039,88234,56,1.000,1.000,1.000,1.000,0.6055,1612010.0,0.2647,8.0,4.7,0.002958875
0.0,0.0,0.0,0.0,1.0,0.0,0.0,0.0,1.0,4039,88234,56,1.000,1.000,1.000,1.000,0.6055,1612010.0,0.2647,8.0,4.7,0.0
0.0,1.0,0.0,0.0,0.0,0.0,1.0,0.0,0.0,3774768,16518948,1,0.997,1.000,0.000,0.000,0.0757,7515023.0,0.02343,22.0,9.4,0.303444375
0.0,0.0,1.0,0.0,0.0,0.0,1.0,0.0,0.0,3774768,16518948,1,0.997,1.000,0.000,0.000,0.0757,7515023.0,0.02343,22.0,9.4,5.5134275e-07
0.0,0.0,0.0,1.0,0.0,0.0,1.0,0.0,0.0,3774768,16518948,1,0.997,1.000,0.000,0.000,0.0757,7515023.0,0.02343,22.0,9.4,0.943189
0.0,1.0,0.0,0.0,0.0,0.0,0.0,1.0,0.0,3774768,16518948,1,0.997,1.000,0.000,0.000,0.0757,7515023.0,0.02343,22.0,9.4,7.7411775
0.0,0.0,1.0,0.0,0.0,0.0,0.0,1.0,0.0,3774768,16518948,1,0.997,1.000,0.000,0.000,0.0757,7515023.0,0.02343,22.0,9.4,9.4551125
0.0,0.0,0.0,1.0,0.0,0.0,0.0,1.0,0.0,3774768,16518948,1,0.997,1.000,0.000,0.000,0.0757,7515023.0,0.02343,22.0,9.4,38.73105
0.0,0.0,0.0,0.0,1.0,0.0,0.0,1.0,0.0,3774768,16518948,1,0.997,1.000,0.000,0.000,0.0757,7515023.0,0.02343,22.0,9.4,15.7
0.0,1.0,0.0,0.0,0.0,0.0,0.0,0.0,1.0,3774768,16518948,1,0.997,1.000,0.000,0.000,0.0757,7515023.0,0.02343,22.0,9.4,0.00392625
0.0,0.0,1.0,0.0,0.0,0.0,0.0,0.0,1.0,3774768,16518948,1,0.997,1.000,0.000,0.000,0.0757,7515023.0,0.02343,22.0,9.4,6.25848625e-07
0.0,0.0,0.0,1.0,0.0,0.0,0.0,0.0,1.0,3774768,16518948,1,0.997,1.000,0.000,0.000,0.0757,7515023.0,0.02343,22.0,9.4,0.9952700625
0.0,0.0,0.0,0.0,1.0,0.0,0.0,0.0,1.0,3774768,16518948,1,0.997,1.000,0.000,0.000,0.0757,7515023.0,0.02343,22.0,9.4,3.25
0.0,1.0,0.0,0.0,0.0,0.0,1.0,0.0,0.0,3774768,16518948,2,0.997,1.000,0.000,0.000,0.0757,7515023.0,0.02343,22.0,9.4,0.18048375
0.0,0.0,1.0,0.0,0.0,0.0,1.0,0.0,0.0,3774768,16518948,2,0.997,1.000,0.000,0.000,0.0757,7515023.0,0.02343,22.0,9.4,1.6197586875e-05
0.0,0.0,0.0,1.0,0.0,0.0,1.0,0.0,0.0,3774768,16518948,2,0.997,1.000,0.000,0.000,0.0757,7515023.0,0.02343,22.0,9.4,0.6904406875
0.0,1.0,0.0,0.0,0.0,0.0,0.0,1.0,0.0,3774768,16518948,2,0.997,1.000,0.000,0.000,0.0757,7515023.0,0.02343,22.0,9.4,5.52658125
0.0,0.0,1.0,0.0,0.0,0.0,0.0,1.0,0.0,3774768,16518948,2,0.997,1.000,0.000,0.000,0.0757,7515023.0,0.02343,22.0,9.4,7.529043125
0.0,0.0,0.0,1.0,0.0,0.0,0.0,1.0,0.0,3774768,16518948,2,0.997,1.000,0.000,0.000,0.0757,7515023.0,0.02343,22.0,9.4,24.90758125
0.0,0.0,0.0,0.0,1.0,0.0,0.0,1.0,0.0,3774768,16518948,2,0.997,1.000,0.000,0.000,0.0757,7515023.0,0.02343,22.0,9.4,16.6125
0.0,1.0,0.0,0.0,0.0,0.0,0.0,0.0,1.0,3774768,16518948,2,0.997,1.000,0.000,0.000,0.0757,7515023.0,0.02343,22.0,9.4,0.004213125
0.0,0.0,1.0,0.0,0.0,0.0,0.0,0.0,1.0,3774768,16518948,2,0.997,1.000,0.000,0.000,0.0757,7515023.0,0.02343,22.0,9.4,0.0013266203125
0.0,0.0,0.0,1.0,0.0,0.0,0.0,0.0,1.0,3774768,16518948,2,0.997,1.000,0.000,0.000,0.0757,7515023.0,0.02343,22.0,9.4,0.704361875
0.0,0.0,0.0,0.0,1.0,0.0,0.0,0.0,1.0,3774768,16518948,2,0.997,1.000,0.000,0.000,0.0757,7515023.0,0.02343,22.0,9.4,3.14375
0.0,1.0,0.0,0.0,0.0,0.0,1.0,0.0,0.0,3774768,16518948,4,0.997,1.000,0.000,0.000,0.0757,7515023.0,0.02343,22.0,9.4,0.0956
0.0,0.0,1.0,0.0,0.0,0.0,1.0,0.0,0.0,3774768,16518948,4,0.997,1.000,0.000,0.000,0.0757,7515023.0,0.02343,22.0,9.4,2.28583875e-05
0.0,0.0,0.0,1.0,0.0,0.0,1.0,0.0,0.0,3774768,16518948,4,0.997,1.000,0.000,0.000,0.0757,7515023.0,0.02343,22.0,9.4,0.45378425
0.0,1.0,0.0,0.0,0.0,0.0,0.0,1.0,0.0,3774768,16518948,4,0.997,1.000,0.000,0.000,0.0757,7515023.0,0.02343,22.0,9.4,2.864855625
0.0,0.0,1.0,0.0,0.0,0.0,0.0,1.0,0.0,3774768,16518948,4,0.997,1.000,0.000,0.000,0.0757,7515023.0,0.02343,22.0,9.4,7.02498125
0.0,0.0,0.0,1.0,0.0,0.0,0.0,1.0,0.0,3774768,16518948,4,0.997,1.000,0.000,0.000,0.0757,7515023.0,0.02343,22.0,9.4,13.49874375
0.0,0.0,0.0,0.0,1.0,0.0,0.0,1.0,0.0,3774768,16518948,4,0.997,1.000,0.000,0.000,0.0757,7515023.0,0.02343,22.0,9.4,15.825
0.0,1.0,0.0,0.0,0.0,0.0,0.0,0.0,1.0,3774768,16518948,4,0.997,1.000,0.000,0.000,0.0757,7515023.0,0.02343,22.0,9.4,0.004578125
0.0,0.0,1.0,0.0,0.0,0.0,0.0,0.0,1.0,3774768,16518948,4,0.997,1.000,0.000,0.000,0.0757,7515023.0,0.02343,22.0,9.4,0.001395909875
0.0,0.0,0.0,1.0,0.0,0.0,0.0,0.0,1.0,3774768,16518948,4,0.997,1.000,0.000,0.000,0.0757,7515023.0,0.02343,22.0,9.4,0.4335598125
0.0,0.0,0.0,0.0,1.0,0.0,0.0,0.0,1.0,3774768,16518948,4,0.997,1.000,0.000,0.000,0.0757,7515023.0,0.02343,22.0,9.4,3.15625
0.0,1.0,0.0,0.0,0.0,0.0,1.0,0.0,0.0,3774768,16518948,8,0.997,1.000,0.000,0.000,0.0757,7515023.0,0.02343,22.0,9.4,0.052659375
0.0,0.0,1.0,0.0,0.0,0.0,1.0,0.0,0.0,3774768,16518948,8,0.997,1.000,0.000,0.000,0.0757,7515023.0,0.02343,22.0,9.4,2.925098125e-05
0.0,0.0,0.0,1.0,0.0,0.0,1.0,0.0,0.0,3774768,16518948,8,0.997,1.000,0.000,0.000,0.0757,7515023.0,0.02343,22.0,9.4,0.3039334375
0.0,1.0,0.0,0.0,0.0,0.0,0.0,1.0,0.0,3774768,16518948,8,0.997,1.000,0.000,0.000,0.0757,7515023.0,0.02343,22.0,9.4,1.480665
0.0,0.0,1.0,0.0,0.0,0.0,0.0,1.0,0.0,3774768,16518948,8,0.997,1.000,0.000,0.000,0.0757,7515023.0,0.02343,22.0,9.4,6.46354375
0.0,0.0,0.0,1.0,0.0,0.0,0.0,1.0,0.0,3774768,16518948,8,0.997,1.000,0.000,0.000,0.0757,7515023.0,0.02343,22.0,9.4,7.97006
0.0,0.0,0.0,0.0,1.0,0.0,0.0,1.0,0.0,3774768,16518948,8,0.997,1.000,0.000,0.000,0.0757,7515023.0,0.02343,22.0,9.4,8.5875
0.0,1.0,0.0,0.0,0.0,0.0,0.0,0.0,1.0,3774768,16518948,8,0.997,1.000,0.000,0.000,0.0757,7515023.0,0.02343,22.0,9.4,0.005940625
0.0,0.0,1.0,0.0,0.0,0.0,0.0,0.0,1.0,3774768,16518948,8,0.997,1.000,0.000,0.000,0.0757,7515023.0,0.02343,22.0,9.4,0.00139047225
0.0,0.0,0.0,1.0,0.0,0.0,0.0,0.0,1.0,3774768,16518948,8,0.997,1.000,0.000,0.000,0.0757,7515023.0,0.02343,22.0,9.4,0.27816925
0.0,0.0,0.0,0.0,1.0,0.0,0.0,0.0,1.0,3774768,16518948,8,0.997,1.000,0.000,0.000,0.0757,7515023.0,0.02343,22.0,9.4,1.41875
0.0,1.0,0.0,0.0,0.0,0.0,1.0,0.0,0.0,3774768,16518948,16,0.997,1.000,0.000,0.000,0.0757,7515023.0,0.02343,22.0,9.4,0.03177375
0.0,0.0,1.0,0.0,0.0,0.0,1.0,0.0,0.0,3774768,16518948,16,0.997,1.000,0.000,0.000,0.0757,7515023.0,0.02343,22.0,9.4,4.26024375e-05
0.0,0.0,0.0,1.0,0.0,0.0,1.0,0.0,0.0,3774768,16518948,16,0.997,1.000,0.000,0.000,0.0757,7515023.0,0.02343,22.0,9.4,0.1875059375
0.0,1.0,0.0,0.0,0.0,0.0,0.0,1.0,0.0,3774768,16518948,16,0.997,1.000,0.000,0.000,0.0757,7515023.0,0.02343,22.0,9.4,0.808068125
0.0,0.0,1.0,0.0,0.0,0.0,0.0,1.0,0.0,3774768,16518948,16,0.997,1.000,0.000,0.000,0.0757,7515023.0,0.02343,22.0,9.4,6.09993375
0.0,0.0,0.0,1.0,0.0,0.0,0.0,1.0,0.0,3774768,16518948,16,0.997,1.000,0.000,0.000,0.0757,7515023.0,0.02343,22.0,9.4,4.537408125
0.0,0.0,0.0,0.0,1.0,0.0,0.0,1.0,0.0,3774768,16518948,16,0.997,1.000,0.000,0.000,0.0757,7515023.0,0.02343,22.0,9.4,5.275
0.0,1.0,0.0,0.0,0.0,0.0,0.0,0.0,1.0,3774768,16518948,16,0.997,1.000,0.000,0.000,0.0757,7515023.0,0.02343,22.0,9.4,0.009630625
0.0,0.0,1.0,0.0,0.0,0.0,0.0,0.0,1.0,3774768,16518948,16,0.997,1.000,0.000,0.000,0.0757,7515023.0,0.02343,22.0,9.4,0.001397371625
0.0,0.0,0.0,1.0,0.0,0.0,0.0,0.0,1.0,3774768,16518948,16,0.997,1.000,0.000,0.000,0.0757,7515023.0,0.02343,22.0,9.4,0.1537109375
0.0,0.0,0.0,0.0,1.0,0.0,0.0,0.0,1.0,3774768,16518948,16,0.997,1.000,0.000,0.000,0.0757,7515023.0,0.02343,22.0,9.4,0.956250125
0.0,1.0,0.0,0.0,0.0,0.0,1.0,0.0,0.0,3774768,16518948,24,0.997,1.000,0.000,0.000,0.0757,7515023.0,0.02343,22.0,9.4,0.02696
0.0,0.0,1.0,0.0,0.0,0.0,1.0,0.0,0.0,3774768,16518948,24,0.997,1.000,0.000,0.000,0.0757,7515023.0,0.02343,22.0,9.4,5.109604375e-05
0.0,0.0,0.0,1.0,0.0,0.0,1.0,0.0,0.0,3774768,16518948,24,0.997,1.000,0.000,0.000,0.0757,7515023.0,0.02343,22.0,9.4,0.15071475
0.0,1.0,0.0,0.0,0.0,0.0,0.0,1.0,0.0,3774768,16518948,24,0.997,1.000,0.000,0.000,0.0757,7515023.0,0.02343,22.0,9.4,0.63744125
0.0,0.0,1.0,0.0,0.0,0.0,0.0,1.0,0.0,3774768,16518948,24,0.997,1.000,0.000,0.000,0.0757,7515023.0,0.02343,22.0,9.4,5.5150475
0.0,0.0,0.0,1.0,0.0,0.0,0.0,1.0,0.0,3774768,16518948,24,0.997,1.000,0.000,0.000,0.0757,7515023.0,0.02343,22.0,9.4,3.557500625
0.0,0.0,0.0,0.0,1.0,0.0,0.0,1.0,0.0,3774768,16518948,24,0.997,1.000,0.000,0.000,0.0757,7515023.0,0.02343,22.0,9.4,4.3125
0.0,1.0,0.0,0.0,0.0,0.0,0.0,0.0,1.0,3774768,16518948,24,0.997,1.000,0.000,0.000,0.0757,7515023.0,0.02343,22.0,9.4,0.014388125
0.0,0.0,1.0,0.0,0.0,0.0,0.0,0.0,1.0,3774768,16518948,24,0.997,1.000,0.000,0.000,0.0757,7515023.0,0.02343,22.0,9.4,0.001438513375
0.0,0.0,0.0,1.0,0.0,0.0,0.0,0.0,1.0,3774768,16518948,24,0.997,1.000,0.000,0.000,0.0757,7515023.0,0.02343,22.0,9.4,0.1210668125
0.0,0.0,0.0,0.0,1.0,0.0,0.0,0.0,1.0,3774768,16518948,24,0.997,1.000,0.000,0.000,0.0757,7515023.0,0.02343,22.0,9.4,0.78124975
0.0,1.0,0.0,0.0,0.0,0.0,1.0,0.0,0.0,3774768,16518948,32,0.997,1.000,0.000,0.000,0.0757,7515023.0,0.02343,22.0,9.4,0.02877625
0.0,0.0,1.0,0.0,0.0,0.0,1.0,0.0,0.0,3774768,16518948,32,0.997,1.000,0.000,0.000,0.0757,7515023.0,0.02343,22.0,9.4,0.0002412054375
0.0,0.0,0.0,1.0,0.0,0.0,1.0,0.0,0.0,3774768,16518948,32,0.997,1.000,0.000,0.000,0.0757,7515023.0,0.02343,22.0,9.4,0.2682621875
0.0,1.0,0.0,0.0,0.0,0.0,0.0,1.0,0.0,3774768,16518948,32,0.997,1.000,0.000,0.000,0.0757,7515023.0,0.02343,22.0,9.4,0.6200975
0.0,0.0,1.0,0.0,0.0,0.0,0.0,1.0,0.0,3774768,16518948,32,0.997,1.000,0.000,0.000,0.0757,7515023.0,0.02343,22.0,9.4,5.292059375
0.0,0.0,0.0,1.0,0.0,0.0,0.0,1.0,0.0,3774768,16518948,32,0.997,1.000,0.000,0.000,0.0757,7515023.0,0.02343,22.0,9.4,5.063819375
0.0,0.0,0.0,0.0,1.0,0.0,0.0,1.0,0.0,3774768,16518948,32,0.997,1.000,0.000,0.000,0.0757,7515023.0,0.02343,22.0,9.4,3.91875
0.0,1.0,0.0,0.0,0.0,0.0,0.0,0.0,1.0,3774768,16518948,32,0.997,1.000,0.000,0.000,0.0757,7515023.0,0.02343,22.0,9.4,0.057325
0.0,0.0,1.0,0.0,0.0,0.0,0.0,0.0,1.0,3774768,16518948,32,0.997,1.000,0.000,0.000,0.0757,7515023.0,0.02343,22.0,9.4,0.001632884375
0.0,0.0,0.0,1.0,0.0,0.0,0.0,0.0,1.0,3774768,16518948,32,0.997,1.000,0.000,0.000,0.0757,7515023.0,0.02343,22.0,9.4,0.18883475
0.0,0.0,0.0,0.0,1.0,0.0,0.0,0.0,1.0,3774768,16518948,32,0.997,1.000,0.000,0.000,0.0757,7515023.0,0.02343,22.0,9.4,0.7312498125
0.0,1.0,0.0,0.0,0.0,0.0,1.0,0.0,0.0,3774768,16518948,40,0.997,1.000,0.000,0.000,0.0757,7515023.0,0.02343,22.0,9.4,0.028775
0.0,0.0,1.0,0.0,0.0,0.0,1.0,0.0,0.0,3774768,16518948,40,0.997,1.000,0.000,0.000,0.0757,7515023.0,0.02343,22.0,9.4,0.000344201875
0.0,0.0,0.0,1.0,0.0,0.0,1.0,0.0,0.0,3774768,16518948,40,0.997,1.000,0.000,0.000,0.0757,7515023.0,0.02343,22.0,9.4,0.304813125
0.0,1.0,0.0,0.0,0.0,0.0,0.0,1.0,0.0,3774768,16518948,40,0.997,1.000,0.000,0.000,0.0757,7515023.0,0.02343,22.0,9.4,0.6198475
0.0,0.0,1.0,0.0,0.0,0.0,0.0,1.0,0.0,3774768,16518948,40,0.997,1.000,0.000,0.000,0.0757,7515023.0,0.02343,22.0,9.4,5.159355625
0.0,0.0,0.0,1.0,0.0,0.0,0.0,1.0,0.0,3774768,16518948,40,0.997,1.000,0.000,0.000,0.0757,7515023.0,0.02343,22.0,9.4,5.368960625
0.0,0.0,0.0,0.0,1.0,0.0,0.0,1.0,0.0,3774768,16518948,40,0.997,1.000,0.000,0.000,0.0757,7515023.0,0.02343,22.0,9.4,3.85625
0.0,1.0,0.0,0.0,0.0,0.0,0.0,0.0,1.0,3774768,16518948,40,0.997,1.000,0.000,0.000,0.0757,7515023.0,0.02343,22.0,9.4,0.076899375
0.0,0.0,1.0,0.0,0.0,0.0,0.0,0.0,1.0,3774768,16518948,40,0.997,1.000,0.000,0.000,0.0757,7515023.0,0.02343,22.0,9.4,0.00167337
0.0,0.0,0.0,1.0,0.0,0.0,0.0,0.0,1.0,3774768,16518948,40,0.997,1.000,0.000,0.000,0.0757,7515023.0,0.02343,22.0,9.4,0.262274
0.0,0.0,0.0,0.0,1.0,0.0,0.0,0.0,1.0,3774768,16518948,40,0.997,1.000,0.000,0.000,0.0757,7515023.0,0.02343,22.0,9.4,0.7687498125
0.0,1.0,0.0,0.0,0.0,0.0,1.0,0.0,0.0,3774768,16518948,48,0.997,1.000,0.000,0.000,0.0757,7515023.0,0.02343,22.0,9.4,0.029416875
0.0,0.0,1.0,0.0,0.0,0.0,1.0,0.0,0.0,3774768,16518948,48,0.997,1.000,0.000,0.000,0.0757,7515023.0,0.02343,22.0,9.4,0.0003870129375
0.0,0.0,0.0,1.0,0.0,0.0,1.0,0.0,0.0,3774768,16518948,48,0.997,1.000,0.000,0.000,0.0757,7515023.0,0.02343,22.0,9.4,0.45161
0.0,1.0,0.0,0.0,0.0,0.0,0.0,1.0,0.0,3774768,16518948,48,0.997,1.000,0.000,0.000,0.0757,7515023.0,0.02343,22.0,9.4,0.6303775
0.0,0.0,1.0,0.0,0.0,0.0,0.0,1.0,0.0,3774768,16518948,48,0.997,1.000,0.000,0.000,0.0757,7515023.0,0.02343,22.0,9.4,5.168606875
0.0,0.0,0.0,1.0,0.0,0.0,0.0,1.0,0.0,3774768,16518948,48,0.997,1.000,0.000,0.000,0.0757,7515023.0,0.02343,22.0,9.4,5.200305625
0.0,0.0,0.0,0.0,1.0,0.0,0.0,1.0,0.0,3774768,16518948,48,0.997,1.000,0.000,0.000,0.0757,7515023.0,0.02343,22.0,9.4,4.01875
0.0,1.0,0.0,0.0,0.0,0.0,0.0,0.0,1.0,3774768,16518948,48,0.997,1.000,0.000,0.000,0.0757,7515023.0,0.02343,22.0,9.4,0.09256875
0.0,0.0,1.0,0.0,0.0,0.0,0.0,0.0,1.0,3774768,16518948,48,0.997,1.000,0.000,0.000,0.0757,7515023.0,0.02343,22.0,9.4,0.001746863125
0.0,0.0,0.0,1.0,0.0,0.0,0.0,0.0,1.0,3774768,16518948,48,0.997,1.000,0.000,0.000,0.0757,7515023.0,0.02343,22.0,9.4,0.3619615
0.0,0.0,0.0,0.0,1.0,0.0,0.0,0.0,1.0,3774768,16518948,48,0.997,1.000,0.000,0.000,0.0757,7515023.0,0.02343,22.0,9.4,0.7312499375
0.0,1.0,0.0,0.0,0.0,0.0,1.0,0.0,0.0,3774768,16518948,56,0.997,1.000,0.000,0.000,0.0757,7515023.0,0.02343,22.0,9.4,0.030075
0.0,0.0,1.0,0.0,0.0,0.0,1.0,0.0,0.0,3774768,16518948,56,0.997,1.000,0.000,0.000,0.0757,7515023.0,0.02343,22.0,9.4,0.000420004125
0.0,0.0,0.0,1.0,0.0,0.0,1.0,0.0,0.0,3774768,16518948,56,0.997,1.000,0.000,0.000,0.0757,7515023.0,0.02343,22.0,9.4,0.45156825
0.0,1.0,0.0,0.0,0.0,0.0,0.0,1.0,0.0,3774768,16518948,56,0.997,1.000,0.000,0.000,0.0757,7515023.0,0.02343,22.0,9.4,0.625585625
0.0,0.0,1.0,0.0,0.0,0.0,0.0,1.0,0.0,3774768,16518948,56,0.997,1.000,0.000,0.000,0.0757,7515023.0,0.02343,22.0,9.4,5.31338625
0.0,0.0,0.0,1.0,0.0,0.0,0.0,1.0,0.0,3774768,16518948,56,0.997,1.000,0.000,0.000,0.0757,7515023.0,0.02343,22.0,9.4,6.06127
0.0,0.0,0.0,0.0,1.0,0.0,0.0,1.0,0.0,3774768,16518948,56,0.997,1.000,0.000,0.000,0.0757,7515023.0,0.02343,22.0,9.4,4.19375
0.0,1.0,0.0,0.0,0.0,0.0,0.0,0.0,1.0,3774768,16518948,56,0.997,1.000,0.000,0.000,0.0757,7515023.0,0.02343,22.0,9.4,0.10973625
0.0,0.0,1.0,0.0,0.0,0.0,0.0,0.0,1.0,3774768,16518948,56,0.997,1.000,0.000,0.000,0.0757,7515023.0,0.02343,22.0,9.4,0.00192585375
0.0,0.0,0.0,1.0,0.0,0.0,0.0,0.0,1.0,3774768,16518948,56,0.997,1.000,0.000,0.000,0.0757,7515023.0,0.02343,22.0,9.4,0.4623783125
0.0,0.0,0.0,0.0,1.0,0.0,0.0,0.0,1.0,3774768,16518948,56,0.997,1.000,0.000,0.000,0.0757,7515023.0,0.02343,22.0,9.4,0.7249998125
0.0,1.0,0.0,0.0,0.0,0.0,1.0,0.0,0.0,685230,7600595,1,0.956,0.987,0.489,0.595,0.5967,64690980.0,0.002746,514.0,9.9,0.03368
0.0,0.0,1.0,0.0,0.0,0.0,1.0,0.0,0.0,685230,7600595,1,0.956,0.987,0.489,0.595,0.5967,64690980.0,0.002746,514.0,9.9,1.057982625e-06
0.0,0.0,0.0,1.0,0.0,0.0,1.0,0.0,0.0,685230,7600595,1,0.956,0.987,0.489,0.595,0.5967,64690980.0,0.002746,514.0,9.9,0.1804795
0.0,1.0,0.0,0.0,0.0,0.0,0.0,1.0,0.0,685230,7600595,1,0.956,0.987,0.489,0.595,0.5967,64690980.0,0.002746,514.0,9.9,0.707109375
0.0,0.0,1.0,0.0,0.0,0.0,0.0,1.0,0.0,685230,7600595,1,0.956,0.987,0.489,0.595,0.5967,64690980.0,0.002746,514.0,9.9,3.98427375
0.0,0.0,0.0,1.0,0.0,0.0,0.0,1.0,0.0,685230,7600595,1,0.956,0.987,0.489,0.595,0.5967,64690980.0,0.002746,514.0,9.9,4.157635625
0.0,0.0,0.0,0.0,1.0,0.0,0.0,1.0,0.0,685230,7600595,1,0.956,0.987,0.489,0.595,0.5967,64690980.0,0.002746,514.0,9.9,22.625
0.0,1.0,0.0,0.0,0.0,0.0,0.0,0.0,1.0,685230,7600595,1,0.956,0.987,0.489,0.595,0.5967,64690980.0,0.002746,514.0,9.9,0.036961875
0.0,0.0,1.0,0.0,0.0,0.0,0.0,0.0,1.0,685230,7600595,1,0.956,0.987,0.489,0.595,0.5967,64690980.0,0.002746,514.0,9.9,6.40749375e-07
0.0,0.0,0.0,1.0,0.0,0.0,0.0,0.0,1.0,685230,7600595,1,0.956,0.987,0.489,0.595,0.5967,64690980.0,0.002746,514.0,9.9,0.2107339375
0.0,0.0,0.0,0.0,1.0,0.0,0.0,0.0,1.0,685230,7600595,1,0.956,0.987,0.489,0.595,0.5967,64690980.0,0.002746,514.0,9.9,0.475
0.0,1.0,0.0,0.0,0.0,0.0,1.0,0.0,0.0,685230,7600595,2,0.956,0.987,0.489,0.595,0.5967,64690980.0,0.002746,514.0,9.9,0.020029375
0.0,0.0,1.0,0.0,0.0,0.0,1.0,0.0,0.0,685230,7600595,2,0.956,0.987,0.489,0.595,0.5967,64690980.0,0.002746,514.0,9.9,1.4424348125e-05
0.0,0.0,0.0,1.0,0.0,0.0,1.0,0.0,0.0,685230,7600595,2,0.956,0.987,0.489,0.595,0.5967,64690980.0,0.002746,514.0,9.9,0.122304875
0.0,1.0,0.0,0.0,0.0,0.0,0.0,1.0,0.0,685230,7600595,2,0.956,0.987,0.489,0.595,0.5967,64690980.0,0.002746,514.0,9.9,0.557155
0.0,0.0,1.0,0.0,0.0,0.0,0.0,1.0,0.0,685230,7600595,2,0.956,0.987,0.489,0.595,0.5967,64690980.0,0.002746,514.0,9.9,5.487545
0.0,0.0,0.0,1.0,0.0,0.0,0.0,1.0,0.0,685230,7600595,2,0.956,0.987,0.489,0.595,0.5967,64690980.0,0.002746,514.0,9.9,2.24331125
0.0,0.0,0.0,0.0,1.0,0.0,0.0,1.0,0.0,685230,7600595,2,0.956,0.987,0.489,0.595,0.5967,64690980.0,0.002746,514.0,9.9,23.5125
0.0,1.0,0.0,0.0,0.0,0.0,0.0,0.0,1.0,685230,7600595,2,0.956,0.987,0.489,0.595,0.5967,64690980.0,0.002746,514.0,9.9,0.049894375
0.0,0.0,1.0,0.0,0.0,0.0,0.0,0.0,1.0,685230,7600595,2,0.956,0.987,0.489,0.595,0.5967,64690980.0,0.002746,514.0,9.9,0.0005127789375
0.0,0.0,0.0,1.0,0.0,0.0,0.0,0.0,1.0,685230,7600595,2,0.956,0.987,0.489,0.595,0.5967,64690980.0,0.002746,514.0,9.9,0.130733625
0.0,0.0,0.0,0.0,1.0,0.0,0.0,0.0,1.0,685230,7600595,2,0.956,0.987,0.489,0.595,0.5967,64690980.0,0.002746,514.0,9.9,0.475
0.0,1.0,0.0,0.0,0.0,0.0,1.0,0.0,0.0,685230,7600595,4,0.956,0.987,0.489,0.595,0.5967,64690980.0,0.002746,514.0,9.9,0.0118075
0.0,0.0,1.0,0.0,0.0,0.0,1.0,0.0,0.0,685230,7600595,4,0.956,0.987,0.489,0.595,0.5967,64690980.0,0.002746,514.0,9.9,1.9103294375e-05
0.0,0.0,0.0,1.0,0.0,0.0,1.0,0.0,0.0,685230,7600595,4,0.956,0.987,0.489,0.595,0.5967,64690980.0,0.002746,514.0,9.9,0.0764064375
0.0,1.0,0.0,0.0,0.0,0.0,0.0,1.0,0.0,685230,7600595,4,0.956,0.987,0.489,0.595,0.5967,64690980.0,0.002746,514.0,9.9,0.29252625
0.0,0.0,1.0,0.0,0.0,0.0,0.0,1.0,0.0,685230,7600595,4,0.956,0.987,0.489,0.595,0.5967,64690980.0,0.002746,514.0,9.9,3.582555625
0.0,0.0,0.0,1.0,0.0,0.0,0.0,1.0,0.0,685230,7600595,4,0.956,0.987,0.489,0.595,0.5967,64690980.0,0.002746,514.0,9.9,1.23606625
0.0,0.0,0.0,0.0,1.0,0.0,0.0,1.0,0.0,685230,7600595,4,0.956,0.987,0.489,0.595,0.5967,64690980.0,0.002746,514.0,9.9,23.50625
0.0,1.0,0.0,0.0,0.0,0.0,0.0,0.0,1.0,685230,7600595,4,0.956,0.987,0.489,0.595,0.5967,64690980.0,0.002746,514.0,9.9,0.04679875
0.0,0.0,1.0,0.0,0.0,0.0,0.0,0.0,1.0,685230,7600595,4,0.956,0.987,0.489,0.595,0.5967,64690980.0,0.002746,514.0,9.9,0.0005232840625
0.0,0.0,0.0,1.0,0.0,0.0,0.0,0.0,1.0,685230,7600595,4,0.956,0.987,0.489,0.595,0.5967,64690980.0,0.002746,514.0,9.9,0.0796415625
0.0,0.0,0.0,0.0,1.0,0.0,0.0,0.0,1.0,685230,7600595,4,0.956,0.987,0.489,0.595,0.5967,64690980.0,0.002746,514.0,9.9,0.4875
0.0,1.0,0.0,0.0,0.0,0.0,1.0,0.0,0.0,685230,7600595,8,0.956,0.987,0.489,0.595,0.5967,64690980.0,0.002746,514.0,9.9,0.008010625
0.0,0.0,1.0,0.0,0.0,0.0,1.0,0.0,0.0,685230,7600595,8,0.956,0.987,0.489,0.595,0.5967,64690980.0,0.002746,514.0,9.9,2.4497520625e-05
0.0,0.0,0.0,1.0,0.0,0.0,1.0,0.0,0.0,685230,7600595,8,0.956,0.987,0.489,0.595,0.5967,64690980.0,0.002746,514.0,9.9,0.0587545625
0.0,1.0,0.0,0.0,0.0,0.0,0.0,1.0,0.0,685230,7600595,8,0.956,0.987,0.489,0.595,0.5967,64690980.0,0.002746,514.0,9.9,0.159711875
0.0,0.0,1.0,0.0,0.0,0.0,0.0,1.0,0.0,685230,7600595,8,0.956,0.987,0.489,0.595,0.5967,64690980.0,0.002746,514.0,9.9,3.112103125
0.0,0.0,0.0,1.0,0.0,0.0,0.0,1.0,0.0,685230,7600595,8,0.956,0.987,0.489,0.595,0.5967,64690980.0,0.002746,514.0,9.9,0.69946425
0.0,0.0,0.0,0.0,1.0,0.0,0.0,1.0,0.0,685230,7600595,8,0.956,0.987,0.489,0.595,0.5967,64690980.0,0.002746,514.0,9.9,15.80625
0.0,1.0,0.0,0.0,0.0,0.0,0.0,0.0,1.0,685230,7600595,8,0.956,0.987,0.489,0.595,0.5967,64690980.0,0.002746,514.0,9.9,0.062801875
0.0,0.0,1.0,0.0,0.0,0.0,0.0,0.0,1.0,685230,7600595,8,0.956,0.987,0.489,0.595,0.5967,64690980.0,0.002746,514.0,9.9,0.0005430583125
0.0,0.0,0.0,1.0,0.0,0.0,0.0,0.0,1.0,685230,7600595,8,0.956,0.987,0.489,0.595,0.5967,64690980.0,0.002746,514.0,9.9,0.061261375
0.0,0.0,0.0,0.0,1.0,0.0,0.0,0.0,1.0,685230,7600595,8,0.956,0.987,0.489,0.595,0.5967,64690980.0,0.002746,514.0,9.9,0.38125
0.0,1.0,0.0,0.0,0.0,0.0,1.0,0.0,0.0,685230,7600595,16,0.956,0.987,0.489,0.595,0.5967,64690980.0,0.002746,514.0,9.9,0.007366875
0.0,0.0,1.0,0.0,0.0,0.0,1.0,0.0,0.0,685230,7600595,16,0.956,0.987,0.489,0.595,0.5967,64690980.0,0.002746,514.0,9.9,3.501775625e-05
0.0,0.0,0.0,1.0,0.0,0.0,1.0,0.0,0.0,685230,7600595,16,0.956,0.987,0.489,0.595,0.5967,64690980.0,0.002746,514.0,9.9,0.0480485
0.0,1.0,0.0,0.0,0.0,0.0,0.0,1.0,0.0,685230,7600595,16,0.956,0.987,0.489,0.595,0.5967,64690980.0,0.002746,514.0,9.9,0.08843625
0.0,0.0,1.0,0.0,0.0,0.0,0.0,1.0,0.0,685230,7600595,16,0.956,0.987,0.489,0.595,0.5967,64690980.0,0.002746,514.0,9.9,2.59440875
0.0,0.0,0.0,1.0,0.0,0.0,0.0,1.0,0.0,685230,7600595,16,0.956,0.987,0.489,0.595,0.5967,64690980.0,0.002746,514.0,9.9,0.454592875
0.0,0.0,0.0,0.0,1.0,0.0,0.0,1.0,0.0,685230,7600595,16,0.956,0.987,0.489,0.595,0.5967,64690980.0,0.002746,514.0,9.9,13.2
0.0,1.0,0.0,0.0,0.0,0.0,0.0,0.0,1.0,685230,7600595,16,0.956,0.987,0.489,0.595,0.5967,64690980.0,0.002746,514.0,9.9,0.1016075
0.0,0.0,1.0,0.0,0.0,0.0,0.0,0.0,1.0,685230,7600595,16,0.956,0.987,0.489,0.595,0.5967,64690980.0,0.002746,514.0,9.9,0.000549734
0.0,0.0,0.0,1.0,0.0,0.0,0.0,0.0,1.0,685230,7600595,16,0.956,0.987,0.489,0.595,0.5967,64690980.0,0.002746,514.0,9.9,0.0481425625
0.0,0.0,0.0,0.0,1.0,0.0,0.0,0.0,1.0,685230,7600595,16,0.956,0.987,0.489,0.595,0.5967,64690980.0,0.002746,514.0,9.9,0.4375
0.0,1.0,0.0,0.0,0.0,0.0,1.0,0.0,0.0,685230,7600595,24,0.956,0.987,0.489,0.595,0.5967,64690980.0,0.002746,514.0,9.9,0.00800125
0.0,0.0,1.0,0.0,0.0,0.0,1.0,0.0,0.0,685230,7600595,24,0.956,0.987,0.489,0.595,0.5967,64690980.0,0.002746,514.0,9.9,4.641710625e-05
0.0,0.0,0.0,1.0,0.0,0.0,1.0,0.0,0.0,685230,7600595,24,0.956,0.987,0.489,0.595,0.5967,64690980.0,0.002746,514.0,9.9,0.04407025
0.0,1.0,0.0,0.0,0.0,0.0,0.0,1.0,0.0,685230,7600595,24,0.956,0.987,0.489,0.595,0.5967,64690980.0,0.002746,514.0,9.9,0.073825
0.0,0.0,1.0,0.0,0.0,0.0,0.0,1.0,0.0,685230,7600595,24,0.956,0.987,0.489,0.595,0.5967,64690980.0,0.002746,514.0,9.9,2.612239375
0.0,0.0,0.0,1.0,0.0,0.0,0.0,1.0,0.0,685230,7600595,24,0.956,0.987,0.489,0.595,0.5967,64690980.0,0.002746,514.0,9.9,0.373336375
0.0,0.0,0.0,0.0,1.0,0.0,0.0,1.0,0.0,685230,7600595,24,0.956,0.987,0.489,0.595,0.5967,64690980.0,0.002746,514.0,9.9,12.8625
0.0,1.0,0.0,0.0,0.0,0.0,0.0,0.0,1.0,685230,7600595,24,0.956,0.987,0.489,0.595,0.5967,64690980.0,0.002746,514.0,9.9,0.140941875
0.0,0.0,1.0,0.0,0.0,0.0,0.0,0.0,1.0,685230,7600595,24,0.956,0.987,0.489,0.595,0.5967,64690980.0,0.002746,514.0,9.9,0.000566989125
0.0,0.0,0.0,1.0,0.0,0.0,0.0,0.0,1.0,685230,7600595,24,0.956,0.987,0.489,0.595,0.5967,64690980.0,0.002746,514.0,9.9,0.0445143125
0.0,0.0,0.0,0.0,1.0,0.0,0.0,0.0,1.0,685230,7600595,24,0.956,0.987,0.489,0.595,0.5967,64690980.0,0.002746,514.0,9.9,0.50625
0.0,1.0,0.0,0.0,0.0,0.0,1.0,0.0,0.0,685230,7600595,32,0.956,0.987,0.489,0.595,0.5967,64690980.0,0.002746,514.0,9.9,0.020565
0.0,0.0,1.0,0.0,0.0,0.0,1.0,0.0,0.0,685230,7600595,32,0.956,0.987,0.489,0.595,0.5967,64690980.0,0.002746,514.0,9.9,0.00025008625
0.0,0.0,0.0,1.0,0.0,0.0,1.0,0.0,0.0,685230,7600595,32,0.956,0.987,0.489,0.595,0.5967,64690980.0,0.002746,514.0,9.9,0.0534410625
0.0,1.0,0.0,0.0,0.0,0.0,0.0,1.0,0.0,685230,7600595,32,0.956,0.987,0.489,0.595,0.5967,64690980.0,0.002746,514.0,9.9,0.077234375
0.0,0.0,1.0,0.0,0.0,0.0,0.0,1.0,0.0,685230,7600595,32,0.956,0.987,0.489,0.595,0.5967,64690980.0,0.002746,514.0,9.9,2.488183125
0.0,0.0,0.0,1.0,0.0,0.0,0.0,1.0,0.0,685230,7600595,32,0.956,0.987,0.489,0.595,0.5967,64690980.0,0.002746,514.0,9.9,0.5152743125
0.0,0.0,0.0,0.0,1.0,0.0,0.0,1.0,0.0,685230,7600595,32,0.956,0.987,0.489,0.595,0.5967,64690980.0,0.002746,514.0,9.9,14.25625
0.0,1.0,0.0,0.0,0.0,0.0,0.0,0.0,1.0,685230,7600595,32,0.956,0.987,0.489,0.595,0.5967,64690980.0,0.002746,514.0,9.9,0.552584375
0.0,0.0,1.0,0.0,0.0,0.0,0.0,0.0,1.0,685230,7600595,32,0.956,0.987,0.489,0.595,0.5967,64690980.0,0.002746,514.0,9.9,0.000775515875
0.0,0.0,0.0,1.0,0.0,0.0,0.0,0.0,1.0,685230,7600595,32,0.956,0.987,0.489,0.595,0.5967,64690980.0,0.002746,514.0,9.9,0.056836625
0.0,0.0,0.0,0.0,1.0,0.0,0.0,0.0,1.0,685230,7600595,32,0.956,0.987,0.489,0.595,0.5967,64690980.0,0.002746,514.0,9.9,0.55
0.0,1.0,0.0,0.0,0.0,0.0,1.0,0.0,0.0,685230,7600595,40,0.956,0.987,0.489,0.595,0.5967,64690980.0,0.002746,514.0,9.9,0.02428625
0.0,0.0,1.0,0.0,0.0,0.0,1.0,0.0,0.0,685230,7600595,40,0.956,0.987,0.489,0.595,0.5967,64690980.0,0.002746,514.0,9.9,0.0003204046875
0.0,0.0,0.0,1.0,0.0,0.0,1.0,0.0,0.0,685230,7600595,40,0.956,0.987,0.489,0.595,0.5967,64690980.0,0.002746,514.0,9.9,0.082189375
0.0,1.0,0.0,0.0,0.0,0.0,0.0,1.0,0.0,685230,7600595,40,0.956,0.987,0.489,0.595,0.5967,64690980.0,0.002746,514.0,9.9,0.076079375
0.0,0.0,1.0,0.0,0.0,0.0,0.0,1.0,0.0,685230,7600595,40,0.956,0.987,0.489,0.595,0.5967,64690980.0,0.002746,514.0,9.9,2.39942875
0.0,0.0,0.0,1.0,0.0,0.0,0.0,1.0,0.0,685230,7600595,40,0.956,0.987,0.489,0.595,0.5967,64690980.0,0.002746,514.0,9.9,0.6783010625
0.0,0.0,0.0,0.0,1.0,0.0,0.0,1.0,0.0,685230,7600595,40,0.956,0.987,0.489,0.595,0.5967,64690980.0,0.002746,514.0,9.9,17.8125
0.0,1.0,0.0,0.0,0.0,0.0,0.0,0.0,1.0,685230,7600595,40,0.956,0.987,0.489,0.595,0.5967,64690980.0,0.002746,514.0,9.9,0.717016875
0.0,0.0,1.0,0.0,0.0,0.0,0.0,0.0,1.0,685230,7600595,40,0.956,0.987,0.489,0.595,0.5967,64690980.0,0.002746,514.0,9.9,0.0009067804375
0.0,0.0,0.0,1.0,0.0,0.0,0.0,0.0,1.0,685230,7600595,40,0.956,0.987,0.489,0.595,0.5967,64690980.0,0.002746,514.0,9.9,0.0714405625
0.0,0.0,0.0,0.0,1.0,0.0,0.0,0.0,1.0,685230,7600595,40,0.956,0.987,0.489,0.595,0.5967,64690980.0,0.002746,514.0,9.9,0.65
0.0,1.0,0.0,0.0,0.0,0.0,1.0,0.0,0.0,685230,7600595,48,0.956,0.987,0.489,0.595,0.5967,64690980.0,0.002746,514.0,9.9,0.027806875
0.0,0.0,1.0,0.0,0.0,0.0,1.0,0.0,0.0,685230,7600595,48,0.956,0.987,0.489,0.595,0.5967,64690980.0,0.002746,514.0,9.9,0.000375047125
0.0,0.0,0.0,1.0,0.0,0.0,1.0,0.0,0.0,685230,7600595,48,0.956,0.987,0.489,0.595,0.5967,64690980.0,0.002746,514.0,9.9,0.0784488125
0.0,1.0,0.0,0.0,0.0,0.0,0.0,1.0,0.0,685230,7600595,48,0.956,0.987,0.489,0.595,0.5967,64690980.0,0.002746,514.0,9.9,0.0767525
0.0,0.0,1.0,0.0,0.0,0.0,0.0,1.0,0.0,685230,7600595,48,0.956,0.987,0.489,0.595,0.5967,64690980.0,0.002746,514.0,9.9,2.29845
0.0,0.0,0.0,1.0,0.0,0.0,0.0,1.0,0.0,685230,7600595,48,0.956,0.987,0.489,0.595,0.5967,64690980.0,0.002746,514.0,9.9,0.783903125
0.0,0.0,0.0,0.0,1.0,0.0,0.0,1.0,0.0,685230,7600595,48,0.956,0.987,0.489,0.595,0.5967,64690980.0,0.002746,514.0,9.9,21.04375
0.0,1.0,0.0,0.0,0.0,0.0,0.0,0.0,1.0,685230,7600595,48,0.956,0.987,0.489,0.595,0.5967,64690980.0,0.002746,514.0,9.9,0.8743575
0.0,0.0,1.0,0.0,0.0,0.0,0.0,0.0,1.0,685230,7600595,48,0.956,0.987,0.489,0.595,0.5967,64690980.0,0.002746,514.0,9.9,0.0009741630625
0.0,0.0,0.0,1.0,0.0,0.0,0.0,0.0,1.0,685230,7600595,48,0.956,0.987,0.489,0.595,0.5967,64690980.0,0.002746,514.0,9.9,0.1295865
0.0,0.0,0.0,0.0,1.0,0.0,0.0,0.0,1.0,685230,7600595,48,0.956,0.987,0.489,0.595,0.5967,64690980.0,0.002746,514.0,9.9,0.7375
0.0,1.0,0.0,0.0,0.0,0.0,1.0,0.0,0.0,685230,7600595,56,0.956,0.987,0.489,0.595,0.5967,64690980.0,0.002746,514.0,9.9,0.03290375
0.0,0.0,1.0,0.0,0.0,0.0,1.0,0.0,0.0,685230,7600595,56,0.956,0.987,0.489,0.595,0.5967,64690980.0,0.002746,514.0,9.9,0.0004929008125
0.0,0.0,0.0,1.0,0.0,0.0,1.0,0.0,0.0,685230,7600595,56,0.956,0.987,0.489,0.595,0.5967,64690980.0,0.002746,514.0,9.9,0.1082695625
0.0,1.0,0.0,0.0,0.0,0.0,0.0,1.0,0.0,685230,7600595,56,0.956,0.987,0.489,0.595,0.5967,64690980.0,0.002746,514.0,9.9,0.07920375
0.0,0.0,1.0,0.0,0.0,0.0,0.0,1.0,0.0,685230,7600595,56,0.956,0.987,0.489,0.595,0.5967,64690980.0,0.002746,514.0,9.9,2.3380775
0.0,0.0,0.0,1.0,0.0,0.0,0.0,1.0,0.0,685230,7600595,56,0.956,0.987,0.489,0.595,0.5967,64690980.0,0.002746,514.0,9.9,0.983857875
0.0,0.0,0.0,0.0,1.0,0.0,0.0,1.0,0.0,685230,7600595,56,0.956,0.987,0.489,0.595,0.5967,64690980.0,0.002746,514.0,9.9,23.85
0.0,1.0,0.0,0.0,0.0,0.0,0.0,0.0,1.0,685230,7600595,56,0.956,0.987,0.489,0.595,0.5967,64690980.0,0.002746,514.0,9.9,1.08677875
0.0,0.0,1.0,0.0,0.0,0.0,0.0,0.0,1.0,685230,7600595,56,0.956,0.987,0.489,0.595,0.5967,64690980.0,0.002746,514.0,9.9,0.0009135604375
0.0,0.0,0.0,1.0,0.0,0.0,0.0,0.0,1.0,685230,7600595,56,0.956,0.987,0.489,0.595,0.5967,64690980.0,0.002746,514.0,9.9,0.1047931875
0.0,0.0,0.0,0.0,1.0,0.0,0.0,0.0,1.0,685230,7600595,56,0.956,0.987,0.489,0.595,0.5967,64690980.0,0.002746,514.0,9.9,0.83125
0.0,1.0,0.0,0.0,0.0,0.0,1.0,0.0,0.0,382219,33115812,1,NA,NA,NA,NA,NA,NA,NA,NA,NA,0.01459375
0.0,0.0,1.0,0.0,0.0,0.0,1.0,0.0,0.0,382219,33115812,1,NA,NA,NA,NA,NA,NA,NA,NA,NA,4.76837125e-07
0.0,0.0,0.0,1.0,0.0,0.0,1.0,0.0,0.0,382219,33115812,1,NA,NA,NA,NA,NA,NA,NA,NA,NA,0.120804875
0.0,1.0,0.0,0.0,0.0,0.0,0.0,1.0,0.0,382219,33115812,1,NA,NA,NA,NA,NA,NA,NA,NA,NA,2.454835625
0.0,0.0,1.0,0.0,0.0,0.0,0.0,1.0,0.0,382219,33115812,1,NA,NA,NA,NA,NA,NA,NA,NA,NA,17.66945
0.0,0.0,0.0,1.0,0.0,0.0,0.0,1.0,0.0,382219,33115812,1,NA,NA,NA,NA,NA,NA,NA,NA,NA,9.13671375
0.0,0.0,0.0,0.0,1.0,0.0,0.0,1.0,0.0,382219,33115812,1,NA,NA,NA,NA,NA,NA,NA,NA,NA,92.4
0.0,1.0,0.0,0.0,0.0,0.0,0.0,0.0,1.0,382219,33115812,1,NA,NA,NA,NA,NA,NA,NA,NA,NA,0.154046875
0.0,0.0,1.0,0.0,0.0,0.0,0.0,0.0,1.0,382219,33115812,1,NA,NA,NA,NA,NA,NA,NA,NA,NA,6.10947375e-07
0.0,0.0,0.0,1.0,0.0,0.0,0.0,0.0,1.0,382219,33115812,1,NA,NA,NA,NA,NA,NA,NA,NA,NA,0.11066875
0.0,0.0,0.0,0.0,1.0,0.0,0.0,0.0,1.0,382219,33115812,1,NA,NA,NA,NA,NA,NA,NA,NA,NA,1.34375
0.0,1.0,0.0,0.0,0.0,0.0,1.0,0.0,0.0,382219,33115812,2,NA,NA,NA,NA,NA,NA,NA,NA,NA,0.00990875
0.0,0.0,1.0,0.0,0.0,0.0,1.0,0.0,0.0,382219,33115812,2,NA,NA,NA,NA,NA,NA,NA,NA,NA,1.3694150625e-05
0.0,0.0,0.0,1.0,0.0,0.0,1.0,0.0,0.0,382219,33115812,2,NA,NA,NA,NA,NA,NA,NA,NA,NA,0.066205
0.0,1.0,0.0,0.0,0.0,0.0,0.0,1.0,0.0,382219,33115812,2,NA,NA,NA,NA,NA,NA,NA,NA,NA,1.579988125
0.0,0.0,1.0,0.0,0.0,0.0,0.0,1.0,0.0,382219,33115812,2,NA,NA,NA,NA,NA,NA,NA,NA,NA,13.71026875
0.0,0.0,0.0,1.0,0.0,0.0,0.0,1.0,0.0,382219,33115812,2,NA,NA,NA,NA,NA,NA,NA,NA,NA,4.8144275
0.0,0.0,0.0,0.0,1.0,0.0,0.0,1.0,0.0,382219,33115812,2,NA,NA,NA,NA,NA,NA,NA,NA,NA,93.9375
0.0,1.0,0.0,0.0,0.0,0.0,0.0,0.0,1.0,382219,33115812,2,NA,NA,NA,NA,NA,NA,NA,NA,NA,0.13420625
0.0,0.0,1.0,0.0,0.0,0.0,0.0,0.0,1.0,382219,33115812,2,NA,NA,NA,NA,NA,NA,NA,NA,NA,0.00200286625
0.0,0.0,0.0,1.0,0.0,0.0,0.0,0.0,1.0,382219,33115812,2,NA,NA,NA,NA,NA,NA,NA,NA,NA,0.06771125
0.0,0.0,0.0,0.0,1.0,0.0,0.0,0.0,1.0,382219,33115812,2,NA,NA,NA,NA,NA,NA,NA,NA,NA,1.35625
0.0,1.0,0.0,0.0,0.0,0.0,1.0,0.0,0.0,382219,33115812,4,NA,NA,NA,NA,NA,NA,NA,NA,NA,0.0059625
0.0,0.0,1.0,0.0,0.0,0.0,1.0,0.0,0.0,382219,33115812,4,NA,NA,NA,NA,NA,NA,NA,NA,NA,1.494589e-05
0.0,0.0,0.0,1.0,0.0,0.0,1.0,0.0,0.0,382219,33115812,4,NA,NA,NA,NA,NA,NA,NA,NA,NA,0.03511675
0.0,1.0,0.0,0.0,0.0,0.0,0.0,1.0,0.0,382219,33115812,4,NA,NA,NA,NA,NA,NA,NA,NA,NA,0.8263425
0.0,0.0,1.0,0.0,0.0,0.0,0.0,1.0,0.0,382219,33115812,4,NA,NA,NA,NA,NA,NA,NA,NA,NA,13.869065
0.0,0.0,0.0,1.0,0.0,0.0,0.0,1.0,0.0,382219,33115812,4,NA,NA,NA,NA,NA,NA,NA,NA,NA,2.27350375
0.0,0.0,0.0,0.0,1.0,0.0,0.0,1.0,0.0,382219,33115812,4,NA,NA,NA,NA,NA,NA,NA,NA,NA,88.16875
0.0,1.0,0.0,0.0,0.0,0.0,0.0,0.0,1.0,382219,33115812,4,NA,NA,NA,NA,NA,NA,NA,NA,NA,0.0754475
0.0,0.0,1.0,0.0,0.0,0.0,0.0,0.0,1.0,382219,33115812,4,NA,NA,NA,NA,NA,NA,NA,NA,NA,0.002026811875
0.0,0.0,0.0,1.0,0.0,0.0,0.0,0.0,1.0,382219,33115812,4,NA,NA,NA,NA,NA,NA,NA,NA,NA,0.042979
0.0,0.0,0.0,0.0,1.0,0.0,0.0,0.0,1.0,382219,33115812,4,NA,NA,NA,NA,NA,NA,NA,NA,NA,1.35625
0.0,1.0,0.0,0.0,0.0,0.0,1.0,0.0,0.0,382219,33115812,8,NA,NA,NA,NA,NA,NA,NA,NA,NA,0.00398875
0.0,0.0,1.0,0.0,0.0,0.0,1.0,0.0,0.0,382219,33115812,8,NA,NA,NA,NA,NA,NA,NA,NA,NA,2.37077425e-05
0.0,0.0,0.0,1.0,0.0,0.0,1.0,0.0,0.0,382219,33115812,8,NA,NA,NA,NA,NA,NA,NA,NA,NA,0.0299999375
0.0,1.0,0.0,0.0,0.0,0.0,0.0,1.0,0.0,382219,33115812,8,NA,NA,NA,NA,NA,NA,NA,NA,NA,0.447766875
0.0,0.0,1.0,0.0,0.0,0.0,0.0,1.0,0.0,382219,33115812,8,NA,NA,NA,NA,NA,NA,NA,NA,NA,13.094733125
0.0,0.0,0.0,1.0,0.0,0.0,0.0,1.0,0.0,382219,33115812,8,NA,NA,NA,NA,NA,NA,NA,NA,NA,1.402176875
0.0,0.0,0.0,0.0,1.0,0.0,0.0,1.0,0.0,382219,33115812,8,NA,NA,NA,NA,NA,NA,NA,NA,NA,43.625
0.0,1.0,0.0,0.0,0.0,0.0,0.0,0.0,1.0,382219,33115812,8,NA,NA,NA,NA,NA,NA,NA,NA,NA,0.043785
0.0,0.0,1.0,0.0,0.0,0.0,0.0,0.0,1.0,382219,33115812,8,NA,NA,NA,NA,NA,NA,NA,NA,NA,0.002117006875
0.0,0.0,0.0,1.0,0.0,0.0,0.0,0.0,1.0,382219,33115812,8,NA,NA,NA,NA,NA,NA,NA,NA,NA,0.0441889375
0.0,0.0,0.0,0.0,1.0,0.0,0.0,0.0,1.0,382219,33115812,8,NA,NA,NA,NA,NA,NA,NA,NA,NA,0.54374975
0.0,1.0,0.0,0.0,0.0,0.0,1.0,0.0,0.0,382219,33115812,16,NA,NA,NA,NA,NA,NA,NA,NA,NA,0.003475
0.0,0.0,1.0,0.0,0.0,0.0,1.0,0.0,0.0,382219,33115812,16,NA,NA,NA,NA,NA,NA,NA,NA,NA,3.935395e-05
0.0,0.0,0.0,1.0,0.0,0.0,1.0,0.0,0.0,382219,33115812,16,NA,NA,NA,NA,NA,NA,NA,NA,NA,0.01544525
0.0,1.0,0.0,0.0,0.0,0.0,0.0,1.0,0.0,382219,33115812,16,NA,NA,NA,NA,NA,NA,NA,NA,NA,0.259543125
0.0,0.0,1.0,0.0,0.0,0.0,0.0,1.0,0.0,382219,33115812,16,NA,NA,NA,NA,NA,NA,NA,NA,NA,11.6353
0.0,0.0,0.0,1.0,0.0,0.0,0.0,1.0,0.0,382219,33115812,16,NA,NA,NA,NA,NA,NA,NA,NA,NA,0.8402450625
0.0,0.0,0.0,0.0,1.0,0.0,0.0,1.0,0.0,382219,33115812,16,NA,NA,NA,NA,NA,NA,NA,NA,NA,22.85625
0.0,1.0,0.0,0.0,0.0,0.0,0.0,0.0,1.0,382219,33115812,16,NA,NA,NA,NA,NA,NA,NA,NA,NA,0.032769375
0.0,0.0,1.0,0.0,0.0,0.0,0.0,0.0,1.0,382219,33115812,16,NA,NA,NA,NA,NA,NA,NA,NA,NA,0.002243475
0.0,0.0,0.0,1.0,0.0,0.0,0.0,0.0,1.0,382219,33115812,16,NA,NA,NA,NA,NA,NA,NA,NA,NA,0.0195649375
0.0,0.0,0.0,0.0,1.0,0.0,0.0,0.0,1.0,382219,33115812,16,NA,NA,NA,NA,NA,NA,NA,NA,NA,0.2875000625
0.0,1.0,0.0,0.0,0.0,0.0,1.0,0.0,0.0,382219,33115812,24,NA,NA,NA,NA,NA,NA,NA,NA,NA,0.003495625
0.0,0.0,1.0,0.0,0.0,0.0,1.0,0.0,0.0,382219,33115812,24,NA,NA,NA,NA,NA,NA,NA,NA,NA,5.409125e-05
0.0,0.0,0.0,1.0,0.0,0.0,1.0,0.0,0.0,382219,33115812,24,NA,NA,NA,NA,NA,NA,NA,NA,NA,0.0133730625
0.0,1.0,0.0,0.0,0.0,0.0,0.0,1.0,0.0,382219,33115812,24,NA,NA,NA,NA,NA,NA,NA,NA,NA,0.206399375
0.0,0.0,1.0,0.0,0.0,0.0,0.0,1.0,0.0,382219,33115812,24,NA,NA,NA,NA,NA,NA,NA,NA,NA,10.931245
0.0,0.0,0.0,1.0,0.0,0.0,0.0,1.0,0.0,382219,33115812,24,NA,NA,NA,NA,NA,NA,NA,NA,NA,0.6364935625
0.0,0.0,0.0,0.0,1.0,0.0,0.0,1.0,0.0,382219,33115812,24,NA,NA,NA,NA,NA,NA,NA,NA,NA,16.78125
0.0,1.0,0.0,0.0,0.0,0.0,0.0,0.0,1.0,382219,33115812,24,NA,NA,NA,NA,NA,NA,NA,NA,NA,0.030556875
0.0,0.0,1.0,0.0,0.0,0.0,0.0,0.0,1.0,382219,33115812,24,NA,NA,NA,NA,NA,NA,NA,NA,NA,0.002295733125
0.0,0.0,0.0,1.0,0.0,0.0,0.0,0.0,1.0,382219,33115812,24,NA,NA,NA,NA,NA,NA,NA,NA,NA,0.0165055
0.0,0.0,0.0,0.0,1.0,0.0,0.0,0.0,1.0,382219,33115812,24,NA,NA,NA,NA,NA,NA,NA,NA,NA,0.1999999
0.0,1.0,0.0,0.0,0.0,0.0,1.0,0.0,0.0,382219,33115812,32,NA,NA,NA,NA,NA,NA,NA,NA,NA,0.0044475
0.0,0.0,1.0,0.0,0.0,0.0,1.0,0.0,0.0,382219,33115812,32,NA,NA,NA,NA,NA,NA,NA,NA,NA,0.0002447815
0.0,0.0,0.0,1.0,0.0,0.0,1.0,0.0,0.0,382219,33115812,32,NA,NA,NA,NA,NA,NA,NA,NA,NA,0.0425820625
0.0,1.0,0.0,0.0,0.0,0.0,0.0,1.0,0.0,382219,33115812,32,NA,NA,NA,NA,NA,NA,NA,NA,NA,0.209580625
0.0,0.0,1.0,0.0,0.0,0.0,0.0,1.0,0.0,382219,33115812,32,NA,NA,NA,NA,NA,NA,NA,NA,NA,10.681266875
0.0,0.0,0.0,1.0,0.0,0.0,0.0,1.0,0.0,382219,33115812,32,NA,NA,NA,NA,NA,NA,NA,NA,NA,1.18729125
0.0,0.0,0.0,0.0,1.0,0.0,0.0,1.0,0.0,382219,33115812,32,NA,NA,NA,NA,NA,NA,NA,NA,NA,17.34375
0.0,1.0,0.0,0.0,0.0,0.0,0.0,0.0,1.0,382219,33115812,32,NA,NA,NA,NA,NA,NA,NA,NA,NA,0.075404375
0.0,0.0,1.0,0.0,0.0,0.0,0.0,0.0,1.0,382219,33115812,32,NA,NA,NA,NA,NA,NA,NA,NA,NA,0.002659648125
0.0,0.0,0.0,1.0,0.0,0.0,0.0,0.0,1.0,382219,33115812,32,NA,NA,NA,NA,NA,NA,NA,NA,NA,0.024409
0.0,0.0,0.0,0.0,1.0,0.0,0.0,0.0,1.0,382219,33115812,32,NA,NA,NA,NA,NA,NA,NA,NA,NA,0.2
0.0,1.0,0.0,0.0,0.0,0.0,1.0,0.0,0.0,382219,33115812,40,NA,NA,NA,NA,NA,NA,NA,NA,NA,0.004894375
0.0,0.0,1.0,0.0,0.0,0.0,1.0,0.0,0.0,382219,33115812,40,NA,NA,NA,NA,NA,NA,NA,NA,NA,0.000298410625
0.0,0.0,0.0,1.0,0.0,0.0,1.0,0.0,0.0,382219,33115812,40,NA,NA,NA,NA,NA,NA,NA,NA,NA,0.06125775
0.0,1.0,0.0,0.0,0.0,0.0,0.0,1.0,0.0,382219,33115812,40,NA,NA,NA,NA,NA,NA,NA,NA,NA,0.20613375
0.0,0.0,1.0,0.0,0.0,0.0,0.0,1.0,0.0,382219,33115812,40,NA,NA,NA,NA,NA,NA,NA,NA,NA,10.622685625
0.0,0.0,0.0,1.0,0.0,0.0,0.0,1.0,0.0,382219,33115812,40,NA,NA,NA,NA,NA,NA,NA,NA,NA,1.54874875
0.0,0.0,0.0,0.0,1.0,0.0,0.0,1.0,0.0,382219,33115812,40,NA,NA,NA,NA,NA,NA,NA,NA,NA,24.71875
0.0,1.0,0.0,0.0,0.0,0.0,0.0,0.0,1.0,382219,33115812,40,NA,NA,NA,NA,NA,NA,NA,NA,NA,0.091219375
0.0,0.0,1.0,0.0,0.0,0.0,0.0,0.0,1.0,382219,33115812,40,NA,NA,NA,NA,NA,NA,NA,NA,NA,0.002514540625
0.0,0.0,0.0,1.0,0.0,0.0,0.0,0.0,1.0,382219,33115812,40,NA,NA,NA,NA,NA,NA,NA,NA,NA,0.0584116875
0.0,0.0,0.0,0.0,1.0,0.0,0.0,0.0,1.0,382219,33115812,40,NA,NA,NA,NA,NA,NA,NA,NA,NA,0.2062499625
0.0,1.0,0.0,0.0,0.0,0.0,1.0,0.0,0.0,382219,33115812,48,NA,NA,NA,NA,NA,NA,NA,NA,NA,0.00528375
0.0,0.0,1.0,0.0,0.0,0.0,1.0,0.0,0.0,382219,33115812,48,NA,NA,NA,NA,NA,NA,NA,NA,NA,0.0003544686875
0.0,0.0,0.0,1.0,0.0,0.0,1.0,0.0,0.0,382219,33115812,48,NA,NA,NA,NA,NA,NA,NA,NA,NA,0.0804813125
0.0,1.0,0.0,0.0,0.0,0.0,0.0,1.0,0.0,382219,33115812,48,NA,NA,NA,NA,NA,NA,NA,NA,NA,0.2145575
0.0,0.0,1.0,0.0,0.0,0.0,0.0,1.0,0.0,382219,33115812,48,NA,NA,NA,NA,NA,NA,NA,NA,NA,10.60313875
0.0,0.0,0.0,1.0,0.0,0.0,0.0,1.0,0.0,382219,33115812,48,NA,NA,NA,NA,NA,NA,NA,NA,NA,1.78203
0.0,0.0,0.0,0.0,1.0,0.0,0.0,1.0,0.0,382219,33115812,48,NA,NA,NA,NA,NA,NA,NA,NA,NA,28.85
0.0,1.0,0.0,0.0,0.0,0.0,0.0,0.0,1.0,382219,33115812,48,NA,NA,NA,NA,NA,NA,NA,NA,NA,0.104935625
0.0,0.0,1.0,0.0,0.0,0.0,0.0,0.0,1.0,382219,33115812,48,NA,NA,NA,NA,NA,NA,NA,NA,NA,0.002664461875
0.0,0.0,0.0,1.0,0.0,0.0,0.0,0.0,1.0,382219,33115812,48,NA,NA,NA,NA,NA,NA,NA,NA,NA,0.0778375625
0.0,0.0,0.0,0.0,1.0,0.0,0.0,0.0,1.0,382219,33115812,48,NA,NA,NA,NA,NA,NA,NA,NA,NA,0.2250000625
0.0,1.0,0.0,0.0,0.0,0.0,1.0,0.0,0.0,382219,33115812,56,NA,NA,NA,NA,NA,NA,NA,NA,NA,0.00575375
0.0,0.0,1.0,0.0,0.0,0.0,1.0,0.0,0.0,382219,33115812,56,NA,NA,NA,NA,NA,NA,NA,NA,NA,0.000433012875
0.0,0.0,0.0,1.0,0.0,0.0,1.0,0.0,0.0,382219,33115812,56,NA,NA,NA,NA,NA,NA,NA,NA,NA,0.110477375
0.0,1.0,0.0,0.0,0.0,0.0,0.0,1.0,0.0,382219,33115812,56,NA,NA,NA,NA,NA,NA,NA,NA,NA,0.21118625
0.0,0.0,1.0,0.0,0.0,0.0,0.0,1.0,0.0,382219,33115812,56,NA,NA,NA,NA,NA,NA,NA,NA,NA,10.53055875
0.0,0.0,0.0,1.0,0.0,0.0,0.0,1.0,0.0,382219,33115812,56,NA,NA,NA,NA,NA,NA,NA,NA,NA,2.4148425
0.0,0.0,0.0,0.0,1.0,0.0,0.0,1.0,0.0,382219,33115812,56,NA,NA,NA,NA,NA,NA,NA,NA,NA,31.95
0.0,1.0,0.0,0.0,0.0,0.0,0.0,0.0,1.0,382219,33115812,56,NA,NA,NA,NA,NA,NA,NA,NA,NA,0.121233125
0.0,0.0,1.0,0.0,0.0,0.0,0.0,0.0,1.0,382219,33115812,56,NA,NA,NA,NA,NA,NA,NA,NA,NA,0.002777279375
0.0,0.0,0.0,1.0,0.0,0.0,0.0,0.0,1.0,382219,33115812,56,NA,NA,NA,NA,NA,NA,NA,NA,NA,0.1037280625
0.0,0.0,0.0,0.0,1.0,0.0,0.0,0.0,1.0,382219,33115812,56,NA,NA,NA,NA,NA,NA,NA,NA,NA,0.2437498125
0.0,0.0,1.0,0.0,0.0,0.0,1.0,0.0,0.0,23132,511764,1,NA,NA,NA,NA,NA,NA,NA,NA,NA,0.0390496924647
0.0,0.0,0.0,1.0,0.0,0.0,1.0,0.0,0.0,23132,511764,1,NA,NA,NA,NA,NA,NA,NA,NA,NA,0.0026629375
0.0,0.0,1.0,0.0,0.0,0.0,0.0,1.0,0.0,23132,511764,1,NA,NA,NA,NA,NA,NA,NA,NA,NA,0.318755141304
0.0,0.0,0.0,1.0,0.0,0.0,0.0,1.0,0.0,23132,511764,1,NA,NA,NA,NA,NA,NA,NA,NA,NA,0.188750875
0.0,0.0,0.0,0.0,1.0,0.0,0.0,1.0,0.0,23132,511764,1,NA,NA,NA,NA,NA,NA,NA,NA,NA,1.5
0.0,1.0,0.0,0.0,0.0,0.0,0.0,0.0,1.0,23132,511764,1,NA,NA,NA,NA,NA,NA,NA,NA,NA,0.002491875
0.0,0.0,1.0,0.0,0.0,0.0,0.0,0.0,1.0,23132,511764,1,NA,NA,NA,NA,NA,NA,NA,NA,NA,0.0327196970192
0.0,0.0,0.0,1.0,0.0,0.0,0.0,0.0,1.0,23132,511764,1,NA,NA,NA,NA,NA,NA,NA,NA,NA,0.00336225
0.0,0.0,0.0,0.0,1.0,0.0,0.0,0.0,1.0,23132,511764,1,NA,NA,NA,NA,NA,NA,NA,NA,NA,0.1
0.0,0.0,1.0,0.0,0.0,0.0,1.0,0.0,0.0,23132,511764,2,NA,NA,NA,NA,NA,NA,NA,NA,NA,1.3187533125e-05
0.0,0.0,0.0,1.0,0.0,0.0,1.0,0.0,0.0,23132,511764,2,NA,NA,NA,NA,NA,NA,NA,NA,NA,0.0022686875
0.0,0.0,1.0,0.0,0.0,0.0,0.0,1.0,0.0,23132,511764,2,NA,NA,NA,NA,NA,NA,NA,NA,NA,0.1242764375
0.0,0.0,0.0,1.0,0.0,0.0,0.0,1.0,0.0,23132,511764,2,NA,NA,NA,NA,NA,NA,NA,NA,NA,0.1331735
0.0,0.0,0.0,0.0,1.0,0.0,0.0,1.0,0.0,23132,511764,2,NA,NA,NA,NA,NA,NA,NA,NA,NA,1.5
0.0,1.0,0.0,0.0,0.0,0.0,0.0,0.0,1.0,23132,511764,2,NA,NA,NA,NA,NA,NA,NA,NA,NA,0.00550125
0.0,0.0,1.0,0.0,0.0,0.0,0.0,0.0,1.0,23132,511764,2,NA,NA,NA,NA,NA,NA,NA,NA,NA,3.458561875e-05
0.0,0.0,0.0,1.0,0.0,0.0,0.0,0.0,1.0,23132,511764,2,NA,NA,NA,NA,NA,NA,NA,NA,NA,0.003282375
0.0,0.0,0.0,0.0,1.0,0.0,0.0,0.0,1.0,23132,511764,2,NA,NA,NA,NA,NA,NA,NA,NA,NA,0.1
0.0,0.0,1.0,0.0,0.0,0.0,1.0,0.0,0.0,23132,511764,4,NA,NA,NA,NA,NA,NA,NA,NA,NA,1.7076745e-05
0.0,0.0,0.0,1.0,0.0,0.0,1.0,0.0,0.0,23132,511764,4,NA,NA,NA,NA,NA,NA,NA,NA,NA,0.0016745
0.0,0.0,1.0,0.0,0.0,0.0,0.0,1.0,0.0,23132,511764,4,NA,NA,NA,NA,NA,NA,NA,NA,NA,0.100855425
0.0,0.0,0.0,1.0,0.0,0.0,0.0,1.0,0.0,23132,511764,4,NA,NA,NA,NA,NA,NA,NA,NA,NA,0.10844525
0.0,0.0,0.0,0.0,1.0,0.0,0.0,1.0,0.0,23132,511764,4,NA,NA,NA,NA,NA,NA,NA,NA,NA,1.425
0.0,1.0,0.0,0.0,0.0,0.0,0.0,0.0,1.0,23132,511764,4,NA,NA,NA,NA,NA,NA,NA,NA,NA,0.00551875
0.0,0.0,1.0,0.0,0.0,0.0,0.0,0.0,1.0,23132,511764,4,NA,NA,NA,NA,NA,NA,NA,NA,NA,3.9115525e-05
0.0,0.0,0.0,1.0,0.0,0.0,0.0,0.0,1.0,23132,511764,4,NA,NA,NA,NA,NA,NA,NA,NA,NA,0.002274375
0.0,0.0,0.0,0.0,1.0,0.0,0.0,0.0,1.0,23132,511764,4,NA,NA,NA,NA,NA,NA,NA,NA,NA,0.1
0.0,0.0,1.0,0.0,0.0,0.0,1.0,0.0,0.0,23132,511764,8,NA,NA,NA,NA,NA,NA,NA,NA,NA,2.473594125e-05
0.0,0.0,0.0,1.0,0.0,0.0,1.0,0.0,0.0,23132,511764,8,NA,NA,NA,NA,NA,NA,NA,NA,NA,0.0013626875
0.0,0.0,1.0,0.0,0.0,0.0,0.0,1.0,0.0,23132,511764,8,NA,NA,NA,NA,NA,NA,NA,NA,NA,0.09031800625
0.0,0.0,0.0,1.0,0.0,0.0,0.0,1.0,0.0,23132,511764,8,NA,NA,NA,NA,NA,NA,NA,NA,NA,0.0794716875
0.0,0.0,0.0,0.0,1.0,0.0,0.0,1.0,0.0,23132,511764,8,NA,NA,NA,NA,NA,NA,NA,NA,NA,0.76875
0.0,1.0,0.0,0.0,0.0,0.0,0.0,0.0,1.0,23132,511764,8,NA,NA,NA,NA,NA,NA,NA,NA,NA,0.007355
0.0,0.0,1.0,0.0,0.0,0.0,0.0,0.0,1.0,23132,511764,8,NA,NA,NA,NA,NA,NA,NA,NA,NA,4.647671875e-05
0.0,0.0,0.0,1.0,0.0,0.0,0.0,0.0,1.0,23132,511764,8,NA,NA,NA,NA,NA,NA,NA,NA,NA,0.00150975
0.0,0.0,0.0,0.0,1.0,0.0,0.0,0.0,1.0,23132,511764,8,NA,NA,NA,NA,NA,NA,NA,NA,NA,0.00625
0.0,0.0,1.0,0.0,0.0,0.0,1.0,0.0,0.0,23132,511764,16,NA,NA,NA,NA,NA,NA,NA,NA,NA,3.796816875e-05
0.0,0.0,0.0,1.0,0.0,0.0,1.0,0.0,0.0,23132,511764,16,NA,NA,NA,NA,NA,NA,NA,NA,NA,0.001278875
0.0,0.0,1.0,0.0,0.0,0.0,0.0,1.0,0.0,23132,511764,16,NA,NA,NA,NA,NA,NA,NA,NA,NA,0.08625578125
0.0,0.0,0.0,1.0,0.0,0.0,0.0,1.0,0.0,23132,511764,16,NA,NA,NA,NA,NA,NA,NA,NA,NA,0.05726925
0.0,0.0,0.0,0.0,1.0,0.0,0.0,1.0,0.0,23132,511764,16,NA,NA,NA,NA,NA,NA,NA,NA,NA,0.475
0.0,1.0,0.0,0.0,0.0,0.0,0.0,0.0,1.0,23132,511764,16,NA,NA,NA,NA,NA,NA,NA,NA,NA,0.01125
0.0,0.0,1.0,0.0,0.0,0.0,0.0,0.0,1.0,23132,511764,16,NA,NA,NA,NA,NA,NA,NA,NA,NA,6.037949375e-05
0.0,0.0,0.0,1.0,0.0,0.0,0.0,0.0,1.0,23132,511764,16,NA,NA,NA,NA,NA,NA,NA,NA,NA,0.001010125
0.0,0.0,0.0,0.0,1.0,0.0,0.0,0.0,1.0,23132,511764,16,NA,NA,NA,NA,NA,NA,NA,NA,NA,0.00625
0.0,0.0,1.0,0.0,0.0,0.0,1.0,0.0,0.0,23132,511764,24,NA,NA,NA,NA,NA,NA,NA,NA,NA,5.00232125e-05
0.0,0.0,0.0,1.0,0.0,0.0,1.0,0.0,0.0,23132,511764,24,NA,NA,NA,NA,NA,NA,NA,NA,NA,0.0010106875
0.0,0.0,1.0,0.0,0.0,0.0,0.0,1.0,0.0,23132,511764,24,NA,NA,NA,NA,NA,NA,NA,NA,NA,0.08167990625
0.0,0.0,0.0,1.0,0.0,0.0,0.0,1.0,0.0,23132,511764,24,NA,NA,NA,NA,NA,NA,NA,NA,NA,0.0408221875
0.0,0.0,0.0,0.0,1.0,0.0,0.0,1.0,0.0,23132,511764,24,NA,NA,NA,NA,NA,NA,NA,NA,NA,0.43125
0.0,1.0,0.0,0.0,0.0,0.0,0.0,0.0,1.0,23132,511764,24,NA,NA,NA,NA,NA,NA,NA,NA,NA,0.0153475
0.0,0.0,1.0,0.0,0.0,0.0,0.0,0.0,1.0,23132,511764,24,NA,NA,NA,NA,NA,NA,NA,NA,NA,7.079538125e-05
0.0,0.0,0.0,1.0,0.0,0.0,0.0,0.0,1.0,23132,511764,24,NA,NA,NA,NA,NA,NA,NA,NA,NA,0.00092825
0.0,0.0,0.0,0.0,1.0,0.0,0.0,0.0,1.0,23132,511764,24,NA,NA,NA,NA,NA,NA,NA,NA,NA,0.0
0.0,0.0,1.0,0.0,0.0,0.0,1.0,0.0,0.0,23132,511764,32,NA,NA,NA,NA,NA,NA,NA,NA,NA,0.0002600550625
0.0,0.0,0.0,1.0,0.0,0.0,1.0,0.0,0.0,23132,511764,32,NA,NA,NA,NA,NA,NA,NA,NA,NA,0.0013235625
0.0,0.0,1.0,0.0,0.0,0.0,0.0,1.0,0.0,23132,511764,32,NA,NA,NA,NA,NA,NA,NA,NA,NA,0.08699828125
0.0,0.0,0.0,1.0,0.0,0.0,0.0,1.0,0.0,23132,511764,32,NA,NA,NA,NA,NA,NA,NA,NA,NA,0.0679905
0.0,0.0,0.0,0.0,1.0,0.0,0.0,1.0,0.0,23132,511764,32,NA,NA,NA,NA,NA,NA,NA,NA,NA,0.425
0.0,1.0,0.0,0.0,0.0,0.0,0.0,0.0,1.0,23132,511764,32,NA,NA,NA,NA,NA,NA,NA,NA,NA,0.053695
0.0,0.0,1.0,0.0,0.0,0.0,0.0,0.0,1.0,23132,511764,32,NA,NA,NA,NA,NA,NA,NA,NA,NA,0.0002738089375
0.0,0.0,0.0,1.0,0.0,0.0,0.0,0.0,1.0,23132,511764,32,NA,NA,NA,NA,NA,NA,NA,NA,NA,0.0011356875
0.0,0.0,0.0,0.0,1.0,0.0,0.0,0.0,1.0,23132,511764,32,NA,NA,NA,NA,NA,NA,NA,NA,NA,0.0125
0.0,0.0,1.0,0.0,0.0,0.0,1.0,0.0,0.0,23132,511764,40,NA,NA,NA,NA,NA,NA,NA,NA,NA,0.0003159644375
0.0,0.0,0.0,1.0,0.0,0.0,1.0,0.0,0.0,23132,511764,40,NA,NA,NA,NA,NA,NA,NA,NA,NA,0.0038563125
0.0,0.0,1.0,0.0,0.0,0.0,0.0,1.0,0.0,23132,511764,40,NA,NA,NA,NA,NA,NA,NA,NA,NA,0.0852211
0.0,0.0,0.0,1.0,0.0,0.0,0.0,1.0,0.0,23132,511764,40,NA,NA,NA,NA,NA,NA,NA,NA,NA,0.092373
0.0,0.0,0.0,0.0,1.0,0.0,0.0,1.0,0.0,23132,511764,40,NA,NA,NA,NA,NA,NA,NA,NA,NA,0.45625
0.0,1.0,0.0,0.0,0.0,0.0,0.0,0.0,1.0,23132,511764,40,NA,NA,NA,NA,NA,NA,NA,NA,NA,0.068993125
0.0,0.0,1.0,0.0,0.0,0.0,0.0,0.0,1.0,23132,511764,40,NA,NA,NA,NA,NA,NA,NA,NA,NA,0.00031211975
0.0,0.0,0.0,1.0,0.0,0.0,0.0,0.0,1.0,23132,511764,40,NA,NA,NA,NA,NA,NA,NA,NA,NA,0.00203775
0.0,0.0,0.0,0.0,1.0,0.0,0.0,0.0,1.0,23132,511764,40,NA,NA,NA,NA,NA,NA,NA,NA,NA,0.025
0.0,0.0,1.0,0.0,0.0,0.0,1.0,0.0,0.0,23132,511764,48,NA,NA,NA,NA,NA,NA,NA,NA,NA,0.000359564625
0.0,0.0,0.0,1.0,0.0,0.0,1.0,0.0,0.0,23132,511764,48,NA,NA,NA,NA,NA,NA,NA,NA,NA,0.0047905
0.0,0.0,1.0,0.0,0.0,0.0,0.0,1.0,0.0,23132,511764,48,NA,NA,NA,NA,NA,NA,NA,NA,NA,0.085948275
0.0,0.0,0.0,1.0,0.0,0.0,0.0,1.0,0.0,23132,511764,48,NA,NA,NA,NA,NA,NA,NA,NA,NA,0.17722
0.0,0.0,0.0,0.0,1.0,0.0,0.0,1.0,0.0,23132,511764,48,NA,NA,NA,NA,NA,NA,NA,NA,NA,0.49375
0.0,1.0,0.0,0.0,0.0,0.0,0.0,0.0,1.0,23132,511764,48,NA,NA,NA,NA,NA,NA,NA,NA,NA,0.087934375
0.0,0.0,1.0,0.0,0.0,0.0,0.0,0.0,1.0,23132,511764,48,NA,NA,NA,NA,NA,NA,NA,NA,NA,0.0004036274375
0.0,0.0,0.0,1.0,0.0,0.0,0.0,0.0,1.0,23132,511764,48,NA,NA,NA,NA,NA,NA,NA,NA,NA,0.0053975
0.0,0.0,0.0,0.0,1.0,0.0,0.0,0.0,1.0,23132,511764,48,NA,NA,NA,NA,NA,NA,NA,NA,NA,0.01875
0.0,0.0,1.0,0.0,0.0,0.0,1.0,0.0,0.0,23132,511764,56,NA,NA,NA,NA,NA,NA,NA,NA,NA,0.00044189425
0.0,0.0,0.0,1.0,0.0,0.0,1.0,0.0,0.0,23132,511764,56,NA,NA,NA,NA,NA,NA,NA,NA,NA,0.02320025
0.0,0.0,1.0,0.0,0.0,0.0,0.0,1.0,0.0,23132,511764,56,NA,NA,NA,NA,NA,NA,NA,NA,NA,0.0983348875
0.0,0.0,0.0,1.0,0.0,0.0,0.0,1.0,0.0,23132,511764,56,NA,NA,NA,NA,NA,NA,NA,NA,NA,0.1794491875
0.0,0.0,0.0,0.0,1.0,0.0,0.0,1.0,0.0,23132,511764,56,NA,NA,NA,NA,NA,NA,NA,NA,NA,0.50625
0.0,1.0,0.0,0.0,0.0,0.0,0.0,0.0,1.0,23132,511764,56,NA,NA,NA,NA,NA,NA,NA,NA,NA,0.101856875
0.0,0.0,1.0,0.0,0.0,0.0,0.0,0.0,1.0,23132,511764,56,NA,NA,NA,NA,NA,NA,NA,NA,NA,0.0004205855
0.0,0.0,0.0,1.0,0.0,0.0,0.0,0.0,1.0,23132,511764,56,NA,NA,NA,NA,NA,NA,NA,NA,NA,0.0045875
0.0,0.0,0.0,0.0,1.0,0.0,0.0,0.0,1.0,23132,511764,56,NA,NA,NA,NA,NA,NA,NA,NA,NA,0.04375
0.0,1.0,0.0,0.0,0.0,0.0,1.0,0.0,0.0,2239,6452,1,NA,NA,NA,NA,NA,NA,NA,NA,NA,8.6875e-05
0.0,0.0,1.0,0.0,0.0,0.0,1.0,0.0,0.0,2239,6452,1,NA,NA,NA,NA,NA,NA,NA,NA,NA,0.000706711886798
0.0,0.0,0.0,1.0,0.0,0.0,1.0,0.0,0.0,2239,6452,1,NA,NA,NA,NA,NA,NA,NA,NA,NA,0.0001976875
0.0,1.0,0.0,0.0,0.0,0.0,0.0,1.0,0.0,2239,6452,1,NA,NA,NA,NA,NA,NA,NA,NA,NA,0.00112125
0.0,0.0,1.0,0.0,0.0,0.0,0.0,1.0,0.0,2239,6452,1,NA,NA,NA,NA,NA,NA,NA,NA,NA,0.00164225254464
0.0,0.0,0.0,1.0,0.0,0.0,0.0,1.0,0.0,2239,6452,1,NA,NA,NA,NA,NA,NA,NA,NA,NA,0.0076429375
0.0,0.0,0.0,0.0,1.0,0.0,0.0,1.0,0.0,2239,6452,1,NA,NA,NA,NA,NA,NA,NA,NA,NA,0.0
0.0,1.0,0.0,0.0,0.0,0.0,0.0,0.0,1.0,2239,6452,1,NA,NA,NA,NA,NA,NA,NA,NA,NA,8.9375e-05
0.0,0.0,1.0,0.0,0.0,0.0,0.0,0.0,1.0,2239,6452,1,NA,NA,NA,NA,NA,NA,NA,NA,NA,0.000652205766472
0.0,0.0,0.0,1.0,0.0,0.0,0.0,0.0,1.0,2239,6452,1,NA,NA,NA,NA,NA,NA,NA,NA,NA,0.000195875
0.0,0.0,0.0,0.0,1.0,0.0,0.0,0.0,1.0,2239,6452,1,NA,NA,NA,NA,NA,NA,NA,NA,NA,0.0
0.0,1.0,0.0,0.0,0.0,0.0,1.0,0.0,0.0,2239,6452,2,NA,NA,NA,NA,NA,NA,NA,NA,NA,0.00016875
0.0,0.0,1.0,0.0,0.0,0.0,1.0,0.0,0.0,2239,6452,2,NA,NA,NA,NA,NA,NA,NA,NA,NA,1.1146079375e-05
0.0,0.0,0.0,1.0,0.0,0.0,1.0,0.0,0.0,2239,6452,2,NA,NA,NA,NA,NA,NA,NA,NA,NA,0.000256
0.0,1.0,0.0,0.0,0.0,0.0,0.0,1.0,0.0,2239,6452,2,NA,NA,NA,NA,NA,NA,NA,NA,NA,0.003163125
0.0,0.0,1.0,0.0,0.0,0.0,0.0,1.0,0.0,2239,6452,2,NA,NA,NA,NA,NA,NA,NA,NA,NA,0.00119970625
0.0,0.0,0.0,1.0,0.0,0.0,0.0,1.0,0.0,2239,6452,2,NA,NA,NA,NA,NA,NA,NA,NA,NA,0.0083028125
0.0,0.0,0.0,0.0,1.0,0.0,0.0,1.0,0.0,2239,6452,2,NA,NA,NA,NA,NA,NA,NA,NA,NA,0.0
0.0,1.0,0.0,0.0,0.0,0.0,0.0,0.0,1.0,2239,6452,2,NA,NA,NA,NA,NA,NA,NA,NA,NA,0.0002725
0.0,0.0,1.0,0.0,0.0,0.0,0.0,0.0,1.0,2239,6452,2,NA,NA,NA,NA,NA,NA,NA,NA,NA,1.348554375e-05
0.0,0.0,0.0,1.0,0.0,0.0,0.0,0.0,1.0,2239,6452,2,NA,NA,NA,NA,NA,NA,NA,NA,NA,0.00024475
0.0,0.0,0.0,0.0,1.0,0.0,0.0,0.0,1.0,2239,6452,2,NA,NA,NA,NA,NA,NA,NA,NA,NA,0.0
0.0,1.0,0.0,0.0,0.0,0.0,1.0,0.0,0.0,2239,6452,4,NA,NA,NA,NA,NA,NA,NA,NA,NA,0.000205
0.0,0.0,1.0,0.0,0.0,0.0,1.0,0.0,0.0,2239,6452,4,NA,NA,NA,NA,NA,NA,NA,NA,NA,1.3083236875e-05
0.0,0.0,0.0,1.0,0.0,0.0,1.0,0.0,0.0,2239,6452,4,NA,NA,NA,NA,NA,NA,NA,NA,NA,0.0002494375
0.0,1.0,0.0,0.0,0.0,0.0,0.0,1.0,0.0,2239,6452,4,NA,NA,NA,NA,NA,NA,NA,NA,NA,0.00261125
0.0,0.0,1.0,0.0,0.0,0.0,0.0,1.0,0.0,2239,6452,4,NA,NA,NA,NA,NA,NA,NA,NA,NA,0.0012840775
0.0,0.0,0.0,1.0,0.0,0.0,0.0,1.0,0.0,2239,6452,4,NA,NA,NA,NA,NA,NA,NA,NA,NA,0.0076165625
0.0,0.0,0.0,0.0,1.0,0.0,0.0,1.0,0.0,2239,6452,4,NA,NA,NA,NA,NA,NA,NA,NA,NA,0.0
0.0,1.0,0.0,0.0,0.0,0.0,0.0,0.0,1.0,2239,6452,4,NA,NA,NA,NA,NA,NA,NA,NA,NA,0.00035625
0.0,0.0,1.0,0.0,0.0,0.0,0.0,0.0,1.0,2239,6452,4,NA,NA,NA,NA,NA,NA,NA,NA,NA,1.406672e-05
0.0,0.0,0.0,1.0,0.0,0.0,0.0,0.0,1.0,2239,6452,4,NA,NA,NA,NA,NA,NA,NA,NA,NA,0.0002444375
0.0,0.0,0.0,0.0,1.0,0.0,0.0,0.0,1.0,2239,6452,4,NA,NA,NA,NA,NA,NA,NA,NA,NA,0.0
0.0,1.0,0.0,0.0,0.0,0.0,1.0,0.0,0.0,2239,6452,8,NA,NA,NA,NA,NA,NA,NA,NA,NA,0.000250625
0.0,0.0,1.0,0.0,0.0,0.0,1.0,0.0,0.0,2239,6452,8,NA,NA,NA,NA,NA,NA,NA,NA,NA,1.9311916875e-05
0.0,0.0,0.0,1.0,0.0,0.0,1.0,0.0,0.0,2239,6452,8,NA,NA,NA,NA,NA,NA,NA,NA,NA,0.0003361875
0.0,1.0,0.0,0.0,0.0,0.0,0.0,1.0,0.0,2239,6452,8,NA,NA,NA,NA,NA,NA,NA,NA,NA,0.00271375
0.0,0.0,1.0,0.0,0.0,0.0,0.0,1.0,0.0,2239,6452,8,NA,NA,NA,NA,NA,NA,NA,NA,NA,0.00139457
0.0,0.0,0.0,1.0,0.0,0.0,0.0,1.0,0.0,2239,6452,8,NA,NA,NA,NA,NA,NA,NA,NA,NA,0.0087374375
0.0,0.0,0.0,0.0,1.0,0.0,0.0,1.0,0.0,2239,6452,8,NA,NA,NA,NA,NA,NA,NA,NA,NA,0.00625
0.0,1.0,0.0,0.0,0.0,0.0,0.0,0.0,1.0,2239,6452,8,NA,NA,NA,NA,NA,NA,NA,NA,NA,0.00044125
0.0,0.0,1.0,0.0,0.0,0.0,0.0,0.0,1.0,2239,6452,8,NA,NA,NA,NA,NA,NA,NA,NA,NA,2.3752425e-05
0.0,0.0,0.0,1.0,0.0,0.0,0.0,0.0,1.0,2239,6452,8,NA,NA,NA,NA,NA,NA,NA,NA,NA,0.0003355
0.0,0.0,0.0,0.0,1.0,0.0,0.0,0.0,1.0,2239,6452,8,NA,NA,NA,NA,NA,NA,NA,NA,NA,0.0
0.0,1.0,0.0,0.0,0.0,0.0,1.0,0.0,0.0,2239,6452,16,NA,NA,NA,NA,NA,NA,NA,NA,NA,0.0004975
0.0,0.0,1.0,0.0,0.0,0.0,1.0,0.0,0.0,2239,6452,16,NA,NA,NA,NA,NA,NA,NA,NA,NA,2.907214375e-05
0.0,0.0,0.0,1.0,0.0,0.0,1.0,0.0,0.0,2239,6452,16,NA,NA,NA,NA,NA,NA,NA,NA,NA,0.0004109375
0.0,1.0,0.0,0.0,0.0,0.0,0.0,1.0,0.0,2239,6452,16,NA,NA,NA,NA,NA,NA,NA,NA,NA,0.003496875
0.0,0.0,1.0,0.0,0.0,0.0,0.0,1.0,0.0,2239,6452,16,NA,NA,NA,NA,NA,NA,NA,NA,NA,0.001412183125
0.0,0.0,0.0,1.0,0.0,0.0,0.0,1.0,0.0,2239,6452,16,NA,NA,NA,NA,NA,NA,NA,NA,NA,0.0091909375
0.0,0.0,0.0,0.0,1.0,0.0,0.0,1.0,0.0,2239,6452,16,NA,NA,NA,NA,NA,NA,NA,NA,NA,0.0125
0.0,1.0,0.0,0.0,0.0,0.0,0.0,0.0,1.0,2239,6452,16,NA,NA,NA,NA,NA,NA,NA,NA,NA,0.00063125
0.0,0.0,1.0,0.0,0.0,0.0,0.0,0.0,1.0,2239,6452,16,NA,NA,NA,NA,NA,NA,NA,NA,NA,3.22610375e-05
0.0,0.0,0.0,1.0,0.0,0.0,0.0,0.0,1.0,2239,6452,16,NA,NA,NA,NA,NA,NA,NA,NA,NA,0.000389125
0.0,0.0,0.0,0.0,1.0,0.0,0.0,0.0,1.0,2239,6452,16,NA,NA,NA,NA,NA,NA,NA,NA,NA,0.0
0.0,1.0,0.0,0.0,0.0,0.0,1.0,0.0,0.0,2239,6452,24,NA,NA,NA,NA,NA,NA,NA,NA,NA,0.0006075
0.0,0.0,1.0,0.0,0.0,0.0,1.0,0.0,0.0,2239,6452,24,NA,NA,NA,NA,NA,NA,NA,NA,NA,4.30047625e-05
0.0,0.0,0.0,1.0,0.0,0.0,1.0,0.0,0.0,2239,6452,24,NA,NA,NA,NA,NA,NA,NA,NA,NA,0.0006099375
0.0,1.0,0.0,0.0,0.0,0.0,0.0,1.0,0.0,2239,6452,24,NA,NA,NA,NA,NA,NA,NA,NA,NA,0.003816875
0.0,0.0,1.0,0.0,0.0,0.0,0.0,1.0,0.0,2239,6452,24,NA,NA,NA,NA,NA,NA,NA,NA,NA,0.001420810625
0.0,0.0,0.0,1.0,0.0,0.0,0.0,1.0,0.0,2239,6452,24,NA,NA,NA,NA,NA,NA,NA,NA,NA,0.010527875
0.0,0.0,0.0,0.0,1.0,0.0,0.0,1.0,0.0,2239,6452,24,NA,NA,NA,NA,NA,NA,NA,NA,NA,0.025
0.0,1.0,0.0,0.0,0.0,0.0,0.0,0.0,1.0,2239,6452,24,NA,NA,NA,NA,NA,NA,NA,NA,NA,0.00089125
0.0,0.0,1.0,0.0,0.0,0.0,0.0,0.0,1.0,2239,6452,24,NA,NA,NA,NA,NA,NA,NA,NA,NA,4.1231525e-05
0.0,0.0,0.0,1.0,0.0,0.0,0.0,0.0,1.0,2239,6452,24,NA,NA,NA,NA,NA,NA,NA,NA,NA,0.0005436875
0.0,0.0,0.0,0.0,1.0,0.0,0.0,0.0,1.0,2239,6452,24,NA,NA,NA,NA,NA,NA,NA,NA,NA,0.0125
0.0,1.0,0.0,0.0,0.0,0.0,1.0,0.0,0.0,2239,6452,32,NA,NA,NA,NA,NA,NA,NA,NA,NA,0.001565
0.0,0.0,1.0,0.0,0.0,0.0,1.0,0.0,0.0,2239,6452,32,NA,NA,NA,NA,NA,NA,NA,NA,NA,0.0002526640625
0.0,0.0,0.0,1.0,0.0,0.0,1.0,0.0,0.0,2239,6452,32,NA,NA,NA,NA,NA,NA,NA,NA,NA,0.0005769375
0.0,1.0,0.0,0.0,0.0,0.0,0.0,1.0,0.0,2239,6452,32,NA,NA,NA,NA,NA,NA,NA,NA,NA,0.006495625
0.0,0.0,1.0,0.0,0.0,0.0,0.0,1.0,0.0,2239,6452,32,NA,NA,NA,NA,NA,NA,NA,NA,NA,0.001936883125
0.0,0.0,0.0,1.0,0.0,0.0,0.0,1.0,0.0,2239,6452,32,NA,NA,NA,NA,NA,NA,NA,NA,NA,0.009936375
0.0,0.0,0.0,0.0,1.0,0.0,0.0,1.0,0.0,2239,6452,32,NA,NA,NA,NA,NA,NA,NA,NA,NA,0.03125
0.0,1.0,0.0,0.0,0.0,0.0,0.0,0.0,1.0,2239,6452,32,NA,NA,NA,NA,NA,NA,NA,NA,NA,0.004835625
0.0,0.0,1.0,0.0,0.0,0.0,0.0,0.0,1.0,2239,6452,32,NA,NA,NA,NA,NA,NA,NA,NA,NA,0.0002500415
0.0,0.0,0.0,1.0,0.0,0.0,0.0,0.0,1.0,2239,6452,32,NA,NA,NA,NA,NA,NA,NA,NA,NA,0.0145018125
0.0,0.0,0.0,0.0,1.0,0.0,0.0,0.0,1.0,2239,6452,32,NA,NA,NA,NA,NA,NA,NA,NA,NA,0.025
0.0,1.0,0.0,0.0,0.0,0.0,1.0,0.0,0.0,2239,6452,40,NA,NA,NA,NA,NA,NA,NA,NA,NA,0.0018825
0.0,0.0,1.0,0.0,0.0,0.0,1.0,0.0,0.0,2239,6452,40,NA,NA,NA,NA,NA,NA,NA,NA,NA,0.0002814083125
0.0,0.0,0.0,1.0,0.0,0.0,1.0,0.0,0.0,2239,6452,40,NA,NA,NA,NA,NA,NA,NA,NA,NA,0.003782625
0.0,1.0,0.0,0.0,0.0,0.0,0.0,1.0,0.0,2239,6452,40,NA,NA,NA,NA,NA,NA,NA,NA,NA,0.00779875
0.0,0.0,1.0,0.0,0.0,0.0,0.0,1.0,0.0,2239,6452,40,NA,NA,NA,NA,NA,NA,NA,NA,NA,0.002173721875
0.0,0.0,0.0,1.0,0.0,0.0,0.0,1.0,0.0,2239,6452,40,NA,NA,NA,NA,NA,NA,NA,NA,NA,0.0125560625
0.0,0.0,0.0,0.0,1.0,0.0,0.0,1.0,0.0,2239,6452,40,NA,NA,NA,NA,NA,NA,NA,NA,NA,0.0875
0.0,1.0,0.0,0.0,0.0,0.0,0.0,0.0,1.0,2239,6452,40,NA,NA,NA,NA,NA,NA,NA,NA,NA,0.006746875
0.0,0.0,1.0,0.0,0.0,0.0,0.0,0.0,1.0,2239,6452,40,NA,NA,NA,NA,NA,NA,NA,NA,NA,0.0003148765625
0.0,0.0,0.0,1.0,0.0,0.0,0.0,0.0,1.0,2239,6452,40,NA,NA,NA,NA,NA,NA,NA,NA,NA,0.0022513125
0.0,0.0,0.0,0.0,1.0,0.0,0.0,0.0,1.0,2239,6452,40,NA,NA,NA,NA,NA,NA,NA,NA,NA,0.05625
0.0,1.0,0.0,0.0,0.0,0.0,1.0,0.0,0.0,2239,6452,48,NA,NA,NA,NA,NA,NA,NA,NA,NA,0.002198125
0.0,0.0,1.0,0.0,0.0,0.0,1.0,0.0,0.0,2239,6452,48,NA,NA,NA,NA,NA,NA,NA,NA,NA,0.0003823784375
0.0,0.0,0.0,1.0,0.0,0.0,1.0,0.0,0.0,2239,6452,48,NA,NA,NA,NA,NA,NA,NA,NA,NA,0.004987125
0.0,1.0,0.0,0.0,0.0,0.0,0.0,1.0,0.0,2239,6452,48,NA,NA,NA,NA,NA,NA,NA,NA,NA,0.009158125
0.0,0.0,1.0,0.0,0.0,0.0,0.0,1.0,0.0,2239,6452,48,NA,NA,NA,NA,NA,NA,NA,NA,NA,0.0023375
0.0,0.0,0.0,1.0,0.0,0.0,0.0,1.0,0.0,2239,6452,48,NA,NA,NA,NA,NA,NA,NA,NA,NA,0.0286388125
0.0,0.0,0.0,0.0,1.0,0.0,0.0,1.0,0.0,2239,6452,48,NA,NA,NA,NA,NA,NA,NA,NA,NA,0.1
0.0,1.0,0.0,0.0,0.0,0.0,0.0,0.0,1.0,2239,6452,48,NA,NA,NA,NA,NA,NA,NA,NA,NA,0.008619375
0.0,0.0,1.0,0.0,0.0,0.0,0.0,0.0,1.0,2239,6452,48,NA,NA,NA,NA,NA,NA,NA,NA,NA,0.000406176
0.0,0.0,0.0,1.0,0.0,0.0,0.0,0.0,1.0,2239,6452,48,NA,NA,NA,NA,NA,NA,NA,NA,NA,0.00540825
0.0,0.0,0.0,0.0,1.0,0.0,0.0,0.0,1.0,2239,6452,48,NA,NA,NA,NA,NA,NA,NA,NA,NA,0.08125
0.0,1.0,0.0,0.0,0.0,0.0,1.0,0.0,0.0,2239,6452,56,NA,NA,NA,NA,NA,NA,NA,NA,NA,0.00255375
0.0,0.0,1.0,0.0,0.0,0.0,1.0,0.0,0.0,2239,6452,56,NA,NA,NA,NA,NA,NA,NA,NA,NA,0.0003988445
0.0,0.0,0.0,1.0,0.0,0.0,1.0,0.0,0.0,2239,6452,56,NA,NA,NA,NA,NA,NA,NA,NA,NA,0.005215
0.0,1.0,0.0,0.0,0.0,0.0,0.0,1.0,0.0,2239,6452,56,NA,NA,NA,NA,NA,NA,NA,NA,NA,0.010379375
0.0,0.0,1.0,0.0,0.0,0.0,0.0,1.0,0.0,2239,6452,56,NA,NA,NA,NA,NA,NA,NA,NA,NA,0.002440884375
0.0,0.0,0.0,1.0,0.0,0.0,0.0,1.0,0.0,2239,6452,56,NA,NA,NA,NA,NA,NA,NA,NA,NA,0.0210956875
0.0,0.0,0.0,0.0,1.0,0.0,0.0,1.0,0.0,2239,6452,56,NA,NA,NA,NA,NA,NA,NA,NA,NA,0.1
0.0,1.0,0.0,0.0,0.0,0.0,0.0,0.0,1.0,2239,6452,56,NA,NA,NA,NA,NA,NA,NA,NA,NA,0.008676875
0.0,0.0,1.0,0.0,0.0,0.0,0.0,0.0,1.0,2239,6452,56,NA,NA,NA,NA,NA,NA,NA,NA,NA,0.00038675975
0.0,0.0,0.0,1.0,0.0,0.0,0.0,0.0,1.0,2239,6452,56,NA,NA,NA,NA,NA,NA,NA,NA,NA,0.003404625
0.0,0.0,0.0,0.0,1.0,0.0,0.0,0.0,1.0,2239,6452,56,NA,NA,NA,NA,NA,NA,NA,NA,NA,0.0875
