dataset,package,algorithm,nvertices,nedges,nthreads,Nodes.in.largest.WCC,Edges.in.largest.WCC,Nodes.in.largest.SCC,Edges.in.largest.SCC,Average.clustering.coefficient,Number.of.triangles,Fraction.of.closed.triangles,Diameter..longest.shortest.path.,X90.percentile.effective.diameter,runtime
parsed-email-Enron-2.csv,Galois,BFS,36692,183831,2,0.918,0.984,0.918,0.984,0.497,727044,0.03015,11,4.8,0.0141875
parsed-email-Enron-2.csv,GAP,BFS,36692,183831,2,0.918,0.984,0.918,0.984,0.497,727044,0.03015,11,4.8,0.000619063
parsed-email-Enron-2.csv,GraphBIG,BFS,36692,183831,2,0.918,0.984,0.918,0.984,0.497,727044,0.03015,11,4.8,7.93E-06
parsed-email-Enron-2.csv,GraphMat,BFS,36692,183831,2,0.918,0.984,0.918,0.984,0.497,727044,0.03015,11,4.8,0.001913344
parsed-facebook_combined-1.csv,Galois,BFS,4039,88234,1,1,1,1,1,0.6055,1612010,0.2647,8,4.7,0.007375
parsed-facebook_combined-1.csv,GAP,BFS,4039,88234,1,1,1,1,1,0.6055,1612010,0.2647,8,4.7,0.000129063
parsed-facebook_combined-1.csv,GraphBIG,BFS,4039,88234,1,1,1,1,1,0.6055,1612010,0.2647,8,4.7,4.69E-07
parsed-facebook_combined-1.csv,GraphMat,BFS,4039,88234,1,1,1,1,1,0.6055,1612010,0.2647,8,4.7,0.000424406
parsed-facebook_combined-2.csv,GraphBIG,BFS,4039,88234,2,1,1,1,1,0.6055,1612010,0.2647,8,4.7,0.004415665
parsed-facebook_combined-4.csv,GAP,BFS,4039,88234,4,1,1,1,1,0.6055,1612010,0.2647,8,4.7,0.0002625
parsed-facebook_combined-4.csv,GraphBIG,BFS,4039,88234,4,1,1,1,1,0.6055,1612010,0.2647,8,4.7,0.004162144
parsed-facebook_combined-4.csv,GraphMat,BFS,4039,88234,4,1,1,1,1,0.6055,1612010,0.2647,8,4.7,0.000424875
parsed-facebook_combined-8.csv,GAP,BFS,4039,88234,8,1,1,1,1,0.6055,1612010,0.2647,8,4.7,0.000315625
parsed-facebook_combined-8.csv,GraphBIG,BFS,4039,88234,8,1,1,1,1,0.6055,1612010,0.2647,8,4.7,0.004405814
parsed-facebook_combined-8.csv,GraphMat,BFS,4039,88234,8,1,1,1,1,0.6055,1612010,0.2647,8,4.7,0.000463313
parsed-facebook_combined-16.csv,GAP,BFS,4039,88234,16,1,1,1,1,0.6055,1612010,0.2647,8,4.7,0.00049
parsed-facebook_combined-16.csv,GraphBIG,BFS,4039,88234,16,1,1,1,1,0.6055,1612010,0.2647,8,4.7,0.004210889
parsed-facebook_combined-16.csv,GraphMat,BFS,4039,88234,16,1,1,1,1,0.6055,1612010,0.2647,8,4.7,0.00055775
parsed-facebook_combined-24.csv,GAP,BFS,4039,88234,24,1,1,1,1,0.6055,1612010,0.2647,8,4.7,0.00068375
parsed-facebook_combined-24.csv,GraphBIG,BFS,4039,88234,24,1,1,1,1,0.6055,1612010,0.2647,8,4.7,0.004169415
parsed-facebook_combined-24.csv,GraphMat,BFS,4039,88234,24,1,1,1,1,0.6055,1612010,0.2647,8,4.7,0.000724125
parsed-facebook_combined-32.csv,GAP,BFS,4039,88234,32,1,1,1,1,0.6055,1612010,0.2647,8,4.7,0.0014925
parsed-facebook_combined-32.csv,GraphBIG,BFS,4039,88234,32,1,1,1,1,0.6055,1612010,0.2647,8,4.7,0.004564563
parsed-facebook_combined-32.csv,GraphMat,BFS,4039,88234,32,1,1,1,1,0.6055,1612010,0.2647,8,4.7,0.014748938
parsed-facebook_combined-40.csv,GAP,BFS,4039,88234,40,1,1,1,1,0.6055,1612010,0.2647,8,4.7,0.00181
parsed-facebook_combined-40.csv,GraphBIG,BFS,4039,88234,40,1,1,1,1,0.6055,1612010,0.2647,8,4.7,0.004678713
parsed-facebook_combined-40.csv,GraphMat,BFS,4039,88234,40,1,1,1,1,0.6055,1612010,0.2647,8,4.7,0.001558375
parsed-facebook_combined-48.csv,GAP,BFS,4039,88234,48,1,1,1,1,0.6055,1612010,0.2647,8,4.7,0.002131875
parsed-facebook_combined-48.csv,GraphBIG,BFS,4039,88234,48,1,1,1,1,0.6055,1612010,0.2647,8,4.7,0.004508914
parsed-facebook_combined-48.csv,GraphMat,BFS,4039,88234,48,1,1,1,1,0.6055,1612010,0.2647,8,4.7,0.0039175
parsed-facebook_combined-56.csv,GAP,BFS,4039,88234,56,1,1,1,1,0.6055,1612010,0.2647,8,4.7,0.00253875
parsed-facebook_combined-56.csv,GraphBIG,BFS,4039,88234,56,1,1,1,1,0.6055,1612010,0.2647,8,4.7,0.004617808
parsed-facebook_combined-56.csv,GraphMat,BFS,4039,88234,56,1,1,1,1,0.6055,1612010,0.2647,8,4.7,0.004629875
parsed-cit-Patents-1.csv,GAP,BFS,3774768,16518948,1,0.997,1,0,0,0.0757,7515023,0.02343,22,9.4,0.303444375
parsed-cit-Patents-1.csv,GraphBIG,BFS,3774768,16518948,1,0.997,1,0,0,0.0757,7515023,0.02343,22,9.4,5.51E-07
parsed-cit-Patents-1.csv,GraphMat,BFS,3774768,16518948,1,0.997,1,0,0,0.0757,7515023,0.02343,22,9.4,0.943189
parsed-cit-Patents-2.csv,GAP,BFS,3774768,16518948,2,0.997,1,0,0,0.0757,7515023,0.02343,22,9.4,0.18048375
parsed-cit-Patents-2.csv,GraphBIG,BFS,3774768,16518948,2,0.997,1,0,0,0.0757,7515023,0.02343,22,9.4,1.62E-05
parsed-cit-Patents-2.csv,GraphMat,BFS,3774768,16518948,2,0.997,1,0,0,0.0757,7515023,0.02343,22,9.4,0.690440688
parsed-cit-Patents-4.csv,GAP,BFS,3774768,16518948,4,0.997,1,0,0,0.0757,7515023,0.02343,22,9.4,0.0956
parsed-cit-Patents-4.csv,GraphBIG,BFS,3774768,16518948,4,0.997,1,0,0,0.0757,7515023,0.02343,22,9.4,2.29E-05
parsed-cit-Patents-4.csv,GraphMat,BFS,3774768,16518948,4,0.997,1,0,0,0.0757,7515023,0.02343,22,9.4,0.45378425
parsed-cit-Patents-8.csv,GAP,BFS,3774768,16518948,8,0.997,1,0,0,0.0757,7515023,0.02343,22,9.4,0.052659375
parsed-cit-Patents-8.csv,GraphBIG,BFS,3774768,16518948,8,0.997,1,0,0,0.0757,7515023,0.02343,22,9.4,2.93E-05
parsed-cit-Patents-8.csv,GraphMat,BFS,3774768,16518948,8,0.997,1,0,0,0.0757,7515023,0.02343,22,9.4,0.303933438
parsed-cit-Patents-16.csv,GAP,BFS,3774768,16518948,16,0.997,1,0,0,0.0757,7515023,0.02343,22,9.4,0.03177375
parsed-cit-Patents-16.csv,GraphBIG,BFS,3774768,16518948,16,0.997,1,0,0,0.0757,7515023,0.02343,22,9.4,4.26E-05
parsed-cit-Patents-16.csv,GraphMat,BFS,3774768,16518948,16,0.997,1,0,0,0.0757,7515023,0.02343,22,9.4,0.187505938
parsed-cit-Patents-24.csv,GAP,BFS,3774768,16518948,24,0.997,1,0,0,0.0757,7515023,0.02343,22,9.4,0.02696
parsed-cit-Patents-24.csv,GraphBIG,BFS,3774768,16518948,24,0.997,1,0,0,0.0757,7515023,0.02343,22,9.4,5.11E-05
parsed-cit-Patents-24.csv,GraphMat,BFS,3774768,16518948,24,0.997,1,0,0,0.0757,7515023,0.02343,22,9.4,0.15071475
parsed-cit-Patents-32.csv,GAP,BFS,3774768,16518948,32,0.997,1,0,0,0.0757,7515023,0.02343,22,9.4,0.02877625
parsed-cit-Patents-32.csv,GraphBIG,BFS,3774768,16518948,32,0.997,1,0,0,0.0757,7515023,0.02343,22,9.4,0.000241205
parsed-cit-Patents-32.csv,GraphMat,BFS,3774768,16518948,32,0.997,1,0,0,0.0757,7515023,0.02343,22,9.4,0.268262188
parsed-cit-Patents-40.csv,GAP,BFS,3774768,16518948,40,0.997,1,0,0,0.0757,7515023,0.02343,22,9.4,0.028775
parsed-cit-Patents-40.csv,GraphBIG,BFS,3774768,16518948,40,0.997,1,0,0,0.0757,7515023,0.02343,22,9.4,0.000344202
parsed-cit-Patents-40.csv,GraphMat,BFS,3774768,16518948,40,0.997,1,0,0,0.0757,7515023,0.02343,22,9.4,0.304813125
parsed-cit-Patents-48.csv,GAP,BFS,3774768,16518948,48,0.997,1,0,0,0.0757,7515023,0.02343,22,9.4,0.029416875
parsed-cit-Patents-48.csv,GraphBIG,BFS,3774768,16518948,48,0.997,1,0,0,0.0757,7515023,0.02343,22,9.4,0.000387013
parsed-cit-Patents-48.csv,GraphMat,BFS,3774768,16518948,48,0.997,1,0,0,0.0757,7515023,0.02343,22,9.4,0.45161
parsed-cit-Patents-56.csv,GAP,BFS,3774768,16518948,56,0.997,1,0,0,0.0757,7515023,0.02343,22,9.4,0.030075
parsed-cit-Patents-56.csv,GraphBIG,BFS,3774768,16518948,56,0.997,1,0,0,0.0757,7515023,0.02343,22,9.4,0.000420004
parsed-cit-Patents-56.csv,GraphMat,BFS,3774768,16518948,56,0.997,1,0,0,0.0757,7515023,0.02343,22,9.4,0.45156825
parsed-web-BerkStan-1.csv,GAP,BFS,685230,7600595,1,0.956,0.987,0.489,0.595,0.5967,64690980,0.002746,514,9.9,0.03368
parsed-web-BerkStan-1.csv,GraphBIG,BFS,685230,7600595,1,0.956,0.987,0.489,0.595,0.5967,64690980,0.002746,514,9.9,1.06E-06
parsed-web-BerkStan-1.csv,GraphMat,BFS,685230,7600595,1,0.956,0.987,0.489,0.595,0.5967,64690980,0.002746,514,9.9,0.1804795
parsed-web-BerkStan-2.csv,GAP,BFS,685230,7600595,2,0.956,0.987,0.489,0.595,0.5967,64690980,0.002746,514,9.9,0.020029375
parsed-web-BerkStan-2.csv,GraphBIG,BFS,685230,7600595,2,0.956,0.987,0.489,0.595,0.5967,64690980,0.002746,514,9.9,1.44E-05
parsed-web-BerkStan-2.csv,GraphMat,BFS,685230,7600595,2,0.956,0.987,0.489,0.595,0.5967,64690980,0.002746,514,9.9,0.122304875
parsed-web-BerkStan-4.csv,GAP,BFS,685230,7600595,4,0.956,0.987,0.489,0.595,0.5967,64690980,0.002746,514,9.9,0.0118075
parsed-web-BerkStan-4.csv,GraphBIG,BFS,685230,7600595,4,0.956,0.987,0.489,0.595,0.5967,64690980,0.002746,514,9.9,1.91E-05
parsed-web-BerkStan-4.csv,GraphMat,BFS,685230,7600595,4,0.956,0.987,0.489,0.595,0.5967,64690980,0.002746,514,9.9,0.076406438
parsed-web-BerkStan-8.csv,GAP,BFS,685230,7600595,8,0.956,0.987,0.489,0.595,0.5967,64690980,0.002746,514,9.9,0.008010625
parsed-web-BerkStan-8.csv,GraphBIG,BFS,685230,7600595,8,0.956,0.987,0.489,0.595,0.5967,64690980,0.002746,514,9.9,2.45E-05
parsed-web-BerkStan-8.csv,GraphMat,BFS,685230,7600595,8,0.956,0.987,0.489,0.595,0.5967,64690980,0.002746,514,9.9,0.058754563
parsed-web-BerkStan-16.csv,GAP,BFS,685230,7600595,16,0.956,0.987,0.489,0.595,0.5967,64690980,0.002746,514,9.9,0.007366875
parsed-web-BerkStan-16.csv,GraphBIG,BFS,685230,7600595,16,0.956,0.987,0.489,0.595,0.5967,64690980,0.002746,514,9.9,3.50E-05
parsed-web-BerkStan-16.csv,GraphMat,BFS,685230,7600595,16,0.956,0.987,0.489,0.595,0.5967,64690980,0.002746,514,9.9,0.0480485
parsed-web-BerkStan-24.csv,GAP,BFS,685230,7600595,24,0.956,0.987,0.489,0.595,0.5967,64690980,0.002746,514,9.9,0.00800125
parsed-web-BerkStan-24.csv,GraphBIG,BFS,685230,7600595,24,0.956,0.987,0.489,0.595,0.5967,64690980,0.002746,514,9.9,4.64E-05
parsed-web-BerkStan-24.csv,GraphMat,BFS,685230,7600595,24,0.956,0.987,0.489,0.595,0.5967,64690980,0.002746,514,9.9,0.04407025
parsed-web-BerkStan-32.csv,GAP,BFS,685230,7600595,32,0.956,0.987,0.489,0.595,0.5967,64690980,0.002746,514,9.9,0.020565
parsed-web-BerkStan-32.csv,GraphBIG,BFS,685230,7600595,32,0.956,0.987,0.489,0.595,0.5967,64690980,0.002746,514,9.9,0.000250086
parsed-web-BerkStan-32.csv,GraphMat,BFS,685230,7600595,32,0.956,0.987,0.489,0.595,0.5967,64690980,0.002746,514,9.9,0.053441063
parsed-web-BerkStan-40.csv,GAP,BFS,685230,7600595,40,0.956,0.987,0.489,0.595,0.5967,64690980,0.002746,514,9.9,0.02428625
parsed-web-BerkStan-40.csv,GraphBIG,BFS,685230,7600595,40,0.956,0.987,0.489,0.595,0.5967,64690980,0.002746,514,9.9,0.000320405
parsed-web-BerkStan-40.csv,GraphMat,BFS,685230,7600595,40,0.956,0.987,0.489,0.595,0.5967,64690980,0.002746,514,9.9,0.082189375
parsed-web-BerkStan-48.csv,GAP,BFS,685230,7600595,48,0.956,0.987,0.489,0.595,0.5967,64690980,0.002746,514,9.9,0.027806875
parsed-web-BerkStan-48.csv,GraphBIG,BFS,685230,7600595,48,0.956,0.987,0.489,0.595,0.5967,64690980,0.002746,514,9.9,0.000375047
parsed-web-BerkStan-48.csv,GraphMat,BFS,685230,7600595,48,0.956,0.987,0.489,0.595,0.5967,64690980,0.002746,514,9.9,0.078448813
parsed-web-BerkStan-56.csv,GAP,BFS,685230,7600595,56,0.956,0.987,0.489,0.595,0.5967,64690980,0.002746,514,9.9,0.03290375
parsed-web-BerkStan-56.csv,GraphBIG,BFS,685230,7600595,56,0.956,0.987,0.489,0.595,0.5967,64690980,0.002746,514,9.9,0.000492901
parsed-web-BerkStan-56.csv,GraphMat,BFS,685230,7600595,56,0.956,0.987,0.489,0.595,0.5967,64690980,0.002746,514,9.9,0.108269563
parsed-actor-collaboration-1.csv,GAP,BFS,382219,15038083,1,0.98,0.998,0.98,0.998,0.78,346813199,0.06224,12,4.2,0.01459375
parsed-actor-collaboration-1.csv,GraphBIG,BFS,382219,15038083,1,0.98,0.998,0.98,0.998,0.78,346813199,0.06224,12,4.2,4.77E-07
parsed-actor-collaboration-1.csv,GraphMat,BFS,382219,15038083,1,0.98,0.998,0.98,0.998,0.78,346813199,0.06224,12,4.2,0.120804875
parsed-actor-collaboration-2.csv,GAP,BFS,382219,15038083,2,0.98,0.998,0.98,0.998,0.78,346813199,0.06224,12,4.2,0.00990875
parsed-actor-collaboration-2.csv,GraphBIG,BFS,382219,15038083,2,0.98,0.998,0.98,0.998,0.78,346813199,0.06224,12,4.2,1.37E-05
parsed-actor-collaboration-2.csv,GraphMat,BFS,382219,15038083,2,0.98,0.998,0.98,0.998,0.78,346813199,0.06224,12,4.2,0.066205
parsed-actor-collaboration-4.csv,GAP,BFS,382219,15038083,4,0.98,0.998,0.98,0.998,0.78,346813199,0.06224,12,4.2,0.0059625
parsed-actor-collaboration-4.csv,GraphBIG,BFS,382219,15038083,4,0.98,0.998,0.98,0.998,0.78,346813199,0.06224,12,4.2,1.49E-05
parsed-actor-collaboration-4.csv,GraphMat,BFS,382219,15038083,4,0.98,0.998,0.98,0.998,0.78,346813199,0.06224,12,4.2,0.03511675
parsed-actor-collaboration-8.csv,GAP,BFS,382219,15038083,8,0.98,0.998,0.98,0.998,0.78,346813199,0.06224,12,4.2,0.00398875
parsed-actor-collaboration-8.csv,GraphBIG,BFS,382219,15038083,8,0.98,0.998,0.98,0.998,0.78,346813199,0.06224,12,4.2,2.37E-05
parsed-actor-collaboration-8.csv,GraphMat,BFS,382219,15038083,8,0.98,0.998,0.98,0.998,0.78,346813199,0.06224,12,4.2,0.029999938
parsed-actor-collaboration-16.csv,GAP,BFS,382219,15038083,16,0.98,0.998,0.98,0.998,0.78,346813199,0.06224,12,4.2,0.003475
parsed-actor-collaboration-16.csv,GraphBIG,BFS,382219,15038083,16,0.98,0.998,0.98,0.998,0.78,346813199,0.06224,12,4.2,3.94E-05
parsed-actor-collaboration-16.csv,GraphMat,BFS,382219,15038083,16,0.98,0.998,0.98,0.998,0.78,346813199,0.06224,12,4.2,0.01544525
parsed-actor-collaboration-24.csv,GAP,BFS,382219,15038083,24,0.98,0.998,0.98,0.998,0.78,346813199,0.06224,12,4.2,0.003495625
parsed-actor-collaboration-24.csv,GraphBIG,BFS,382219,15038083,24,0.98,0.998,0.98,0.998,0.78,346813199,0.06224,12,4.2,5.41E-05
parsed-actor-collaboration-24.csv,GraphMat,BFS,382219,15038083,24,0.98,0.998,0.98,0.998,0.78,346813199,0.06224,12,4.2,0.013373063
parsed-actor-collaboration-32.csv,GAP,BFS,382219,15038083,32,0.98,0.998,0.98,0.998,0.78,346813199,0.06224,12,4.2,0.0044475
parsed-actor-collaboration-32.csv,GraphBIG,BFS,382219,15038083,32,0.98,0.998,0.98,0.998,0.78,346813199,0.06224,12,4.2,0.000244782
parsed-actor-collaboration-32.csv,GraphMat,BFS,382219,15038083,32,0.98,0.998,0.98,0.998,0.78,346813199,0.06224,12,4.2,0.042582063
parsed-actor-collaboration-40.csv,GAP,BFS,382219,15038083,40,0.98,0.998,0.98,0.998,0.78,346813199,0.06224,12,4.2,0.004894375
parsed-actor-collaboration-40.csv,GraphBIG,BFS,382219,15038083,40,0.98,0.998,0.98,0.998,0.78,346813199,0.06224,12,4.2,0.000298411
parsed-actor-collaboration-40.csv,GraphMat,BFS,382219,15038083,40,0.98,0.998,0.98,0.998,0.78,346813199,0.06224,12,4.2,0.06125775
parsed-actor-collaboration-48.csv,GAP,BFS,382219,15038083,48,0.98,0.998,0.98,0.998,0.78,346813199,0.06224,12,4.2,0.00528375
parsed-actor-collaboration-48.csv,GraphBIG,BFS,382219,15038083,48,0.98,0.998,0.98,0.998,0.78,346813199,0.06224,12,4.2,0.000354469
parsed-actor-collaboration-48.csv,GraphMat,BFS,382219,15038083,48,0.98,0.998,0.98,0.998,0.78,346813199,0.06224,12,4.2,0.080481313
parsed-actor-collaboration-56.csv,GAP,BFS,382219,15038083,56,0.98,0.998,0.98,0.998,0.78,346813199,0.06224,12,4.2,0.00575375
parsed-actor-collaboration-56.csv,GraphBIG,BFS,382219,15038083,56,0.98,0.998,0.98,0.998,0.78,346813199,0.06224,12,4.2,0.000433013
parsed-actor-collaboration-56.csv,GraphMat,BFS,382219,15038083,56,0.98,0.998,0.98,0.998,0.78,346813199,0.06224,12,4.2,0.110477375
parsed-eat-1.csv,GraphBIG,BFS,23132,511764,1,NA,NA,NA,NA,NA,NA,NA,NA,NA,0.039049692
parsed-eat-1.csv,GraphMat,BFS,23132,511764,1,NA,NA,NA,NA,NA,NA,NA,NA,NA,0.002662938
parsed-eat-2.csv,GraphBIG,BFS,23132,511764,2,NA,NA,NA,NA,NA,NA,NA,NA,NA,1.32E-05
parsed-eat-2.csv,GraphMat,BFS,23132,511764,2,NA,NA,NA,NA,NA,NA,NA,NA,NA,0.002268688
parsed-eat-4.csv,GraphBIG,BFS,23132,511764,4,NA,NA,NA,NA,NA,NA,NA,NA,NA,1.71E-05
parsed-eat-4.csv,GraphMat,BFS,23132,511764,4,NA,NA,NA,NA,NA,NA,NA,NA,NA,0.0016745
parsed-eat-8.csv,GraphBIG,BFS,23132,511764,8,NA,NA,NA,NA,NA,NA,NA,NA,NA,2.47E-05
parsed-eat-8.csv,GraphMat,BFS,23132,511764,8,NA,NA,NA,NA,NA,NA,NA,NA,NA,0.001362688
parsed-eat-16.csv,GraphBIG,BFS,23132,511764,16,NA,NA,NA,NA,NA,NA,NA,NA,NA,3.80E-05
parsed-eat-16.csv,GraphMat,BFS,23132,511764,16,NA,NA,NA,NA,NA,NA,NA,NA,NA,0.001278875
parsed-eat-24.csv,GraphBIG,BFS,23132,511764,24,NA,NA,NA,NA,NA,NA,NA,NA,NA,5.00E-05
parsed-eat-24.csv,GraphMat,BFS,23132,511764,24,NA,NA,NA,NA,NA,NA,NA,NA,NA,0.001010688
parsed-eat-32.csv,GraphBIG,BFS,23132,511764,32,NA,NA,NA,NA,NA,NA,NA,NA,NA,0.000260055
parsed-eat-32.csv,GraphMat,BFS,23132,511764,32,NA,NA,NA,NA,NA,NA,NA,NA,NA,0.001323563
parsed-eat-40.csv,GraphBIG,BFS,23132,511764,40,NA,NA,NA,NA,NA,NA,NA,NA,NA,0.000315964
parsed-eat-40.csv,GraphMat,BFS,23132,511764,40,NA,NA,NA,NA,NA,NA,NA,NA,NA,0.003856313
parsed-eat-48.csv,GraphBIG,BFS,23132,511764,48,NA,NA,NA,NA,NA,NA,NA,NA,NA,0.000359565
parsed-eat-48.csv,GraphMat,BFS,23132,511764,48,NA,NA,NA,NA,NA,NA,NA,NA,NA,0.0047905
parsed-eat-56.csv,GraphBIG,BFS,23132,511764,56,NA,NA,NA,NA,NA,NA,NA,NA,NA,0.000441894
parsed-eat-56.csv,GraphMat,BFS,23132,511764,56,NA,NA,NA,NA,NA,NA,NA,NA,NA,0.02320025
parsed-maayan-figeys-1.csv,GAP,BFS,2239,6452,1,NA,NA,NA,NA,NA,NA,NA,NA,NA,8.69E-05
parsed-maayan-figeys-1.csv,GraphBIG,BFS,2239,6452,1,NA,NA,NA,NA,NA,NA,NA,NA,NA,0.000706712
parsed-maayan-figeys-1.csv,GraphMat,BFS,2239,6452,1,NA,NA,NA,NA,NA,NA,NA,NA,NA,0.000197688
parsed-maayan-figeys-2.csv,GAP,BFS,2239,6452,2,NA,NA,NA,NA,NA,NA,NA,NA,NA,0.00016875
parsed-maayan-figeys-2.csv,GraphBIG,BFS,2239,6452,2,NA,NA,NA,NA,NA,NA,NA,NA,NA,1.11E-05
parsed-maayan-figeys-2.csv,GraphMat,BFS,2239,6452,2,NA,NA,NA,NA,NA,NA,NA,NA,NA,0.000256
parsed-maayan-figeys-4.csv,GAP,BFS,2239,6452,4,NA,NA,NA,NA,NA,NA,NA,NA,NA,0.000205
parsed-maayan-figeys-4.csv,GraphBIG,BFS,2239,6452,4,NA,NA,NA,NA,NA,NA,NA,NA,NA,1.31E-05
parsed-maayan-figeys-4.csv,GraphMat,BFS,2239,6452,4,NA,NA,NA,NA,NA,NA,NA,NA,NA,0.000249438
parsed-maayan-figeys-8.csv,GAP,BFS,2239,6452,8,NA,NA,NA,NA,NA,NA,NA,NA,NA,0.000250625
parsed-maayan-figeys-8.csv,GraphBIG,BFS,2239,6452,8,NA,NA,NA,NA,NA,NA,NA,NA,NA,1.93E-05
parsed-maayan-figeys-8.csv,GraphMat,BFS,2239,6452,8,NA,NA,NA,NA,NA,NA,NA,NA,NA,0.000336188
parsed-maayan-figeys-16.csv,GAP,BFS,2239,6452,16,NA,NA,NA,NA,NA,NA,NA,NA,NA,0.0004975
parsed-maayan-figeys-16.csv,GraphBIG,BFS,2239,6452,16,NA,NA,NA,NA,NA,NA,NA,NA,NA,2.91E-05
parsed-maayan-figeys-16.csv,GraphMat,BFS,2239,6452,16,NA,NA,NA,NA,NA,NA,NA,NA,NA,0.000410938
parsed-maayan-figeys-24.csv,GAP,BFS,2239,6452,24,NA,NA,NA,NA,NA,NA,NA,NA,NA,0.0006075
parsed-maayan-figeys-24.csv,GraphBIG,BFS,2239,6452,24,NA,NA,NA,NA,NA,NA,NA,NA,NA,4.30E-05
parsed-maayan-figeys-24.csv,GraphMat,BFS,2239,6452,24,NA,NA,NA,NA,NA,NA,NA,NA,NA,0.000609938
parsed-maayan-figeys-32.csv,GAP,BFS,2239,6452,32,NA,NA,NA,NA,NA,NA,NA,NA,NA,0.001565
parsed-maayan-figeys-32.csv,GraphBIG,BFS,2239,6452,32,NA,NA,NA,NA,NA,NA,NA,NA,NA,0.000252664
parsed-maayan-figeys-32.csv,GraphMat,BFS,2239,6452,32,NA,NA,NA,NA,NA,NA,NA,NA,NA,0.000576938
parsed-maayan-figeys-40.csv,GAP,BFS,2239,6452,40,NA,NA,NA,NA,NA,NA,NA,NA,NA,0.0018825
parsed-maayan-figeys-40.csv,GraphBIG,BFS,2239,6452,40,NA,NA,NA,NA,NA,NA,NA,NA,NA,0.000281408
parsed-maayan-figeys-40.csv,GraphMat,BFS,2239,6452,40,NA,NA,NA,NA,NA,NA,NA,NA,NA,0.003782625
parsed-maayan-figeys-48.csv,GAP,BFS,2239,6452,48,NA,NA,NA,NA,NA,NA,NA,NA,NA,0.002198125
parsed-maayan-figeys-48.csv,GraphBIG,BFS,2239,6452,48,NA,NA,NA,NA,NA,NA,NA,NA,NA,0.000382378
parsed-maayan-figeys-48.csv,GraphMat,BFS,2239,6452,48,NA,NA,NA,NA,NA,NA,NA,NA,NA,0.004987125
parsed-maayan-figeys-56.csv,GAP,BFS,2239,6452,56,NA,NA,NA,NA,NA,NA,NA,NA,NA,0.00255375
parsed-maayan-figeys-56.csv,GraphBIG,BFS,2239,6452,56,NA,NA,NA,NA,NA,NA,NA,NA,NA,0.000398845
parsed-maayan-figeys-56.csv,GraphMat,BFS,2239,6452,56,NA,NA,NA,NA,NA,NA,NA,NA,NA,0.005215
parsed-roadNet-TX-1.csv,Galois,BFS,1379917,1921660,1,0.979,0.978,0.979,0.978,0.047,82869,0.02091,1056,670,0.0760625
parsed-roadNet-TX-1.csv,GAP,BFS,1379917,1921660,1,0.979,0.978,0.979,0.978,0.047,82869,0.02091,1056,670,0.077005
parsed-roadNet-TX-1.csv,GraphBIG,BFS,1379917,1921660,1,0.979,0.978,0.979,0.978,0.047,82869,0.02091,1056,670,1.27E-06
parsed-roadNet-TX-1.csv,GraphMat,BFS,1379917,1921660,1,0.979,0.978,0.979,0.978,0.047,82869,0.02091,1056,670,0.530522813
parsed-roadNet-TX-2.csv,Galois,BFS,1379917,1921660,2,0.979,0.978,0.979,0.978,0.047,82869,0.02091,1056,670,0.0698125
parsed-roadNet-TX-2.csv,GAP,BFS,1379917,1921660,2,0.979,0.978,0.979,0.978,0.047,82869,0.02091,1056,670,0.072854375
parsed-roadNet-TX-2.csv,GraphBIG,BFS,1379917,1921660,2,0.979,0.978,0.979,0.978,0.047,82869,0.02091,1056,670,1.15E-05
parsed-roadNet-TX-2.csv,GraphMat,BFS,1379917,1921660,2,0.979,0.978,0.979,0.978,0.047,82869,0.02091,1056,670,0.38098775
parsed-roadNet-TX-4.csv,Galois,BFS,1379917,1921660,4,0.979,0.978,0.979,0.978,0.047,82869,0.02091,1056,670,0.07375
parsed-roadNet-TX-4.csv,GAP,BFS,1379917,1921660,4,0.979,0.978,0.979,0.978,0.047,82869,0.02091,1056,670,0.050628125
parsed-roadNet-TX-4.csv,GraphBIG,BFS,1379917,1921660,4,0.979,0.978,0.979,0.978,0.047,82869,0.02091,1056,670,1.94E-05
parsed-roadNet-TX-4.csv,GraphMat,BFS,1379917,1921660,4,0.979,0.978,0.979,0.978,0.047,82869,0.02091,1056,670,0.260173625
parsed-roadNet-TX-8.csv,Galois,BFS,1379917,1921660,8,0.979,0.978,0.979,0.978,0.047,82869,0.02091,1056,670,0.1024375
parsed-roadNet-TX-8.csv,GAP,BFS,1379917,1921660,8,0.979,0.978,0.979,0.978,0.047,82869,0.02091,1056,670,0.037420625
parsed-roadNet-TX-8.csv,GraphBIG,BFS,1379917,1921660,8,0.979,0.978,0.979,0.978,0.047,82869,0.02091,1056,670,2.75E-05
parsed-roadNet-TX-8.csv,GraphMat,BFS,1379917,1921660,8,0.979,0.978,0.979,0.978,0.047,82869,0.02091,1056,670,0.195128938
parsed-roadNet-TX-16.csv,Galois,BFS,1379917,1921660,16,0.979,0.978,0.979,0.978,0.047,82869,0.02091,1056,670,0.1739375
parsed-roadNet-TX-16.csv,GAP,BFS,1379917,1921660,16,0.979,0.978,0.979,0.978,0.047,82869,0.02091,1056,670,0.030955
parsed-roadNet-TX-16.csv,GraphBIG,BFS,1379917,1921660,16,0.979,0.978,0.979,0.978,0.047,82869,0.02091,1056,670,5.12E-05
parsed-roadNet-TX-16.csv,GraphMat,BFS,1379917,1921660,16,0.979,0.978,0.979,0.978,0.047,82869,0.02091,1056,670,0.14771375
parsed-roadNet-TX-24.csv,Galois,BFS,1379917,1921660,24,0.979,0.978,0.979,0.978,0.047,82869,0.02091,1056,670,0.2730625
parsed-roadNet-TX-24.csv,GAP,BFS,1379917,1921660,24,0.979,0.978,0.979,0.978,0.047,82869,0.02091,1056,670,0.03188875
parsed-roadNet-TX-24.csv,GraphBIG,BFS,1379917,1921660,24,0.979,0.978,0.979,0.978,0.047,82869,0.02091,1056,670,6.08E-05
parsed-roadNet-TX-24.csv,GraphMat,BFS,1379917,1921660,24,0.979,0.978,0.979,0.978,0.047,82869,0.02091,1056,670,0.13071125
parsed-roadNet-TX-32.csv,Galois,BFS,1379917,1921660,32,0.979,0.978,0.979,0.978,0.047,82869,0.02091,1056,670,0.3206875
parsed-roadNet-TX-32.csv,GAP,BFS,1379917,1921660,32,0.979,0.978,0.979,0.978,0.047,82869,0.02091,1056,670,0.19861375
parsed-roadNet-TX-32.csv,GraphBIG,BFS,1379917,1921660,32,0.979,0.978,0.979,0.978,0.047,82869,0.02091,1056,670,0.000439272
parsed-roadNet-TX-32.csv,GraphMat,BFS,1379917,1921660,32,0.979,0.978,0.979,0.978,0.047,82869,0.02091,1056,670,0.149761688
parsed-roadNet-TX-40.csv,Galois,BFS,1379917,1921660,40,0.979,0.978,0.979,0.978,0.047,82869,0.02091,1056,670,0.3108125
parsed-roadNet-TX-40.csv,GAP,BFS,1379917,1921660,40,0.979,0.978,0.979,0.978,0.047,82869,0.02091,1056,670,0.237756875
parsed-roadNet-TX-40.csv,GraphBIG,BFS,1379917,1921660,40,0.979,0.978,0.979,0.978,0.047,82869,0.02091,1056,670,0.000569969
parsed-roadNet-TX-40.csv,GraphMat,BFS,1379917,1921660,40,0.979,0.978,0.979,0.978,0.047,82869,0.02091,1056,670,0.2409505
parsed-roadNet-TX-48.csv,Galois,BFS,1379917,1921660,48,0.979,0.978,0.979,0.978,0.047,82869,0.02091,1056,670,0.3144375
parsed-roadNet-TX-48.csv,GAP,BFS,1379917,1921660,48,0.979,0.978,0.979,0.978,0.047,82869,0.02091,1056,670,0.2829475
parsed-roadNet-TX-48.csv,GraphBIG,BFS,1379917,1921660,48,0.979,0.978,0.979,0.978,0.047,82869,0.02091,1056,670,0.000718981
parsed-roadNet-TX-48.csv,GraphMat,BFS,1379917,1921660,48,0.979,0.978,0.979,0.978,0.047,82869,0.02091,1056,670,0.269991375
parsed-roadNet-TX-56.csv,Galois,BFS,1379917,1921660,56,0.979,0.978,0.979,0.978,0.047,82869,0.02091,1056,670,0.314625
parsed-roadNet-TX-56.csv,GAP,BFS,1379917,1921660,56,0.979,0.978,0.979,0.978,0.047,82869,0.02091,1056,670,0.3466575
parsed-roadNet-TX-56.csv,GraphBIG,BFS,1379917,1921660,56,0.979,0.978,0.979,0.978,0.047,82869,0.02091,1056,670,0.000845895
parsed-roadNet-TX-56.csv,GraphMat,BFS,1379917,1921660,56,0.979,0.978,0.979,0.978,0.047,82869,0.02091,1056,670,0.289715063
parsed-kron-20_0.1_0.0_0.0-1.csv,Galois,BFS,1048576,16777216,1,0.999,1,0.999,1,0.0957,423625371,0.01322,7,3.6,0.407
parsed-kron-20_0.1_0.0_0.0-1.csv,GAP,BFS,1048576,16777216,1,0.999,1,0.999,1,0.0957,423625371,0.01322,7,3.6,0.046804
parsed-kron-20_0.1_0.0_0.0-1.csv,Graph500,BFS,1048576,16777216,1,0.999,1,0.999,1,0.0957,423625371,0.01322,7,3.6,0.001001966
parsed-kron-20_0.1_0.0_0.0-1.csv,GraphBIG,BFS,1048576,16777216,1,0.999,1,0.999,1,0.0957,423625371,0.01322,7,3.6,0.472973383
parsed-kron-20_0.1_0.0_0.0-1.csv,GraphMat,BFS,1048576,16777216,1,0.999,1,0.999,1,0.0957,423625371,0.01322,7,3.6,0.2729296
parsed-kron-20_0.1_0.0_0.1-1.csv,Graph500,BFS,1048576,16777216,1,0.999,1,0.999,1,0.0957,423625371,0.01322,7,3.6,0.00099932
parsed-kron-20_0.1_0.0_0.1-1.csv,GraphBIG,BFS,1048576,16777216,1,0.999,1,0.999,1,0.0957,423625371,0.01322,7,3.6,2.52535
parsed-kron-20_0.1_0.0_0.2-1.csv,Galois,BFS,1048576,16777216,1,0.999,1,0.999,1,0.0957,423625371,0.01322,7,3.6,0.404
parsed-kron-20_0.1_0.0_0.2-1.csv,GAP,BFS,1048576,16777216,1,0.999,1,0.999,1,0.0957,423625371,0.01322,7,3.6,0.043226
parsed-kron-20_0.1_0.0_0.2-1.csv,Graph500,BFS,1048576,16777216,1,0.999,1,0.999,1,0.0957,423625371,0.01322,7,3.6,0.001000599
parsed-kron-20_0.1_0.0_0.2-1.csv,GraphBIG,BFS,1048576,16777216,1,0.999,1,0.999,1,0.0957,423625371,0.01322,7,3.6,0.491010003
parsed-kron-20_0.1_0.0_0.2-1.csv,GraphMat,BFS,1048576,16777216,1,0.999,1,0.999,1,0.0957,423625371,0.01322,7,3.6,0.2733336
parsed-kron-20_0.1_0.0_0.3-1.csv,Galois,BFS,1048576,16777216,1,0.999,1,0.999,1,0.0957,423625371,0.01322,7,3.6,0.403
parsed-kron-20_0.1_0.0_0.3-1.csv,GAP,BFS,1048576,16777216,1,0.999,1,0.999,1,0.0957,423625371,0.01322,7,3.6,0.04259
parsed-kron-20_0.1_0.0_0.3-1.csv,Graph500,BFS,1048576,16777216,1,0.999,1,0.999,1,0.0957,423625371,0.01322,7,3.6,0.001001423
parsed-kron-20_0.1_0.0_0.3-1.csv,GraphBIG,BFS,1048576,16777216,1,0.999,1,0.999,1,0.0957,423625371,0.01322,7,3.6,0.461651764
parsed-kron-20_0.1_0.0_0.3-1.csv,GraphMat,BFS,1048576,16777216,1,0.999,1,0.999,1,0.0957,423625371,0.01322,7,3.6,0.2704046
parsed-kron-20_0.1_0.0_0.4-1.csv,Galois,BFS,1048576,16777216,1,0.999,1,0.999,1,0.0957,423625371,0.01322,7,3.6,0.408
parsed-kron-20_0.1_0.0_0.4-1.csv,GAP,BFS,1048576,16777216,1,0.999,1,0.999,1,0.0957,423625371,0.01322,7,3.6,0.056096
parsed-kron-20_0.1_0.0_0.4-1.csv,Graph500,BFS,1048576,16777216,1,0.999,1,0.999,1,0.0957,423625371,0.01322,7,3.6,0.000999952
parsed-kron-20_0.1_0.0_0.4-1.csv,GraphBIG,BFS,1048576,16777216,1,0.999,1,0.999,1,0.0957,423625371,0.01322,7,3.6,0.470571812
parsed-kron-20_0.1_0.0_0.4-1.csv,GraphMat,BFS,1048576,16777216,1,0.999,1,0.999,1,0.0957,423625371,0.01322,7,3.6,0.2728668
parsed-kron-20_0.1_0.0_0.5-1.csv,Graph500,BFS,1048576,16777216,1,0.999,1,0.999,1,0.0957,423625371,0.01322,7,3.6,0.001001378
parsed-kron-20_0.1_0.0_0.5-1.csv,GraphBIG,BFS,1048576,16777216,1,0.999,1,0.999,1,0.0957,423625371,0.01322,7,3.6,2.35249
parsed-kron-20_0.1_0.0_0.6-1.csv,Galois,BFS,1048576,16777216,1,0.999,1,0.999,1,0.0957,423625371,0.01322,7,3.6,0.401
parsed-kron-20_0.1_0.0_0.6-1.csv,GAP,BFS,1048576,16777216,1,0.999,1,0.999,1,0.0957,423625371,0.01322,7,3.6,0.064538
parsed-kron-20_0.1_0.0_0.6-1.csv,Graph500,BFS,1048576,16777216,1,0.999,1,0.999,1,0.0957,423625371,0.01322,7,3.6,0.001001935
parsed-kron-20_0.1_0.0_0.6-1.csv,GraphBIG,BFS,1048576,16777216,1,0.999,1,0.999,1,0.0957,423625371,0.01322,7,3.6,0.477945526
parsed-kron-20_0.1_0.0_0.6-1.csv,GraphMat,BFS,1048576,16777216,1,0.999,1,0.999,1,0.0957,423625371,0.01322,7,3.6,0.3088136
parsed-kron-20_0.1_0.0_0.7-1.csv,Galois,BFS,1048576,16777216,1,0.999,1,0.999,1,0.0957,423625371,0.01322,7,3.6,0.401
parsed-kron-20_0.1_0.0_0.7-1.csv,GAP,BFS,1048576,16777216,1,0.999,1,0.999,1,0.0957,423625371,0.01322,7,3.6,0.060126
parsed-kron-20_0.1_0.0_0.7-1.csv,Graph500,BFS,1048576,16777216,1,0.999,1,0.999,1,0.0957,423625371,0.01322,7,3.6,0.00036637
parsed-kron-20_0.1_0.0_0.7-1.csv,GraphBIG,BFS,1048576,16777216,1,0.999,1,0.999,1,0.0957,423625371,0.01322,7,3.6,0.475719717
parsed-kron-20_0.1_0.0_0.7-1.csv,GraphMat,BFS,1048576,16777216,1,0.999,1,0.999,1,0.0957,423625371,0.01322,7,3.6,0.2707456
parsed-kron-20_0.1_0.1_0.0-1.csv,Galois,BFS,1048576,16777216,1,0.999,1,0.999,1,0.0957,423625371,0.01322,7,3.6,0.407
parsed-kron-20_0.1_0.1_0.0-1.csv,GAP,BFS,1048576,16777216,1,0.999,1,0.999,1,0.0957,423625371,0.01322,7,3.6,0.04228
parsed-kron-20_0.1_0.1_0.0-1.csv,Graph500,BFS,1048576,16777216,1,0.999,1,0.999,1,0.0957,423625371,0.01322,7,3.6,0.001000947
parsed-kron-20_0.1_0.1_0.0-1.csv,GraphBIG,BFS,1048576,16777216,1,0.999,1,0.999,1,0.0957,423625371,0.01322,7,3.6,0.473260003
parsed-kron-20_0.1_0.1_0.0-1.csv,GraphMat,BFS,1048576,16777216,1,0.999,1,0.999,1,0.0957,423625371,0.01322,7,3.6,0.2708196
parsed-kron-20_0.1_0.1_0.1-1.csv,Galois,BFS,1048576,16777216,1,0.999,1,0.999,1,0.0957,423625371,0.01322,7,3.6,0.403
parsed-kron-20_0.1_0.1_0.1-1.csv,GAP,BFS,1048576,16777216,1,0.999,1,0.999,1,0.0957,423625371,0.01322,7,3.6,0.030924
parsed-kron-20_0.1_0.1_0.1-1.csv,Graph500,BFS,1048576,16777216,1,0.999,1,0.999,1,0.0957,423625371,0.01322,7,3.6,0.000362853
parsed-kron-20_0.1_0.1_0.1-1.csv,GraphBIG,BFS,1048576,16777216,1,0.999,1,0.999,1,0.0957,423625371,0.01322,7,3.6,0.472941621
parsed-kron-20_0.1_0.1_0.1-1.csv,GraphMat,BFS,1048576,16777216,1,0.999,1,0.999,1,0.0957,423625371,0.01322,7,3.6,0.2715642
parsed-kron-20_0.1_0.1_0.2-1.csv,Galois,BFS,1048576,16777216,1,0.999,1,0.999,1,0.0957,423625371,0.01322,7,3.6,0.406
parsed-kron-20_0.1_0.1_0.2-1.csv,GAP,BFS,1048576,16777216,1,0.999,1,0.999,1,0.0957,423625371,0.01322,7,3.6,0.049114
parsed-kron-20_0.1_0.1_0.2-1.csv,Graph500,BFS,1048576,16777216,1,0.999,1,0.999,1,0.0957,423625371,0.01322,7,3.6,0.00100007
parsed-kron-20_0.1_0.1_0.2-1.csv,GraphBIG,BFS,1048576,16777216,1,0.999,1,0.999,1,0.0957,423625371,0.01322,7,3.6,0.474029574
parsed-kron-20_0.1_0.1_0.2-1.csv,GraphMat,BFS,1048576,16777216,1,0.999,1,0.999,1,0.0957,423625371,0.01322,7,3.6,0.2720964
parsed-kron-20_0.1_0.1_0.3-1.csv,Galois,BFS,1048576,16777216,1,0.999,1,0.999,1,0.0957,423625371,0.01322,7,3.6,0.406
parsed-kron-20_0.1_0.1_0.3-1.csv,GAP,BFS,1048576,16777216,1,0.999,1,0.999,1,0.0957,423625371,0.01322,7,3.6,0.04502
parsed-kron-20_0.1_0.1_0.3-1.csv,Graph500,BFS,1048576,16777216,1,0.999,1,0.999,1,0.0957,423625371,0.01322,7,3.6,0.001000127
parsed-kron-20_0.1_0.1_0.3-1.csv,GraphBIG,BFS,1048576,16777216,1,0.999,1,0.999,1,0.0957,423625371,0.01322,7,3.6,0.475789812
parsed-kron-20_0.1_0.1_0.3-1.csv,GraphMat,BFS,1048576,16777216,1,0.999,1,0.999,1,0.0957,423625371,0.01322,7,3.6,0.3181422
parsed-kron-20_0.1_0.1_0.4-1.csv,Galois,BFS,1048576,16777216,1,0.999,1,0.999,1,0.0957,423625371,0.01322,7,3.6,0.408
parsed-kron-20_0.1_0.1_0.4-1.csv,GAP,BFS,1048576,16777216,1,0.999,1,0.999,1,0.0957,423625371,0.01322,7,3.6,0.041258
parsed-kron-20_0.1_0.1_0.4-1.csv,Graph500,BFS,1048576,16777216,1,0.999,1,0.999,1,0.0957,423625371,0.01322,7,3.6,0.001000137
parsed-kron-20_0.1_0.1_0.4-1.csv,GraphBIG,BFS,1048576,16777216,1,0.999,1,0.999,1,0.0957,423625371,0.01322,7,3.6,0.47558986
parsed-kron-20_0.1_0.1_0.4-1.csv,GraphMat,BFS,1048576,16777216,1,0.999,1,0.999,1,0.0957,423625371,0.01322,7,3.6,0.2727694
parsed-kron-20_0.1_0.1_0.5-1.csv,Galois,BFS,1048576,16777216,1,NA,NA,NA,NA,NA,NA,NA,NA,NA,0.402
parsed-kron-20_0.1_0.1_0.5-1.csv,GAP,BFS,1048576,16777216,1,NA,NA,NA,NA,NA,NA,NA,NA,NA,0.042586
parsed-kron-20_0.1_0.1_0.5-1.csv,Graph500,BFS,1048576,16777216,1,NA,NA,NA,NA,NA,NA,NA,NA,NA,0.001001165
parsed-kron-20_0.1_0.1_0.5-1.csv,GraphBIG,BFS,1048576,16777216,1,NA,NA,NA,NA,NA,NA,NA,NA,NA,0.49586186
parsed-kron-20_0.1_0.1_0.5-1.csv,GraphMat,BFS,1048576,16777216,1,NA,NA,NA,NA,NA,NA,NA,NA,NA,0.2692386
parsed-kron-20_0.1_0.2_0.0-1.csv,Galois,BFS,1048576,16777216,1,0.999,1,0.999,1,0.0957,423625371,0.01322,7,3.6,0.4
parsed-kron-20_0.1_0.2_0.0-1.csv,GAP,BFS,1048576,16777216,1,0.999,1,0.999,1,0.0957,423625371,0.01322,7,3.6,0.043014
parsed-kron-20_0.1_0.2_0.0-1.csv,Graph500,BFS,1048576,16777216,1,0.999,1,0.999,1,0.0957,423625371,0.01322,7,3.6,0.000958317
parsed-kron-20_0.1_0.2_0.0-1.csv,GraphBIG,BFS,1048576,16777216,1,0.999,1,0.999,1,0.0957,423625371,0.01322,7,3.6,0.478445621
parsed-kron-20_0.1_0.2_0.0-1.csv,GraphMat,BFS,1048576,16777216,1,0.999,1,0.999,1,0.0957,423625371,0.01322,7,3.6,0.2711554
parsed-kron-20_0.1_0.2_0.1-1.csv,Galois,BFS,1048576,16777216,1,0.999,1,0.999,1,0.0957,423625371,0.01322,7,3.6,0.401
parsed-kron-20_0.1_0.2_0.1-1.csv,GAP,BFS,1048576,16777216,1,0.999,1,0.999,1,0.0957,423625371,0.01322,7,3.6,0.041074
parsed-kron-20_0.1_0.2_0.1-1.csv,Graph500,BFS,1048576,16777216,1,0.999,1,0.999,1,0.0957,423625371,0.01322,7,3.6,0.000962111
parsed-kron-20_0.1_0.2_0.1-1.csv,GraphBIG,BFS,1048576,16777216,1,0.999,1,0.999,1,0.0957,423625371,0.01322,7,3.6,0.496317812
parsed-kron-20_0.1_0.2_0.1-1.csv,GraphMat,BFS,1048576,16777216,1,0.999,1,0.999,1,0.0957,423625371,0.01322,7,3.6,0.2726552
parsed-kron-20_0.1_0.2_0.2-1.csv,Galois,BFS,1048576,16777216,1,0.999,1,0.999,1,0.0957,423625371,0.01322,7,3.6,0.399
parsed-kron-20_0.1_0.2_0.2-1.csv,GAP,BFS,1048576,16777216,1,0.999,1,0.999,1,0.0957,423625371,0.01322,7,3.6,0.042938
parsed-kron-20_0.1_0.2_0.2-1.csv,Graph500,BFS,1048576,16777216,1,0.999,1,0.999,1,0.0957,423625371,0.01322,7,3.6,0.000956797
parsed-kron-20_0.1_0.2_0.2-1.csv,GraphBIG,BFS,1048576,16777216,1,0.999,1,0.999,1,0.0957,423625371,0.01322,7,3.6,0.474641907
parsed-kron-20_0.1_0.2_0.2-1.csv,GraphMat,BFS,1048576,16777216,1,0.999,1,0.999,1,0.0957,423625371,0.01322,7,3.6,0.2710474
parsed-kron-20_0.2_0.0_0.0-1.csv,Galois,BFS,1048576,16777216,1,0.999,1,0.999,1,0.0957,423625371,0.01322,7,3.6,0.413
parsed-kron-20_0.2_0.0_0.0-1.csv,GAP,BFS,1048576,16777216,1,0.999,1,0.999,1,0.0957,423625371,0.01322,7,3.6,0.056284
parsed-kron-20_0.2_0.0_0.0-1.csv,Graph500,BFS,1048576,16777216,1,0.999,1,0.999,1,0.0957,423625371,0.01322,7,3.6,0.001001201
parsed-kron-20_0.2_0.0_0.0-1.csv,GraphBIG,BFS,1048576,16777216,1,0.999,1,0.999,1,0.0957,423625371,0.01322,7,3.6,0.474619621
parsed-kron-20_0.2_0.0_0.0-1.csv,GraphMat,BFS,1048576,16777216,1,0.999,1,0.999,1,0.0957,423625371,0.01322,7,3.6,0.272809
parsed-kron-20_0.2_0.0_0.1-1.csv,Galois,BFS,1048576,16777216,1,0.999,1,0.999,1,0.0957,423625371,0.01322,7,3.6,0.399
parsed-kron-20_0.2_0.0_0.1-1.csv,GAP,BFS,1048576,16777216,1,0.999,1,0.999,1,0.0957,423625371,0.01322,7,3.6,0.041288
parsed-kron-20_0.2_0.0_0.1-1.csv,Graph500,BFS,1048576,16777216,1,0.999,1,0.999,1,0.0957,423625371,0.01322,7,3.6,0.000999908
parsed-kron-20_0.2_0.0_0.1-1.csv,GraphBIG,BFS,1048576,16777216,1,0.999,1,0.999,1,0.0957,423625371,0.01322,7,3.6,0.473035764
parsed-kron-20_0.2_0.0_0.1-1.csv,GraphMat,BFS,1048576,16777216,1,0.999,1,0.999,1,0.0957,423625371,0.01322,7,3.6,0.2704442
parsed-kron-20_0.2_0.0_0.2-1.csv,Galois,BFS,1048576,16777216,1,0.999,1,0.999,1,0.0957,423625371,0.01322,7,3.6,0.401
parsed-kron-20_0.2_0.0_0.2-1.csv,GAP,BFS,1048576,16777216,1,0.999,1,0.999,1,0.0957,423625371,0.01322,7,3.6,0.040238
parsed-kron-20_0.2_0.0_0.2-1.csv,Graph500,BFS,1048576,16777216,1,0.999,1,0.999,1,0.0957,423625371,0.01322,7,3.6,0.000923264
parsed-kron-20_0.2_0.0_0.2-1.csv,GraphBIG,BFS,1048576,16777216,1,0.999,1,0.999,1,0.0957,423625371,0.01322,7,3.6,0.476461383
parsed-kron-20_0.2_0.0_0.2-1.csv,GraphMat,BFS,1048576,16777216,1,0.999,1,0.999,1,0.0957,423625371,0.01322,7,3.6,0.2729602
parsed-kron-20_0.2_0.0_0.3-1.csv,Galois,BFS,1048576,16777216,1,0.999,1,0.999,1,0.0957,423625371,0.01322,7,3.6,0.405
parsed-kron-20_0.2_0.0_0.3-1.csv,GAP,BFS,1048576,16777216,1,0.999,1,0.999,1,0.0957,423625371,0.01322,7,3.6,0.047378
parsed-kron-20_0.2_0.0_0.3-1.csv,Graph500,BFS,1048576,16777216,1,0.999,1,0.999,1,0.0957,423625371,0.01322,7,3.6,0.001000031
parsed-kron-20_0.2_0.0_0.3-1.csv,GraphBIG,BFS,1048576,16777216,1,0.999,1,0.999,1,0.0957,423625371,0.01322,7,3.6,0.782318241
parsed-kron-20_0.2_0.0_0.3-1.csv,GraphMat,BFS,1048576,16777216,1,0.999,1,0.999,1,0.0957,423625371,0.01322,7,3.6,0.2706856
parsed-kron-20_0.2_0.0_0.4-1.csv,Galois,BFS,1048576,16777216,1,0.999,1,0.999,1,0.0957,423625371,0.01322,7,3.6,0.4
parsed-kron-20_0.2_0.0_0.4-1.csv,GAP,BFS,1048576,16777216,1,0.999,1,0.999,1,0.0957,423625371,0.01322,7,3.6,0.040494
parsed-kron-20_0.2_0.0_0.4-1.csv,Graph500,BFS,1048576,16777216,1,0.999,1,0.999,1,0.0957,423625371,0.01322,7,3.6,0.000999031
parsed-kron-20_0.2_0.0_0.4-1.csv,GraphBIG,BFS,1048576,16777216,1,0.999,1,0.999,1,0.0957,423625371,0.01322,7,3.6,0.472685621
parsed-kron-20_0.2_0.0_0.4-1.csv,GraphMat,BFS,1048576,16777216,1,0.999,1,0.999,1,0.0957,423625371,0.01322,7,3.6,0.2715552
parsed-kron-20_0.2_0.0_0.5-1.csv,Graph500,BFS,1048576,16777216,1,0.999,1,0.999,1,0.0957,423625371,0.01322,7,3.6,0.000892155
parsed-kron-20_0.2_0.0_0.5-1.csv,GraphBIG,BFS,1048576,16777216,1,0.999,1,0.999,1,0.0957,423625371,0.01322,7,3.6,2.36344
parsed-kron-20_0.2_0.0_0.6-1.csv,Galois,BFS,1048576,16777216,1,0.999,1,0.999,1,0.0957,423625371,0.01322,7,3.6,0.401
parsed-kron-20_0.2_0.0_0.6-1.csv,GAP,BFS,1048576,16777216,1,0.999,1,0.999,1,0.0957,423625371,0.01322,7,3.6,0.045254
parsed-kron-20_0.2_0.0_0.6-1.csv,Graph500,BFS,1048576,16777216,1,0.999,1,0.999,1,0.0957,423625371,0.01322,7,3.6,0.000927154
parsed-kron-20_0.2_0.0_0.6-1.csv,GraphBIG,BFS,1048576,16777216,1,0.999,1,0.999,1,0.0957,423625371,0.01322,7,3.6,0.472139431
parsed-kron-20_0.2_0.0_0.6-1.csv,GraphMat,BFS,1048576,16777216,1,0.999,1,0.999,1,0.0957,423625371,0.01322,7,3.6,0.2697238
parsed-kron-20_0.2_0.1_0.0-1.csv,Galois,BFS,1048576,16777216,1,0.999,1,0.999,1,0.0957,423625371,0.01322,7,3.6,0.405
parsed-kron-20_0.2_0.1_0.0-1.csv,GAP,BFS,1048576,16777216,1,0.999,1,0.999,1,0.0957,423625371,0.01322,7,3.6,0.0411
parsed-kron-20_0.2_0.1_0.0-1.csv,Graph500,BFS,1048576,16777216,1,0.999,1,0.999,1,0.0957,423625371,0.01322,7,3.6,0.001002172
parsed-kron-20_0.2_0.1_0.0-1.csv,GraphBIG,BFS,1048576,16777216,1,0.999,1,0.999,1,0.0957,423625371,0.01322,7,3.6,0.745284241
parsed-kron-20_0.2_0.1_0.0-1.csv,GraphMat,BFS,1048576,16777216,1,0.999,1,0.999,1,0.0957,423625371,0.01322,7,3.6,0.2729994
parsed-kron-20_0.2_0.1_0.1-1.csv,Galois,BFS,1048576,16777216,1,0.999,1,0.999,1,0.0957,423625371,0.01322,7,3.6,0.403
parsed-kron-20_0.2_0.1_0.1-1.csv,GAP,BFS,1048576,16777216,1,0.999,1,0.999,1,0.0957,423625371,0.01322,7,3.6,0.042372
parsed-kron-20_0.2_0.1_0.1-1.csv,Graph500,BFS,1048576,16777216,1,0.999,1,0.999,1,0.0957,423625371,0.01322,7,3.6,0.001001272
parsed-kron-20_0.2_0.1_0.1-1.csv,GraphBIG,BFS,1048576,16777216,1,0.999,1,0.999,1,0.0957,423625371,0.01322,7,3.6,0.476821812
parsed-kron-20_0.2_0.1_0.1-1.csv,GraphMat,BFS,1048576,16777216,1,0.999,1,0.999,1,0.0957,423625371,0.01322,7,3.6,0.2687564
parsed-kron-20_0.2_0.1_0.2-1.csv,Galois,BFS,1048576,16777216,1,0.999,1,0.999,1,0.0957,423625371,0.01322,7,3.6,0.405
parsed-kron-20_0.2_0.1_0.2-1.csv,GAP,BFS,1048576,16777216,1,0.999,1,0.999,1,0.0957,423625371,0.01322,7,3.6,0.047292
parsed-kron-20_0.2_0.1_0.2-1.csv,Graph500,BFS,1048576,16777216,1,0.999,1,0.999,1,0.0957,423625371,0.01322,7,3.6,0.001000477
parsed-kron-20_0.2_0.1_0.2-1.csv,GraphBIG,BFS,1048576,16777216,1,0.999,1,0.999,1,0.0957,423625371,0.01322,7,3.6,0.473227812
parsed-kron-20_0.2_0.1_0.2-1.csv,GraphMat,BFS,1048576,16777216,1,0.999,1,0.999,1,0.0957,423625371,0.01322,7,3.6,0.2711402
parsed-kron-20_0.2_0.1_0.3-1.csv,Galois,BFS,1048576,16777216,1,0.999,1,0.999,1,0.0957,423625371,0.01322,7,3.6,0.401
parsed-kron-20_0.2_0.1_0.3-1.csv,GAP,BFS,1048576,16777216,1,0.999,1,0.999,1,0.0957,423625371,0.01322,7,3.6,0.059458
parsed-kron-20_0.2_0.1_0.3-1.csv,Graph500,BFS,1048576,16777216,1,0.999,1,0.999,1,0.0957,423625371,0.01322,7,3.6,0.000999089
parsed-kron-20_0.2_0.1_0.3-1.csv,GraphBIG,BFS,1048576,16777216,1,0.999,1,0.999,1,0.0957,423625371,0.01322,7,3.6,0.474967812
parsed-kron-20_0.2_0.1_0.3-1.csv,GraphMat,BFS,1048576,16777216,1,0.999,1,0.999,1,0.0957,423625371,0.01322,7,3.6,0.2715028
parsed-kron-20_0.2_0.1_0.4-1.csv,Galois,BFS,1048576,16777216,1,NA,NA,NA,NA,NA,NA,NA,NA,NA,0.397
parsed-kron-20_0.2_0.1_0.4-1.csv,GAP,BFS,1048576,16777216,1,NA,NA,NA,NA,NA,NA,NA,NA,NA,0.061138
parsed-kron-20_0.2_0.1_0.4-1.csv,Graph500,BFS,1048576,16777216,1,NA,NA,NA,NA,NA,NA,NA,NA,NA,0.000999547
parsed-kron-20_0.2_0.1_0.4-1.csv,GraphBIG,BFS,1048576,16777216,1,NA,NA,NA,NA,NA,NA,NA,NA,NA,0.473621621
parsed-kron-20_0.2_0.1_0.4-1.csv,GraphMat,BFS,1048576,16777216,1,NA,NA,NA,NA,NA,NA,NA,NA,NA,0.272149
parsed-kron-20_0.2_0.2_0.0-1.csv,Galois,BFS,1048576,16777216,1,0.999,1,0.999,1,0.0957,423625371,0.01322,7,3.6,0.398
parsed-kron-20_0.2_0.2_0.0-1.csv,GAP,BFS,1048576,16777216,1,0.999,1,0.999,1,0.0957,423625371,0.01322,7,3.6,0.045514
parsed-kron-20_0.2_0.2_0.0-1.csv,Graph500,BFS,1048576,16777216,1,0.999,1,0.999,1,0.0957,423625371,0.01322,7,3.6,0.001001537
parsed-kron-20_0.2_0.2_0.0-1.csv,GraphBIG,BFS,1048576,16777216,1,0.999,1,0.999,1,0.0957,423625371,0.01322,7,3.6,0.47980386
parsed-kron-20_0.2_0.2_0.0-1.csv,GraphMat,BFS,1048576,16777216,1,0.999,1,0.999,1,0.0957,423625371,0.01322,7,3.6,0.2730368
parsed-kron-20_0.2_0.2_0.1-1.csv,Galois,BFS,1048576,16777216,1,0.999,1,0.999,1,0.0957,423625371,0.01322,7,3.6,0.403
parsed-kron-20_0.2_0.2_0.1-1.csv,GAP,BFS,1048576,16777216,1,0.999,1,0.999,1,0.0957,423625371,0.01322,7,3.6,0.053852
parsed-kron-20_0.2_0.2_0.1-1.csv,Graph500,BFS,1048576,16777216,1,0.999,1,0.999,1,0.0957,423625371,0.01322,7,3.6,0.001000898
parsed-kron-20_0.2_0.2_0.1-1.csv,GraphBIG,BFS,1048576,16777216,1,0.999,1,0.999,1,0.0957,423625371,0.01322,7,3.6,0.466819478
parsed-kron-20_0.2_0.2_0.1-1.csv,GraphMat,BFS,1048576,16777216,1,0.999,1,0.999,1,0.0957,423625371,0.01322,7,3.6,0.2717128
parsed-kron-20_0.3_0.0_0.0-1.csv,Galois,BFS,1048576,16777216,1,0.999,1,0.999,1,0.0957,423625371,0.01322,7,3.6,0.406
parsed-kron-20_0.3_0.0_0.0-1.csv,GAP,BFS,1048576,16777216,1,0.999,1,0.999,1,0.0957,423625371,0.01322,7,3.6,0.053798
parsed-kron-20_0.3_0.0_0.0-1.csv,Graph500,BFS,1048576,16777216,1,0.999,1,0.999,1,0.0957,423625371,0.01322,7,3.6,0.001000876
parsed-kron-20_0.3_0.0_0.0-1.csv,GraphBIG,BFS,1048576,16777216,1,0.999,1,0.999,1,0.0957,423625371,0.01322,7,3.6,0.518663812
parsed-kron-20_0.3_0.0_0.0-1.csv,GraphMat,BFS,1048576,16777216,1,0.999,1,0.999,1,0.0957,423625371,0.01322,7,3.6,0.2725986
parsed-kron-20_0.3_0.0_0.1-1.csv,Galois,BFS,1048576,16777216,1,0.999,1,0.999,1,0.0957,423625371,0.01322,7,3.6,0.4
parsed-kron-20_0.3_0.0_0.1-1.csv,GAP,BFS,1048576,16777216,1,0.999,1,0.999,1,0.0957,423625371,0.01322,7,3.6,0.041596
parsed-kron-20_0.3_0.0_0.1-1.csv,Graph500,BFS,1048576,16777216,1,0.999,1,0.999,1,0.0957,423625371,0.01322,7,3.6,0.001000293
parsed-kron-20_0.3_0.0_0.1-1.csv,GraphBIG,BFS,1048576,16777216,1,0.999,1,0.999,1,0.0957,423625371,0.01322,7,3.6,0.751323621
parsed-kron-20_0.3_0.0_0.1-1.csv,GraphMat,BFS,1048576,16777216,1,0.999,1,0.999,1,0.0957,423625371,0.01322,7,3.6,0.2855888
parsed-kron-20_0.3_0.0_0.2-1.csv,Galois,BFS,1048576,16777216,1,0.999,1,0.999,1,0.0957,423625371,0.01322,7,3.6,0.402
parsed-kron-20_0.3_0.0_0.2-1.csv,GAP,BFS,1048576,16777216,1,0.999,1,0.999,1,0.0957,423625371,0.01322,7,3.6,0.05317
parsed-kron-20_0.3_0.0_0.2-1.csv,Graph500,BFS,1048576,16777216,1,0.999,1,0.999,1,0.0957,423625371,0.01322,7,3.6,0.000885583
parsed-kron-20_0.3_0.0_0.2-1.csv,GraphBIG,BFS,1048576,16777216,1,0.999,1,0.999,1,0.0957,423625371,0.01322,7,3.6,0.465649669
parsed-kron-20_0.3_0.0_0.2-1.csv,GraphMat,BFS,1048576,16777216,1,0.999,1,0.999,1,0.0957,423625371,0.01322,7,3.6,0.2705804
parsed-kron-20_0.3_0.0_0.3-1.csv,Galois,BFS,1048576,16777216,1,0.999,1,0.999,1,0.0957,423625371,0.01322,7,3.6,0.402
parsed-kron-20_0.3_0.0_0.3-1.csv,GAP,BFS,1048576,16777216,1,0.999,1,0.999,1,0.0957,423625371,0.01322,7,3.6,0.040986
parsed-kron-20_0.3_0.0_0.3-1.csv,Graph500,BFS,1048576,16777216,1,0.999,1,0.999,1,0.0957,423625371,0.01322,7,3.6,0.001000807
parsed-kron-20_0.3_0.0_0.3-1.csv,GraphBIG,BFS,1048576,16777216,1,0.999,1,0.999,1,0.0957,423625371,0.01322,7,3.6,0.52291186
parsed-kron-20_0.3_0.0_0.3-1.csv,GraphMat,BFS,1048576,16777216,1,0.999,1,0.999,1,0.0957,423625371,0.01322,7,3.6,0.2723898
parsed-kron-20_0.3_0.0_0.4-1.csv,Galois,BFS,1048576,16777216,1,0.999,1,0.999,1,0.0957,423625371,0.01322,7,3.6,0.404
parsed-kron-20_0.3_0.0_0.4-1.csv,GAP,BFS,1048576,16777216,1,0.999,1,0.999,1,0.0957,423625371,0.01322,7,3.6,0.062154
parsed-kron-20_0.3_0.0_0.4-1.csv,Graph500,BFS,1048576,16777216,1,0.999,1,0.999,1,0.0957,423625371,0.01322,7,3.6,0.000999667
parsed-kron-20_0.3_0.0_0.4-1.csv,GraphBIG,BFS,1048576,16777216,1,0.999,1,0.999,1,0.0957,423625371,0.01322,7,3.6,0.470611955
parsed-kron-20_0.3_0.0_0.4-1.csv,GraphMat,BFS,1048576,16777216,1,0.999,1,0.999,1,0.0957,423625371,0.01322,7,3.6,0.2726188
parsed-kron-20_0.3_0.0_0.5-1.csv,Galois,BFS,1048576,16777216,1,0.999,1,0.999,1,0.0957,423625371,0.01322,7,3.6,0.402
parsed-kron-20_0.3_0.0_0.5-1.csv,GAP,BFS,1048576,16777216,1,0.999,1,0.999,1,0.0957,423625371,0.01322,7,3.6,0.049612
parsed-kron-20_0.3_0.0_0.5-1.csv,Graph500,BFS,1048576,16777216,1,0.999,1,0.999,1,0.0957,423625371,0.01322,7,3.6,0.000866885
parsed-kron-20_0.3_0.0_0.5-1.csv,GraphBIG,BFS,1048576,16777216,1,0.999,1,0.999,1,0.0957,423625371,0.01322,7,3.6,0.474919764
parsed-kron-20_0.3_0.0_0.5-1.csv,GraphMat,BFS,1048576,16777216,1,0.999,1,0.999,1,0.0957,423625371,0.01322,7,3.6,0.269899
parsed-kron-20_0.3_0.1_0.0-1.csv,Galois,BFS,1048576,16777216,1,0.999,1,0.999,1,0.0957,423625371,0.01322,7,3.6,0.405
parsed-kron-20_0.3_0.1_0.0-1.csv,GAP,BFS,1048576,16777216,1,0.999,1,0.999,1,0.0957,423625371,0.01322,7,3.6,0.046388
parsed-kron-20_0.3_0.1_0.0-1.csv,Graph500,BFS,1048576,16777216,1,0.999,1,0.999,1,0.0957,423625371,0.01322,7,3.6,0.000377104
parsed-kron-20_0.3_0.1_0.0-1.csv,GraphBIG,BFS,1048576,16777216,1,0.999,1,0.999,1,0.0957,423625371,0.01322,7,3.6,0.473583812
parsed-kron-20_0.3_0.1_0.0-1.csv,GraphMat,BFS,1048576,16777216,1,0.999,1,0.999,1,0.0957,423625371,0.01322,7,3.6,0.2716054
parsed-kron-20_0.3_0.1_0.1-1.csv,Galois,BFS,1048576,16777216,1,0.999,1,0.999,1,0.0957,423625371,0.01322,7,3.6,0.401
parsed-kron-20_0.3_0.1_0.1-1.csv,GAP,BFS,1048576,16777216,1,0.999,1,0.999,1,0.0957,423625371,0.01322,7,3.6,0.04695
parsed-kron-20_0.3_0.1_0.1-1.csv,Graph500,BFS,1048576,16777216,1,0.999,1,0.999,1,0.0957,423625371,0.01322,7,3.6,0.000999962
parsed-kron-20_0.3_0.1_0.1-1.csv,GraphBIG,BFS,1048576,16777216,1,0.999,1,0.999,1,0.0957,423625371,0.01322,7,3.6,0.477211764
parsed-kron-20_0.3_0.1_0.1-1.csv,GraphMat,BFS,1048576,16777216,1,0.999,1,0.999,1,0.0957,423625371,0.01322,7,3.6,0.2708184
parsed-kron-20_0.3_0.1_0.2-1.csv,Galois,BFS,1048576,16777216,1,0.999,1,0.999,1,0.0957,423625371,0.01322,7,3.6,0.404
parsed-kron-20_0.3_0.1_0.2-1.csv,GAP,BFS,1048576,16777216,1,0.999,1,0.999,1,0.0957,423625371,0.01322,7,3.6,0.045
parsed-kron-20_0.3_0.1_0.2-1.csv,Graph500,BFS,1048576,16777216,1,0.999,1,0.999,1,0.0957,423625371,0.01322,7,3.6,0.00100052
parsed-kron-20_0.3_0.1_0.2-1.csv,GraphBIG,BFS,1048576,16777216,1,0.999,1,0.999,1,0.0957,423625371,0.01322,7,3.6,0.486290003
parsed-kron-20_0.3_0.1_0.2-1.csv,GraphMat,BFS,1048576,16777216,1,0.999,1,0.999,1,0.0957,423625371,0.01322,7,3.6,0.2716254
parsed-kron-20_0.3_0.1_0.3-1.csv,Galois,BFS,1048576,16777216,1,0.999,1,0.999,1,0.0957,423625371,0.01322,7,3.6,0.414
parsed-kron-20_0.3_0.1_0.3-1.csv,GAP,BFS,1048576,16777216,1,0.999,1,0.999,1,0.0957,423625371,0.01322,7,3.6,0.0605
parsed-kron-20_0.3_0.1_0.3-1.csv,Graph500,BFS,1048576,16777216,1,0.999,1,0.999,1,0.0957,423625371,0.01322,7,3.6,0.000999447
parsed-kron-20_0.3_0.1_0.3-1.csv,GraphBIG,BFS,1048576,16777216,1,0.999,1,0.999,1,0.0957,423625371,0.01322,7,3.6,0.544623621
parsed-kron-20_0.3_0.1_0.3-1.csv,GraphMat,BFS,1048576,16777216,1,0.999,1,0.999,1,0.0957,423625371,0.01322,7,3.6,0.2712172
parsed-kron-20_0.3_0.2_0.0-1.csv,Galois,BFS,1048576,16777216,1,0.999,1,0.999,1,0.0957,423625371,0.01322,7,3.6,0.4
parsed-kron-20_0.3_0.2_0.0-1.csv,GAP,BFS,1048576,16777216,1,0.999,1,0.999,1,0.0957,423625371,0.01322,7,3.6,0.060606
parsed-kron-20_0.3_0.2_0.0-1.csv,Graph500,BFS,1048576,16777216,1,0.999,1,0.999,1,0.0957,423625371,0.01322,7,3.6,0.001000448
parsed-kron-20_0.3_0.2_0.0-1.csv,GraphBIG,BFS,1048576,16777216,1,0.999,1,0.999,1,0.0957,423625371,0.01322,7,3.6,0.473829621
parsed-kron-20_0.3_0.2_0.0-1.csv,GraphMat,BFS,1048576,16777216,1,0.999,1,0.999,1,0.0957,423625371,0.01322,7,3.6,0.3276704
parsed-kron-20_0.4_0.0_0.0-1.csv,Galois,BFS,1048576,16777216,1,0.999,1,0.999,1,0.0957,423625371,0.01322,7,3.6,0.401
parsed-kron-20_0.4_0.0_0.0-1.csv,GAP,BFS,1048576,16777216,1,0.999,1,0.999,1,0.0957,423625371,0.01322,7,3.6,0.057378
parsed-kron-20_0.4_0.0_0.0-1.csv,Graph500,BFS,1048576,16777216,1,0.999,1,0.999,1,0.0957,423625371,0.01322,7,3.6,0.001001408
parsed-kron-20_0.4_0.0_0.0-1.csv,GraphBIG,BFS,1048576,16777216,1,0.999,1,0.999,1,0.0957,423625371,0.01322,7,3.6,0.47529205
parsed-kron-20_0.4_0.0_0.0-1.csv,GraphMat,BFS,1048576,16777216,1,0.999,1,0.999,1,0.0957,423625371,0.01322,7,3.6,0.2724078
parsed-kron-20_0.4_0.0_0.1-1.csv,Galois,BFS,1048576,16777216,1,0.999,1,0.999,1,0.0957,423625371,0.01322,7,3.6,0.405
parsed-kron-20_0.4_0.0_0.1-1.csv,GAP,BFS,1048576,16777216,1,0.999,1,0.999,1,0.0957,423625371,0.01322,7,3.6,0.047678
parsed-kron-20_0.4_0.0_0.1-1.csv,Graph500,BFS,1048576,16777216,1,0.999,1,0.999,1,0.0957,423625371,0.01322,7,3.6,0.000926915
parsed-kron-20_0.4_0.0_0.1-1.csv,GraphBIG,BFS,1048576,16777216,1,0.999,1,0.999,1,0.0957,423625371,0.01322,7,3.6,0.472573764
parsed-kron-20_0.4_0.0_0.1-1.csv,GraphMat,BFS,1048576,16777216,1,0.999,1,0.999,1,0.0957,423625371,0.01322,7,3.6,0.2716362
parsed-kron-20_0.4_0.0_0.2-1.csv,Galois,BFS,1048576,16777216,1,0.999,1,0.999,1,0.0957,423625371,0.01322,7,3.6,0.399
parsed-kron-20_0.4_0.0_0.2-1.csv,GAP,BFS,1048576,16777216,1,0.999,1,0.999,1,0.0957,423625371,0.01322,7,3.6,0.04086
parsed-kron-20_0.4_0.0_0.2-1.csv,Graph500,BFS,1048576,16777216,1,0.999,1,0.999,1,0.0957,423625371,0.01322,7,3.6,0.001002367
parsed-kron-20_0.4_0.0_0.2-1.csv,GraphBIG,BFS,1048576,16777216,1,0.999,1,0.999,1,0.0957,423625371,0.01322,7,3.6,0.469066003
parsed-kron-20_0.4_0.0_0.2-1.csv,GraphMat,BFS,1048576,16777216,1,0.999,1,0.999,1,0.0957,423625371,0.01322,7,3.6,0.2723164
parsed-kron-20_0.4_0.0_0.3-1.csv,Galois,BFS,1048576,16777216,1,0.999,1,0.999,1,0.0957,423625371,0.01322,7,3.6,0.405
parsed-kron-20_0.4_0.0_0.3-1.csv,GAP,BFS,1048576,16777216,1,0.999,1,0.999,1,0.0957,423625371,0.01322,7,3.6,0.04099
parsed-kron-20_0.4_0.0_0.3-1.csv,Graph500,BFS,1048576,16777216,1,0.999,1,0.999,1,0.0957,423625371,0.01322,7,3.6,0.001001462
parsed-kron-20_0.4_0.0_0.3-1.csv,GraphBIG,BFS,1048576,16777216,1,0.999,1,0.999,1,0.0957,423625371,0.01322,7,3.6,0.472913621
parsed-kron-20_0.4_0.0_0.3-1.csv,GraphMat,BFS,1048576,16777216,1,0.999,1,0.999,1,0.0957,423625371,0.01322,7,3.6,0.2721378
parsed-kron-20_0.4_0.0_0.4-1.csv,Galois,BFS,1048576,16777216,1,0.999,1,0.999,1,0.0957,423625371,0.01322,7,3.6,0.401
parsed-kron-20_0.4_0.0_0.4-1.csv,GAP,BFS,1048576,16777216,1,0.999,1,0.999,1,0.0957,423625371,0.01322,7,3.6,0.039876
parsed-kron-20_0.4_0.0_0.4-1.csv,Graph500,BFS,1048576,16777216,1,0.999,1,0.999,1,0.0957,423625371,0.01322,7,3.6,0.000986481
parsed-kron-20_0.4_0.0_0.4-1.csv,GraphBIG,BFS,1048576,16777216,1,0.999,1,0.999,1,0.0957,423625371,0.01322,7,3.6,0.478071621
parsed-kron-20_0.4_0.0_0.4-1.csv,GraphMat,BFS,1048576,16777216,1,0.999,1,0.999,1,0.0957,423625371,0.01322,7,3.6,0.2828488
parsed-kron-20_0.4_0.1_0.0-1.csv,Galois,BFS,1048576,16777216,1,0.999,1,0.999,1,0.0957,423625371,0.01322,7,3.6,0.4
parsed-kron-20_0.4_0.1_0.0-1.csv,GAP,BFS,1048576,16777216,1,0.999,1,0.999,1,0.0957,423625371,0.01322,7,3.6,0.041222
parsed-kron-20_0.4_0.1_0.0-1.csv,Graph500,BFS,1048576,16777216,1,0.999,1,0.999,1,0.0957,423625371,0.01322,7,3.6,0.001001607
parsed-kron-20_0.4_0.1_0.0-1.csv,GraphBIG,BFS,1048576,16777216,1,0.999,1,0.999,1,0.0957,423625371,0.01322,7,3.6,0.473723812
parsed-kron-20_0.4_0.1_0.0-1.csv,GraphMat,BFS,1048576,16777216,1,0.999,1,0.999,1,0.0957,423625371,0.01322,7,3.6,0.270597
parsed-kron-20_0.4_0.1_0.1-1.csv,Galois,BFS,1048576,16777216,1,0.999,1,0.999,1,0.0957,423625371,0.01322,7,3.6,0.407
parsed-kron-20_0.4_0.1_0.1-1.csv,GAP,BFS,1048576,16777216,1,0.999,1,0.999,1,0.0957,423625371,0.01322,7,3.6,0.033616
parsed-kron-20_0.4_0.1_0.1-1.csv,Graph500,BFS,1048576,16777216,1,0.999,1,0.999,1,0.0957,423625371,0.01322,7,3.6,0.0003666
parsed-kron-20_0.4_0.1_0.1-1.csv,GraphBIG,BFS,1048576,16777216,1,0.999,1,0.999,1,0.0957,423625371,0.01322,7,3.6,0.473403812
parsed-kron-20_0.4_0.1_0.1-1.csv,GraphMat,BFS,1048576,16777216,1,0.999,1,0.999,1,0.0957,423625371,0.01322,7,3.6,0.2728674
parsed-kron-20_0.4_0.1_0.2-1.csv,Galois,BFS,1048576,16777216,1,0.999,1,0.999,1,0.0957,423625371,0.01322,7,3.6,0.397
parsed-kron-20_0.4_0.1_0.2-1.csv,GAP,BFS,1048576,16777216,1,0.999,1,0.999,1,0.0957,423625371,0.01322,7,3.6,0.057372
parsed-kron-20_0.4_0.1_0.2-1.csv,Graph500,BFS,1048576,16777216,1,0.999,1,0.999,1,0.0957,423625371,0.01322,7,3.6,0.001000483
parsed-kron-20_0.4_0.1_0.2-1.csv,GraphBIG,BFS,1048576,16777216,1,0.999,1,0.999,1,0.0957,423625371,0.01322,7,3.6,0.472725812
parsed-kron-20_0.4_0.1_0.2-1.csv,GraphMat,BFS,1048576,16777216,1,0.999,1,0.999,1,0.0957,423625371,0.01322,7,3.6,0.2701894
parsed-kron-20_0.5_0.0_0.0-1.csv,Galois,BFS,1048576,16777216,1,0.999,1,0.999,1,0.0957,423625371,0.01322,7,3.6,0.401
parsed-kron-20_0.5_0.0_0.0-1.csv,GAP,BFS,1048576,16777216,1,0.999,1,0.999,1,0.0957,423625371,0.01322,7,3.6,0.050672
parsed-kron-20_0.5_0.0_0.0-1.csv,Graph500,BFS,1048576,16777216,1,0.999,1,0.999,1,0.0957,423625371,0.01322,7,3.6,0.001001356
parsed-kron-20_0.5_0.0_0.0-1.csv,GraphBIG,BFS,1048576,16777216,1,0.999,1,0.999,1,0.0957,423625371,0.01322,7,3.6,0.470161955
parsed-kron-20_0.5_0.0_0.0-1.csv,GraphMat,BFS,1048576,16777216,1,0.999,1,0.999,1,0.0957,423625371,0.01322,7,3.6,0.2718854
parsed-kron-20_0.5_0.0_0.1-1.csv,Galois,BFS,1048576,16777216,1,0.999,1,0.999,1,0.0957,423625371,0.01322,7,3.6,0.401
parsed-kron-20_0.5_0.0_0.1-1.csv,GAP,BFS,1048576,16777216,1,0.999,1,0.999,1,0.0957,423625371,0.01322,7,3.6,0.059618
parsed-kron-20_0.5_0.0_0.1-1.csv,Graph500,BFS,1048576,16777216,1,0.999,1,0.999,1,0.0957,423625371,0.01322,7,3.6,0.001002124
parsed-kron-20_0.5_0.0_0.1-1.csv,GraphBIG,BFS,1048576,16777216,1,0.999,1,0.999,1,0.0957,423625371,0.01322,7,3.6,0.474631764
parsed-kron-20_0.5_0.0_0.1-1.csv,GraphMat,BFS,1048576,16777216,1,0.999,1,0.999,1,0.0957,423625371,0.01322,7,3.6,0.2722522
parsed-kron-20_0.5_0.0_0.2-1.csv,Galois,BFS,1048576,16777216,1,0.999,1,0.999,1,0.0957,423625371,0.01322,7,3.6,0.4
parsed-kron-20_0.5_0.0_0.2-1.csv,GAP,BFS,1048576,16777216,1,0.999,1,0.999,1,0.0957,423625371,0.01322,7,3.6,0.046676
parsed-kron-20_0.5_0.0_0.2-1.csv,Graph500,BFS,1048576,16777216,1,0.999,1,0.999,1,0.0957,423625371,0.01322,7,3.6,0.001001934
parsed-kron-20_0.5_0.0_0.2-1.csv,GraphBIG,BFS,1048576,16777216,1,0.999,1,0.999,1,0.0957,423625371,0.01322,7,3.6,0.473379764
parsed-kron-20_0.5_0.0_0.2-1.csv,GraphMat,BFS,1048576,16777216,1,0.999,1,0.999,1,0.0957,423625371,0.01322,7,3.6,0.2721164
parsed-kron-20_0.5_0.0_0.3-1.csv,Galois,BFS,1048576,16777216,1,0.999,1,0.999,1,0.0957,423625371,0.01322,7,3.6,0.409
parsed-kron-20_0.5_0.0_0.3-1.csv,GAP,BFS,1048576,16777216,1,0.999,1,0.999,1,0.0957,423625371,0.01322,7,3.6,0.047464
parsed-kron-20_0.5_0.0_0.3-1.csv,Graph500,BFS,1048576,16777216,1,0.999,1,0.999,1,0.0957,423625371,0.01322,7,3.6,0.001000656
parsed-kron-20_0.5_0.0_0.3-1.csv,GraphBIG,BFS,1048576,16777216,1,0.999,1,0.999,1,0.0957,423625371,0.01322,7,3.6,0.474379621
parsed-kron-20_0.5_0.0_0.3-1.csv,GraphMat,BFS,1048576,16777216,1,0.999,1,0.999,1,0.0957,423625371,0.01322,7,3.6,0.2703566
parsed-kron-20_0.5_0.1_0.0-1.csv,Galois,BFS,1048576,16777216,1,0.999,1,0.999,1,0.0957,423625371,0.01322,7,3.6,0.404
parsed-kron-20_0.5_0.1_0.0-1.csv,GAP,BFS,1048576,16777216,1,0.999,1,0.999,1,0.0957,423625371,0.01322,7,3.6,0.04765
parsed-kron-20_0.5_0.1_0.0-1.csv,Graph500,BFS,1048576,16777216,1,0.999,1,0.999,1,0.0957,423625371,0.01322,7,3.6,0.001001789
parsed-kron-20_0.5_0.1_0.0-1.csv,GraphBIG,BFS,1048576,16777216,1,0.999,1,0.999,1,0.0957,423625371,0.01322,7,3.6,0.476115955
parsed-kron-20_0.5_0.1_0.0-1.csv,GraphMat,BFS,1048576,16777216,1,0.999,1,0.999,1,0.0957,423625371,0.01322,7,3.6,0.2738892
parsed-kron-20_0.5_0.1_0.1-1.csv,Galois,BFS,1048576,16777216,1,0.999,1,0.999,1,0.0957,423625371,0.01322,7,3.6,0.365
parsed-kron-20_0.5_0.1_0.1-1.csv,GAP,BFS,1048576,16777216,1,0.999,1,0.999,1,0.0957,423625371,0.01322,7,3.6,0.039806
parsed-kron-20_0.5_0.1_0.1-1.csv,Graph500,BFS,1048576,16777216,1,0.999,1,0.999,1,0.0957,423625371,0.01322,7,3.6,0.001001333
parsed-kron-20_0.5_0.1_0.1-1.csv,GraphBIG,BFS,1048576,16777216,1,0.999,1,0.999,1,0.0957,423625371,0.01322,7,3.6,0.466715669
parsed-kron-20_0.5_0.1_0.1-1.csv,GraphMat,BFS,1048576,16777216,1,0.999,1,0.999,1,0.0957,423625371,0.01322,7,3.6,0.2710986
parsed-kron-20_0.6_0.0_0.0-1.csv,Galois,BFS,1048576,16777216,1,0.999,1,0.999,1,0.0957,423625371,0.01322,7,3.6,0.408
parsed-kron-20_0.6_0.0_0.0-1.csv,GAP,BFS,1048576,16777216,1,0.999,1,0.999,1,0.0957,423625371,0.01322,7,3.6,0.03394
parsed-kron-20_0.6_0.0_0.0-1.csv,Graph500,BFS,1048576,16777216,1,0.999,1,0.999,1,0.0957,423625371,0.01322,7,3.6,0.000356282
parsed-kron-20_0.6_0.0_0.0-1.csv,GraphBIG,BFS,1048576,16777216,1,0.999,1,0.999,1,0.0957,423625371,0.01322,7,3.6,0.473479955
parsed-kron-20_0.6_0.0_0.0-1.csv,GraphMat,BFS,1048576,16777216,1,0.999,1,0.999,1,0.0957,423625371,0.01322,7,3.6,0.2720962
parsed-kron-20_0.6_0.0_0.1-1.csv,Galois,BFS,1048576,16777216,1,0.999,1,0.999,1,0.0957,423625371,0.01322,7,3.6,0.4
parsed-kron-20_0.6_0.0_0.1-1.csv,GAP,BFS,1048576,16777216,1,0.999,1,0.999,1,0.0957,423625371,0.01322,7,3.6,0.068826
parsed-kron-20_0.6_0.0_0.1-1.csv,Graph500,BFS,1048576,16777216,1,0.999,1,0.999,1,0.0957,423625371,0.01322,7,3.6,0.001001207
parsed-kron-20_0.6_0.0_0.1-1.csv,GraphBIG,BFS,1048576,16777216,1,0.999,1,0.999,1,0.0957,423625371,0.01322,7,3.6,0.49078986
parsed-kron-20_0.6_0.0_0.1-1.csv,GraphMat,BFS,1048576,16777216,1,0.999,1,0.999,1,0.0957,423625371,0.01322,7,3.6,0.268878
parsed-kron-20_0.6_0.0_0.2-1.csv,Galois,BFS,1048576,16777216,1,0.999,1,0.999,1,0.0957,423625371,0.01322,7,3.6,0.4
parsed-kron-20_0.6_0.0_0.2-1.csv,GAP,BFS,1048576,16777216,1,0.999,1,0.999,1,0.0957,423625371,0.01322,7,3.6,0.044388
parsed-kron-20_0.6_0.0_0.2-1.csv,Graph500,BFS,1048576,16777216,1,0.999,1,0.999,1,0.0957,423625371,0.01322,7,3.6,0.001000823
parsed-kron-20_0.6_0.0_0.2-1.csv,GraphBIG,BFS,1048576,16777216,1,0.999,1,0.999,1,0.0957,423625371,0.01322,7,3.6,0.482305812
parsed-kron-20_0.6_0.0_0.2-1.csv,GraphMat,BFS,1048576,16777216,1,0.999,1,0.999,1,0.0957,423625371,0.01322,7,3.6,0.2716968
parsed-kron-20_0.6_0.1_0.0-1.csv,Galois,BFS,1048576,16777216,1,0.999,1,0.999,1,0.0957,423625371,0.01322,7,3.6,0.411
parsed-kron-20_0.6_0.1_0.0-1.csv,GAP,BFS,1048576,16777216,1,0.999,1,0.999,1,0.0957,423625371,0.01322,7,3.6,0.04218
parsed-kron-20_0.6_0.1_0.0-1.csv,Graph500,BFS,1048576,16777216,1,0.999,1,0.999,1,0.0957,423625371,0.01322,7,3.6,0.001000165
parsed-kron-20_0.6_0.1_0.0-1.csv,GraphBIG,BFS,1048576,16777216,1,0.999,1,0.999,1,0.0957,423625371,0.01322,7,3.6,0.51845186
parsed-kron-20_0.6_0.1_0.0-1.csv,GraphMat,BFS,1048576,16777216,1,0.999,1,0.999,1,0.0957,423625371,0.01322,7,3.6,0.271884
parsed-kron-20_0.7_0.0_0.0-1.csv,Galois,BFS,1048576,16777216,1,0.999,1,0.999,1,0.0957,423625371,0.01322,7,3.6,0.406
parsed-kron-20_0.7_0.0_0.0-1.csv,GAP,BFS,1048576,16777216,1,0.999,1,0.999,1,0.0957,423625371,0.01322,7,3.6,0.033982
parsed-kron-20_0.7_0.0_0.0-1.csv,Graph500,BFS,1048576,16777216,1,0.999,1,0.999,1,0.0957,423625371,0.01322,7,3.6,0.000458996
parsed-kron-20_0.7_0.0_0.0-1.csv,GraphBIG,BFS,1048576,16777216,1,0.999,1,0.999,1,0.0957,423625371,0.01322,7,3.6,0.45736586
parsed-kron-20_0.7_0.0_0.0-1.csv,GraphMat,BFS,1048576,16777216,1,0.999,1,0.999,1,0.0957,423625371,0.01322,7,3.6,0.272872
parsed-kron-20_0.7_0.0_0.1-1.csv,Galois,BFS,1048576,16777216,1,0.999,1,0.999,1,0.0957,423625371,0.01322,7,3.6,0.401
parsed-kron-20_0.7_0.0_0.1-1.csv,GAP,BFS,1048576,16777216,1,0.999,1,0.999,1,0.0957,423625371,0.01322,7,3.6,0.06911
parsed-kron-20_0.7_0.0_0.1-1.csv,Graph500,BFS,1048576,16777216,1,0.999,1,0.999,1,0.0957,423625371,0.01322,7,3.6,0.000998623
parsed-kron-20_0.7_0.0_0.1-1.csv,GraphBIG,BFS,1048576,16777216,1,0.999,1,0.999,1,0.0957,423625371,0.01322,7,3.6,0.476039574
parsed-kron-20_0.7_0.0_0.1-1.csv,GraphMat,BFS,1048576,16777216,1,0.999,1,0.999,1,0.0957,423625371,0.01322,7,3.6,0.2714692
parsed-kron-20_0.8_0.0_0.0-1.csv,Galois,BFS,1048576,16777216,1,0.999,1,0.999,1,0.0957,423625371,0.01322,7,3.6,0.401
parsed-kron-20_0.8_0.0_0.0-1.csv,GAP,BFS,1048576,16777216,1,0.999,1,0.999,1,0.0957,423625371,0.01322,7,3.6,0.032244
parsed-kron-20_0.8_0.0_0.0-1.csv,Graph500,BFS,1048576,16777216,1,0.999,1,0.999,1,0.0957,423625371,0.01322,7,3.6,0.000366263
parsed-kron-20_0.8_0.0_0.0-1.csv,GraphBIG,BFS,1048576,16777216,1,0.999,1,0.999,1,0.0957,423625371,0.01322,7,3.6,0.479061621
parsed-kron-20_0.8_0.0_0.0-1.csv,GraphMat,BFS,1048576,16777216,1,0.999,1,0.999,1,0.0957,423625371,0.01322,7,3.6,0.2712938
parsed-kron-20_0.1_0.0_0.0-2.csv,Galois,BFS,1048576,16777216,2,0.999,1,0.999,1,0.0957,423625371,0.01322,7,3.6,0.327
parsed-kron-20_0.1_0.0_0.0-2.csv,GAP,BFS,1048576,16777216,2,0.999,1,0.999,1,0.0957,423625371,0.01322,7,3.6,0.035298
parsed-kron-20_0.1_0.0_0.0-2.csv,Graph500,BFS,1048576,16777216,2,0.999,1,0.999,1,0.0957,423625371,0.01322,7,3.6,0.023240563
parsed-kron-20_0.1_0.0_0.0-2.csv,GraphBIG,BFS,1048576,16777216,2,0.999,1,0.999,1,0.0957,423625371,0.01322,7,3.6,0.983603012
parsed-kron-20_0.1_0.0_0.0-2.csv,GraphMat,BFS,1048576,16777216,2,0.999,1,0.999,1,0.0957,423625371,0.01322,7,3.6,0.153919
parsed-kron-20_0.1_0.0_0.1-2.csv,Graph500,BFS,1048576,16777216,2,0.999,1,0.999,1,0.0957,423625371,0.01322,7,3.6,0.022958143
parsed-kron-20_0.1_0.0_0.1-2.csv,GraphBIG,BFS,1048576,16777216,2,0.999,1,0.999,1,0.0957,423625371,0.01322,7,3.6,4.6271
parsed-kron-20_0.1_0.0_0.2-2.csv,Galois,BFS,1048576,16777216,2,0.999,1,0.999,1,0.0957,423625371,0.01322,7,3.6,0.311
parsed-kron-20_0.1_0.0_0.2-2.csv,GAP,BFS,1048576,16777216,2,0.999,1,0.999,1,0.0957,423625371,0.01322,7,3.6,0.030418
parsed-kron-20_0.1_0.0_0.2-2.csv,Graph500,BFS,1048576,16777216,2,0.999,1,0.999,1,0.0957,423625371,0.01322,7,3.6,0.023551972
parsed-kron-20_0.1_0.0_0.2-2.csv,GraphBIG,BFS,1048576,16777216,2,0.999,1,0.999,1,0.0957,423625371,0.01322,7,3.6,1.04928444
parsed-kron-20_0.1_0.0_0.2-2.csv,GraphMat,BFS,1048576,16777216,2,0.999,1,0.999,1,0.0957,423625371,0.01322,7,3.6,0.172033
parsed-kron-20_0.1_0.0_0.3-2.csv,Galois,BFS,1048576,16777216,2,0.999,1,0.999,1,0.0957,423625371,0.01322,7,3.6,0.312
parsed-kron-20_0.1_0.0_0.3-2.csv,GAP,BFS,1048576,16777216,2,0.999,1,0.999,1,0.0957,423625371,0.01322,7,3.6,0.032946
parsed-kron-20_0.1_0.0_0.3-2.csv,Graph500,BFS,1048576,16777216,2,0.999,1,0.999,1,0.0957,423625371,0.01322,7,3.6,0.029469741
parsed-kron-20_0.1_0.0_0.3-2.csv,GraphBIG,BFS,1048576,16777216,2,0.999,1,0.999,1,0.0957,423625371,0.01322,7,3.6,1.03709644
parsed-kron-20_0.1_0.0_0.3-2.csv,GraphMat,BFS,1048576,16777216,2,0.999,1,0.999,1,0.0957,423625371,0.01322,7,3.6,0.162617
parsed-kron-20_0.1_0.0_0.4-2.csv,Galois,BFS,1048576,16777216,2,0.999,1,0.999,1,0.0957,423625371,0.01322,7,3.6,0.311
parsed-kron-20_0.1_0.0_0.4-2.csv,GAP,BFS,1048576,16777216,2,0.999,1,0.999,1,0.0957,423625371,0.01322,7,3.6,0.021566
parsed-kron-20_0.1_0.0_0.4-2.csv,Graph500,BFS,1048576,16777216,2,0.999,1,0.999,1,0.0957,423625371,0.01322,7,3.6,0.023062733
parsed-kron-20_0.1_0.0_0.4-2.csv,GraphBIG,BFS,1048576,16777216,2,0.999,1,0.999,1,0.0957,423625371,0.01322,7,3.6,0.953097871
parsed-kron-20_0.1_0.0_0.4-2.csv,GraphMat,BFS,1048576,16777216,2,0.999,1,0.999,1,0.0957,423625371,0.01322,7,3.6,0.1864092
parsed-kron-20_0.1_0.0_0.5-2.csv,Graph500,BFS,1048576,16777216,2,0.999,1,0.999,1,0.0957,423625371,0.01322,7,3.6,0.036847639
parsed-kron-20_0.1_0.0_0.5-2.csv,GraphBIG,BFS,1048576,16777216,2,0.999,1,0.999,1,0.0957,423625371,0.01322,7,3.6,5.4586
parsed-kron-20_0.1_0.0_0.6-2.csv,Galois,BFS,1048576,16777216,2,0.999,1,0.999,1,0.0957,423625371,0.01322,7,3.6,0.324
parsed-kron-20_0.1_0.0_0.6-2.csv,GAP,BFS,1048576,16777216,2,0.999,1,0.999,1,0.0957,423625371,0.01322,7,3.6,0.035248
parsed-kron-20_0.1_0.0_0.6-2.csv,Graph500,BFS,1048576,16777216,2,0.999,1,0.999,1,0.0957,423625371,0.01322,7,3.6,0.023734593
parsed-kron-20_0.1_0.0_0.6-2.csv,GraphBIG,BFS,1048576,16777216,2,0.999,1,0.999,1,0.0957,423625371,0.01322,7,3.6,0.940233772
parsed-kron-20_0.1_0.0_0.6-2.csv,GraphMat,BFS,1048576,16777216,2,0.999,1,0.999,1,0.0957,423625371,0.01322,7,3.6,0.194991
parsed-kron-20_0.1_0.0_0.7-2.csv,Galois,BFS,1048576,16777216,2,0.999,1,0.999,1,0.0957,423625371,0.01322,7,3.6,0.323
parsed-kron-20_0.1_0.0_0.7-2.csv,GAP,BFS,1048576,16777216,2,0.999,1,0.999,1,0.0957,423625371,0.01322,7,3.6,0.026798
parsed-kron-20_0.1_0.0_0.7-2.csv,Graph500,BFS,1048576,16777216,2,0.999,1,0.999,1,0.0957,423625371,0.01322,7,3.6,0.02414216
parsed-kron-20_0.1_0.0_0.7-2.csv,GraphBIG,BFS,1048576,16777216,2,0.999,1,0.999,1,0.0957,423625371,0.01322,7,3.6,0.964317105
parsed-kron-20_0.1_0.0_0.7-2.csv,GraphMat,BFS,1048576,16777216,2,0.999,1,0.999,1,0.0957,423625371,0.01322,7,3.6,0.1513614
parsed-kron-20_0.1_0.1_0.0-2.csv,Galois,BFS,1048576,16777216,2,0.999,1,0.999,1,0.0957,423625371,0.01322,7,3.6,0.324
parsed-kron-20_0.1_0.1_0.0-2.csv,GAP,BFS,1048576,16777216,2,0.999,1,0.999,1,0.0957,423625371,0.01322,7,3.6,0.033326
parsed-kron-20_0.1_0.1_0.0-2.csv,Graph500,BFS,1048576,16777216,2,0.999,1,0.999,1,0.0957,423625371,0.01322,7,3.6,0.029647918
parsed-kron-20_0.1_0.1_0.0-2.csv,GraphBIG,BFS,1048576,16777216,2,0.999,1,0.999,1,0.0957,423625371,0.01322,7,3.6,1.067802202
parsed-kron-20_0.1_0.1_0.0-2.csv,GraphMat,BFS,1048576,16777216,2,0.999,1,0.999,1,0.0957,423625371,0.01322,7,3.6,0.1737732
parsed-kron-20_0.1_0.1_0.1-2.csv,Galois,BFS,1048576,16777216,2,0.999,1,0.999,1,0.0957,423625371,0.01322,7,3.6,0.323
parsed-kron-20_0.1_0.1_0.1-2.csv,GAP,BFS,1048576,16777216,2,0.999,1,0.999,1,0.0957,423625371,0.01322,7,3.6,0.022276
parsed-kron-20_0.1_0.1_0.1-2.csv,Graph500,BFS,1048576,16777216,2,0.999,1,0.999,1,0.0957,423625371,0.01322,7,3.6,0.023596555
parsed-kron-20_0.1_0.1_0.1-2.csv,GraphBIG,BFS,1048576,16777216,2,0.999,1,0.999,1,0.0957,423625371,0.01322,7,3.6,0.966231582
parsed-kron-20_0.1_0.1_0.1-2.csv,GraphMat,BFS,1048576,16777216,2,0.999,1,0.999,1,0.0957,423625371,0.01322,7,3.6,0.1886526
parsed-kron-20_0.1_0.1_0.2-2.csv,Galois,BFS,1048576,16777216,2,0.999,1,0.999,1,0.0957,423625371,0.01322,7,3.6,0.311
parsed-kron-20_0.1_0.1_0.2-2.csv,GAP,BFS,1048576,16777216,2,0.999,1,0.999,1,0.0957,423625371,0.01322,7,3.6,0.03108
parsed-kron-20_0.1_0.1_0.2-2.csv,Graph500,BFS,1048576,16777216,2,0.999,1,0.999,1,0.0957,423625371,0.01322,7,3.6,0.024298132
parsed-kron-20_0.1_0.1_0.2-2.csv,GraphBIG,BFS,1048576,16777216,2,0.999,1,0.999,1,0.0957,423625371,0.01322,7,3.6,1.095362538
parsed-kron-20_0.1_0.1_0.2-2.csv,GraphMat,BFS,1048576,16777216,2,0.999,1,0.999,1,0.0957,423625371,0.01322,7,3.6,0.1683886
parsed-kron-20_0.1_0.1_0.3-2.csv,Galois,BFS,1048576,16777216,2,0.999,1,0.999,1,0.0957,423625371,0.01322,7,3.6,0.302
parsed-kron-20_0.1_0.1_0.3-2.csv,GAP,BFS,1048576,16777216,2,0.999,1,0.999,1,0.0957,423625371,0.01322,7,3.6,0.021776
parsed-kron-20_0.1_0.1_0.3-2.csv,Graph500,BFS,1048576,16777216,2,0.999,1,0.999,1,0.0957,423625371,0.01322,7,3.6,0.023521317
parsed-kron-20_0.1_0.1_0.3-2.csv,GraphBIG,BFS,1048576,16777216,2,0.999,1,0.999,1,0.0957,423625371,0.01322,7,3.6,1.001459871
parsed-kron-20_0.1_0.1_0.3-2.csv,GraphMat,BFS,1048576,16777216,2,0.999,1,0.999,1,0.0957,423625371,0.01322,7,3.6,0.1562176
parsed-kron-20_0.1_0.1_0.4-2.csv,Galois,BFS,1048576,16777216,2,0.999,1,0.999,1,0.0957,423625371,0.01322,7,3.6,0.313
parsed-kron-20_0.1_0.1_0.4-2.csv,GAP,BFS,1048576,16777216,2,0.999,1,0.999,1,0.0957,423625371,0.01322,7,3.6,0.039702
parsed-kron-20_0.1_0.1_0.4-2.csv,Graph500,BFS,1048576,16777216,2,0.999,1,0.999,1,0.0957,423625371,0.01322,7,3.6,0.029546178
parsed-kron-20_0.1_0.1_0.4-2.csv,GraphBIG,BFS,1048576,16777216,2,0.999,1,0.999,1,0.0957,423625371,0.01322,7,3.6,0.993940249
parsed-kron-20_0.1_0.1_0.4-2.csv,GraphMat,BFS,1048576,16777216,2,0.999,1,0.999,1,0.0957,423625371,0.01322,7,3.6,0.150704
parsed-kron-20_0.1_0.1_0.5-2.csv,Galois,BFS,1048576,16777216,2,NA,NA,NA,NA,NA,NA,NA,NA,NA,0.336
parsed-kron-20_0.1_0.1_0.5-2.csv,GAP,BFS,1048576,16777216,2,NA,NA,NA,NA,NA,NA,NA,NA,NA,0.03443
parsed-kron-20_0.1_0.1_0.5-2.csv,Graph500,BFS,1048576,16777216,2,NA,NA,NA,NA,NA,NA,NA,NA,NA,0.023148075
parsed-kron-20_0.1_0.1_0.5-2.csv,GraphBIG,BFS,1048576,16777216,2,NA,NA,NA,NA,NA,NA,NA,NA,NA,0.898804628
parsed-kron-20_0.1_0.1_0.5-2.csv,GraphMat,BFS,1048576,16777216,2,NA,NA,NA,NA,NA,NA,NA,NA,NA,0.1629808
parsed-kron-20_0.1_0.2_0.0-2.csv,Galois,BFS,1048576,16777216,2,0.999,1,0.999,1,0.0957,423625371,0.01322,7,3.6,0.322
parsed-kron-20_0.1_0.2_0.0-2.csv,GAP,BFS,1048576,16777216,2,0.999,1,0.999,1,0.0957,423625371,0.01322,7,3.6,0.037456
parsed-kron-20_0.1_0.2_0.0-2.csv,Graph500,BFS,1048576,16777216,2,0.999,1,0.999,1,0.0957,423625371,0.01322,7,3.6,0.029353655
parsed-kron-20_0.1_0.2_0.0-2.csv,GraphBIG,BFS,1048576,16777216,2,0.999,1,0.999,1,0.0957,423625371,0.01322,7,3.6,0.900207153
parsed-kron-20_0.1_0.2_0.0-2.csv,GraphMat,BFS,1048576,16777216,2,0.999,1,0.999,1,0.0957,423625371,0.01322,7,3.6,0.155761
parsed-kron-20_0.1_0.2_0.1-2.csv,Galois,BFS,1048576,16777216,2,0.999,1,0.999,1,0.0957,423625371,0.01322,7,3.6,0.301
parsed-kron-20_0.1_0.2_0.1-2.csv,GAP,BFS,1048576,16777216,2,0.999,1,0.999,1,0.0957,423625371,0.01322,7,3.6,0.02365
parsed-kron-20_0.1_0.2_0.1-2.csv,Graph500,BFS,1048576,16777216,2,0.999,1,0.999,1,0.0957,423625371,0.01322,7,3.6,0.023796876
parsed-kron-20_0.1_0.2_0.1-2.csv,GraphBIG,BFS,1048576,16777216,2,0.999,1,0.999,1,0.0957,423625371,0.01322,7,3.6,0.98329044
parsed-kron-20_0.1_0.2_0.1-2.csv,GraphMat,BFS,1048576,16777216,2,0.999,1,0.999,1,0.0957,423625371,0.01322,7,3.6,0.2026984
parsed-kron-20_0.1_0.2_0.2-2.csv,Galois,BFS,1048576,16777216,2,0.999,1,0.999,1,0.0957,423625371,0.01322,7,3.6,0.321
parsed-kron-20_0.1_0.2_0.2-2.csv,GAP,BFS,1048576,16777216,2,0.999,1,0.999,1,0.0957,423625371,0.01322,7,3.6,0.03849
parsed-kron-20_0.1_0.2_0.2-2.csv,Graph500,BFS,1048576,16777216,2,0.999,1,0.999,1,0.0957,423625371,0.01322,7,3.6,0.022761236
parsed-kron-20_0.1_0.2_0.2-2.csv,GraphBIG,BFS,1048576,16777216,2,0.999,1,0.999,1,0.0957,423625371,0.01322,7,3.6,0.651031725
parsed-kron-20_0.1_0.2_0.2-2.csv,GraphMat,BFS,1048576,16777216,2,0.999,1,0.999,1,0.0957,423625371,0.01322,7,3.6,0.1559094
parsed-kron-20_0.2_0.0_0.0-2.csv,Galois,BFS,1048576,16777216,2,0.999,1,0.999,1,0.0957,423625371,0.01322,7,3.6,0.323
parsed-kron-20_0.2_0.0_0.0-2.csv,GAP,BFS,1048576,16777216,2,0.999,1,0.999,1,0.0957,423625371,0.01322,7,3.6,0.034816
parsed-kron-20_0.2_0.0_0.0-2.csv,Graph500,BFS,1048576,16777216,2,0.999,1,0.999,1,0.0957,423625371,0.01322,7,3.6,0.037158067
parsed-kron-20_0.2_0.0_0.0-2.csv,GraphBIG,BFS,1048576,16777216,2,0.999,1,0.999,1,0.0957,423625371,0.01322,7,3.6,0.947011251
parsed-kron-20_0.2_0.0_0.0-2.csv,GraphMat,BFS,1048576,16777216,2,0.999,1,0.999,1,0.0957,423625371,0.01322,7,3.6,0.1516098
parsed-kron-20_0.2_0.0_0.1-2.csv,Galois,BFS,1048576,16777216,2,0.999,1,0.999,1,0.0957,423625371,0.01322,7,3.6,0.311
parsed-kron-20_0.2_0.0_0.1-2.csv,GAP,BFS,1048576,16777216,2,0.999,1,0.999,1,0.0957,423625371,0.01322,7,3.6,0.035888
parsed-kron-20_0.2_0.0_0.1-2.csv,Graph500,BFS,1048576,16777216,2,0.999,1,0.999,1,0.0957,423625371,0.01322,7,3.6,0.023912741
parsed-kron-20_0.2_0.0_0.1-2.csv,GraphBIG,BFS,1048576,16777216,2,0.999,1,0.999,1,0.0957,423625371,0.01322,7,3.6,1.048305203
parsed-kron-20_0.2_0.0_0.1-2.csv,GraphMat,BFS,1048576,16777216,2,0.999,1,0.999,1,0.0957,423625371,0.01322,7,3.6,0.1587236
parsed-kron-20_0.2_0.0_0.2-2.csv,Galois,BFS,1048576,16777216,2,0.999,1,0.999,1,0.0957,423625371,0.01322,7,3.6,0.311
parsed-kron-20_0.2_0.0_0.2-2.csv,GAP,BFS,1048576,16777216,2,0.999,1,0.999,1,0.0957,423625371,0.01322,7,3.6,0.036962
parsed-kron-20_0.2_0.0_0.2-2.csv,Graph500,BFS,1048576,16777216,2,0.999,1,0.999,1,0.0957,423625371,0.01322,7,3.6,0.02357481
parsed-kron-20_0.2_0.0_0.2-2.csv,GraphBIG,BFS,1048576,16777216,2,0.999,1,0.999,1,0.0957,423625371,0.01322,7,3.6,0.971284011
parsed-kron-20_0.2_0.0_0.2-2.csv,GraphMat,BFS,1048576,16777216,2,0.999,1,0.999,1,0.0957,423625371,0.01322,7,3.6,0.1884772
parsed-kron-20_0.2_0.0_0.3-2.csv,Galois,BFS,1048576,16777216,2,0.999,1,0.999,1,0.0957,423625371,0.01322,7,3.6,0.326
parsed-kron-20_0.2_0.0_0.3-2.csv,GAP,BFS,1048576,16777216,2,0.999,1,0.999,1,0.0957,423625371,0.01322,7,3.6,0.023498
parsed-kron-20_0.2_0.0_0.3-2.csv,Graph500,BFS,1048576,16777216,2,0.999,1,0.999,1,0.0957,423625371,0.01322,7,3.6,0.023719615
parsed-kron-20_0.2_0.0_0.3-2.csv,GraphBIG,BFS,1048576,16777216,2,0.999,1,0.999,1,0.0957,423625371,0.01322,7,3.6,0.762531388
parsed-kron-20_0.2_0.0_0.3-2.csv,GraphMat,BFS,1048576,16777216,2,0.999,1,0.999,1,0.0957,423625371,0.01322,7,3.6,0.1590694
parsed-kron-20_0.2_0.0_0.4-2.csv,Galois,BFS,1048576,16777216,2,0.999,1,0.999,1,0.0957,423625371,0.01322,7,3.6,0.323
parsed-kron-20_0.2_0.0_0.4-2.csv,GAP,BFS,1048576,16777216,2,0.999,1,0.999,1,0.0957,423625371,0.01322,7,3.6,0.028426
parsed-kron-20_0.2_0.0_0.4-2.csv,Graph500,BFS,1048576,16777216,2,0.999,1,0.999,1,0.0957,423625371,0.01322,7,3.6,0.036994663
parsed-kron-20_0.2_0.0_0.4-2.csv,GraphBIG,BFS,1048576,16777216,2,0.999,1,0.999,1,0.0957,423625371,0.01322,7,3.6,1.069502202
parsed-kron-20_0.2_0.0_0.4-2.csv,GraphMat,BFS,1048576,16777216,2,0.999,1,0.999,1,0.0957,423625371,0.01322,7,3.6,0.1516308
parsed-kron-20_0.2_0.0_0.5-2.csv,Graph500,BFS,1048576,16777216,2,0.999,1,0.999,1,0.0957,423625371,0.01322,7,3.6,0.033482214
parsed-kron-20_0.2_0.0_0.5-2.csv,GraphBIG,BFS,1048576,16777216,2,0.999,1,0.999,1,0.0957,423625371,0.01322,7,3.6,5.78759
parsed-kron-20_0.2_0.0_0.6-2.csv,Galois,BFS,1048576,16777216,2,0.999,1,0.999,1,0.0957,423625371,0.01322,7,3.6,0.322
parsed-kron-20_0.2_0.0_0.6-2.csv,GAP,BFS,1048576,16777216,2,0.999,1,0.999,1,0.0957,423625371,0.01322,7,3.6,0.022636
parsed-kron-20_0.2_0.0_0.6-2.csv,Graph500,BFS,1048576,16777216,2,0.999,1,0.999,1,0.0957,423625371,0.01322,7,3.6,0.024085974
parsed-kron-20_0.2_0.0_0.6-2.csv,GraphBIG,BFS,1048576,16777216,2,0.999,1,0.999,1,0.0957,423625371,0.01322,7,3.6,0.877615629
parsed-kron-20_0.2_0.0_0.6-2.csv,GraphMat,BFS,1048576,16777216,2,0.999,1,0.999,1,0.0957,423625371,0.01322,7,3.6,0.1687936
parsed-kron-20_0.2_0.1_0.0-2.csv,Galois,BFS,1048576,16777216,2,0.999,1,0.999,1,0.0957,423625371,0.01322,7,3.6,0.324
parsed-kron-20_0.2_0.1_0.0-2.csv,GAP,BFS,1048576,16777216,2,0.999,1,0.999,1,0.0957,423625371,0.01322,7,3.6,0.02185
parsed-kron-20_0.2_0.1_0.0-2.csv,Graph500,BFS,1048576,16777216,2,0.999,1,0.999,1,0.0957,423625371,0.01322,7,3.6,0.023157387
parsed-kron-20_0.2_0.1_0.0-2.csv,GraphBIG,BFS,1048576,16777216,2,0.999,1,0.999,1,0.0957,423625371,0.01322,7,3.6,0.848399629
parsed-kron-20_0.2_0.1_0.0-2.csv,GraphMat,BFS,1048576,16777216,2,0.999,1,0.999,1,0.0957,423625371,0.01322,7,3.6,0.1708544
parsed-kron-20_0.2_0.1_0.1-2.csv,Galois,BFS,1048576,16777216,2,0.999,1,0.999,1,0.0957,423625371,0.01322,7,3.6,0.313
parsed-kron-20_0.2_0.1_0.1-2.csv,GAP,BFS,1048576,16777216,2,0.999,1,0.999,1,0.0957,423625371,0.01322,7,3.6,0.034398
parsed-kron-20_0.2_0.1_0.1-2.csv,Graph500,BFS,1048576,16777216,2,0.999,1,0.999,1,0.0957,423625371,0.01322,7,3.6,0.025014285
parsed-kron-20_0.2_0.1_0.1-2.csv,GraphBIG,BFS,1048576,16777216,2,0.999,1,0.999,1,0.0957,423625371,0.01322,7,3.6,0.858510249
parsed-kron-20_0.2_0.1_0.1-2.csv,GraphMat,BFS,1048576,16777216,2,0.999,1,0.999,1,0.0957,423625371,0.01322,7,3.6,0.1508044
parsed-kron-20_0.2_0.1_0.2-2.csv,Galois,BFS,1048576,16777216,2,0.999,1,0.999,1,0.0957,423625371,0.01322,7,3.6,0.327
parsed-kron-20_0.2_0.1_0.2-2.csv,GAP,BFS,1048576,16777216,2,0.999,1,0.999,1,0.0957,423625371,0.01322,7,3.6,0.034952
parsed-kron-20_0.2_0.1_0.2-2.csv,Graph500,BFS,1048576,16777216,2,0.999,1,0.999,1,0.0957,423625371,0.01322,7,3.6,0.031444308
parsed-kron-20_0.2_0.1_0.2-2.csv,GraphBIG,BFS,1048576,16777216,2,0.999,1,0.999,1,0.0957,423625371,0.01322,7,3.6,1.048549015
parsed-kron-20_0.2_0.1_0.2-2.csv,GraphMat,BFS,1048576,16777216,2,0.999,1,0.999,1,0.0957,423625371,0.01322,7,3.6,0.1526624
parsed-kron-20_0.2_0.1_0.3-2.csv,Galois,BFS,1048576,16777216,2,0.999,1,0.999,1,0.0957,423625371,0.01322,7,3.6,0.309
parsed-kron-20_0.2_0.1_0.3-2.csv,GAP,BFS,1048576,16777216,2,0.999,1,0.999,1,0.0957,423625371,0.01322,7,3.6,0.037796
parsed-kron-20_0.2_0.1_0.3-2.csv,Graph500,BFS,1048576,16777216,2,0.999,1,0.999,1,0.0957,423625371,0.01322,7,3.6,0.023377268
parsed-kron-20_0.2_0.1_0.3-2.csv,GraphBIG,BFS,1048576,16777216,2,0.999,1,0.999,1,0.0957,423625371,0.01322,7,3.6,1.073604869
parsed-kron-20_0.2_0.1_0.3-2.csv,GraphMat,BFS,1048576,16777216,2,0.999,1,0.999,1,0.0957,423625371,0.01322,7,3.6,0.1792768
parsed-kron-20_0.2_0.1_0.4-2.csv,Galois,BFS,1048576,16777216,2,NA,NA,NA,NA,NA,NA,NA,NA,NA,0.324
parsed-kron-20_0.2_0.1_0.4-2.csv,GAP,BFS,1048576,16777216,2,NA,NA,NA,NA,NA,NA,NA,NA,NA,0.02172
parsed-kron-20_0.2_0.1_0.4-2.csv,Graph500,BFS,1048576,16777216,2,NA,NA,NA,NA,NA,NA,NA,NA,NA,0.02252056
parsed-kron-20_0.2_0.1_0.4-2.csv,GraphBIG,BFS,1048576,16777216,2,NA,NA,NA,NA,NA,NA,NA,NA,NA,0.904270392
parsed-kron-20_0.2_0.1_0.4-2.csv,GraphMat,BFS,1048576,16777216,2,NA,NA,NA,NA,NA,NA,NA,NA,NA,0.1550012
parsed-kron-20_0.2_0.2_0.0-2.csv,Galois,BFS,1048576,16777216,2,0.999,1,0.999,1,0.0957,423625371,0.01322,7,3.6,0.309
parsed-kron-20_0.2_0.2_0.0-2.csv,GAP,BFS,1048576,16777216,2,0.999,1,0.999,1,0.0957,423625371,0.01322,7,3.6,0.021612
parsed-kron-20_0.2_0.2_0.0-2.csv,Graph500,BFS,1048576,16777216,2,0.999,1,0.999,1,0.0957,423625371,0.01322,7,3.6,0.023414487
parsed-kron-20_0.2_0.2_0.0-2.csv,GraphBIG,BFS,1048576,16777216,2,0.999,1,0.999,1,0.0957,423625371,0.01322,7,3.6,0.76729582
parsed-kron-20_0.2_0.2_0.0-2.csv,GraphMat,BFS,1048576,16777216,2,0.999,1,0.999,1,0.0957,423625371,0.01322,7,3.6,0.1564436
parsed-kron-20_0.2_0.2_0.1-2.csv,Galois,BFS,1048576,16777216,2,0.999,1,0.999,1,0.0957,423625371,0.01322,7,3.6,0.311
parsed-kron-20_0.2_0.2_0.1-2.csv,GAP,BFS,1048576,16777216,2,0.999,1,0.999,1,0.0957,423625371,0.01322,7,3.6,0.038466
parsed-kron-20_0.2_0.2_0.1-2.csv,Graph500,BFS,1048576,16777216,2,0.999,1,0.999,1,0.0957,423625371,0.01322,7,3.6,0.023145682
parsed-kron-20_0.2_0.2_0.1-2.csv,GraphBIG,BFS,1048576,16777216,2,0.999,1,0.999,1,0.0957,423625371,0.01322,7,3.6,1.02765658
parsed-kron-20_0.2_0.2_0.1-2.csv,GraphMat,BFS,1048576,16777216,2,0.999,1,0.999,1,0.0957,423625371,0.01322,7,3.6,0.1517084
parsed-kron-20_0.3_0.0_0.0-2.csv,Galois,BFS,1048576,16777216,2,0.999,1,0.999,1,0.0957,423625371,0.01322,7,3.6,0.324
parsed-kron-20_0.3_0.0_0.0-2.csv,GAP,BFS,1048576,16777216,2,0.999,1,0.999,1,0.0957,423625371,0.01322,7,3.6,0.039542
parsed-kron-20_0.3_0.0_0.0-2.csv,Graph500,BFS,1048576,16777216,2,0.999,1,0.999,1,0.0957,423625371,0.01322,7,3.6,0.022325758
parsed-kron-20_0.3_0.0_0.0-2.csv,GraphBIG,BFS,1048576,16777216,2,0.999,1,0.999,1,0.0957,423625371,0.01322,7,3.6,1.020485963
parsed-kron-20_0.3_0.0_0.0-2.csv,GraphMat,BFS,1048576,16777216,2,0.999,1,0.999,1,0.0957,423625371,0.01322,7,3.6,0.154401
parsed-kron-20_0.3_0.0_0.1-2.csv,Galois,BFS,1048576,16777216,2,0.999,1,0.999,1,0.0957,423625371,0.01322,7,3.6,0.322
parsed-kron-20_0.3_0.0_0.1-2.csv,GAP,BFS,1048576,16777216,2,0.999,1,0.999,1,0.0957,423625371,0.01322,7,3.6,0.030362
parsed-kron-20_0.3_0.0_0.1-2.csv,Graph500,BFS,1048576,16777216,2,0.999,1,0.999,1,0.0957,423625371,0.01322,7,3.6,0.023383115
parsed-kron-20_0.3_0.0_0.1-2.csv,GraphBIG,BFS,1048576,16777216,2,0.999,1,0.999,1,0.0957,423625371,0.01322,7,3.6,1.008460819
parsed-kron-20_0.3_0.0_0.1-2.csv,GraphMat,BFS,1048576,16777216,2,0.999,1,0.999,1,0.0957,423625371,0.01322,7,3.6,0.1732692
parsed-kron-20_0.3_0.0_0.2-2.csv,Galois,BFS,1048576,16777216,2,0.999,1,0.999,1,0.0957,423625371,0.01322,7,3.6,0.325
parsed-kron-20_0.3_0.0_0.2-2.csv,GAP,BFS,1048576,16777216,2,0.999,1,0.999,1,0.0957,423625371,0.01322,7,3.6,0.02258
parsed-kron-20_0.3_0.0_0.2-2.csv,Graph500,BFS,1048576,16777216,2,0.999,1,0.999,1,0.0957,423625371,0.01322,7,3.6,0.023420714
parsed-kron-20_0.3_0.0_0.2-2.csv,GraphBIG,BFS,1048576,16777216,2,0.999,1,0.999,1,0.0957,423625371,0.01322,7,3.6,1.061684011
parsed-kron-20_0.3_0.0_0.2-2.csv,GraphMat,BFS,1048576,16777216,2,0.999,1,0.999,1,0.0957,423625371,0.01322,7,3.6,0.177222
parsed-kron-20_0.3_0.0_0.3-2.csv,Galois,BFS,1048576,16777216,2,0.999,1,0.999,1,0.0957,423625371,0.01322,7,3.6,0.293
parsed-kron-20_0.3_0.0_0.3-2.csv,GAP,BFS,1048576,16777216,2,0.999,1,0.999,1,0.0957,423625371,0.01322,7,3.6,0.036762
parsed-kron-20_0.3_0.0_0.3-2.csv,Graph500,BFS,1048576,16777216,2,0.999,1,0.999,1,0.0957,423625371,0.01322,7,3.6,0.032595455
parsed-kron-20_0.3_0.0_0.3-2.csv,GraphBIG,BFS,1048576,16777216,2,0.999,1,0.999,1,0.0957,423625371,0.01322,7,3.6,0.840200202
parsed-kron-20_0.3_0.0_0.3-2.csv,GraphMat,BFS,1048576,16777216,2,0.999,1,0.999,1,0.0957,423625371,0.01322,7,3.6,0.191066
parsed-kron-20_0.3_0.0_0.4-2.csv,Galois,BFS,1048576,16777216,2,0.999,1,0.999,1,0.0957,423625371,0.01322,7,3.6,0.325
parsed-kron-20_0.3_0.0_0.4-2.csv,GAP,BFS,1048576,16777216,2,0.999,1,0.999,1,0.0957,423625371,0.01322,7,3.6,0.02157
parsed-kron-20_0.3_0.0_0.4-2.csv,Graph500,BFS,1048576,16777216,2,0.999,1,0.999,1,0.0957,423625371,0.01322,7,3.6,0.023267107
parsed-kron-20_0.3_0.0_0.4-2.csv,GraphBIG,BFS,1048576,16777216,2,0.999,1,0.999,1,0.0957,423625371,0.01322,7,3.6,0.852185772
parsed-kron-20_0.3_0.0_0.4-2.csv,GraphMat,BFS,1048576,16777216,2,0.999,1,0.999,1,0.0957,423625371,0.01322,7,3.6,0.185608
parsed-kron-20_0.3_0.0_0.5-2.csv,Galois,BFS,1048576,16777216,2,0.999,1,0.999,1,0.0957,423625371,0.01322,7,3.6,0.31
parsed-kron-20_0.3_0.0_0.5-2.csv,GAP,BFS,1048576,16777216,2,0.999,1,0.999,1,0.0957,423625371,0.01322,7,3.6,0.027348
parsed-kron-20_0.3_0.0_0.5-2.csv,Graph500,BFS,1048576,16777216,2,0.999,1,0.999,1,0.0957,423625371,0.01322,7,3.6,0.032219812
parsed-kron-20_0.3_0.0_0.5-2.csv,GraphBIG,BFS,1048576,16777216,2,0.999,1,0.999,1,0.0957,423625371,0.01322,7,3.6,0.956947057
parsed-kron-20_0.3_0.0_0.5-2.csv,GraphMat,BFS,1048576,16777216,2,0.999,1,0.999,1,0.0957,423625371,0.01322,7,3.6,0.1682634
parsed-kron-20_0.3_0.1_0.0-2.csv,Galois,BFS,1048576,16777216,2,0.999,1,0.999,1,0.0957,423625371,0.01322,7,3.6,0.312
parsed-kron-20_0.3_0.1_0.0-2.csv,GAP,BFS,1048576,16777216,2,0.999,1,0.999,1,0.0957,423625371,0.01322,7,3.6,0.034802
parsed-kron-20_0.3_0.1_0.0-2.csv,Graph500,BFS,1048576,16777216,2,0.999,1,0.999,1,0.0957,423625371,0.01322,7,3.6,0.022910709
parsed-kron-20_0.3_0.1_0.0-2.csv,GraphBIG,BFS,1048576,16777216,2,0.999,1,0.999,1,0.0957,423625371,0.01322,7,3.6,0.891686202
parsed-kron-20_0.3_0.1_0.0-2.csv,GraphMat,BFS,1048576,16777216,2,0.999,1,0.999,1,0.0957,423625371,0.01322,7,3.6,0.1518088
parsed-kron-20_0.3_0.1_0.1-2.csv,Galois,BFS,1048576,16777216,2,0.999,1,0.999,1,0.0957,423625371,0.01322,7,3.6,0.323
parsed-kron-20_0.3_0.1_0.1-2.csv,GAP,BFS,1048576,16777216,2,0.999,1,0.999,1,0.0957,423625371,0.01322,7,3.6,0.022542
parsed-kron-20_0.3_0.1_0.1-2.csv,Graph500,BFS,1048576,16777216,2,0.999,1,0.999,1,0.0957,423625371,0.01322,7,3.6,0.023460306
parsed-kron-20_0.3_0.1_0.1-2.csv,GraphBIG,BFS,1048576,16777216,2,0.999,1,0.999,1,0.0957,423625371,0.01322,7,3.6,1.047170535
parsed-kron-20_0.3_0.1_0.1-2.csv,GraphMat,BFS,1048576,16777216,2,0.999,1,0.999,1,0.0957,423625371,0.01322,7,3.6,0.174632
parsed-kron-20_0.3_0.1_0.2-2.csv,Galois,BFS,1048576,16777216,2,0.999,1,0.999,1,0.0957,423625371,0.01322,7,3.6,0.309
parsed-kron-20_0.3_0.1_0.2-2.csv,GAP,BFS,1048576,16777216,2,0.999,1,0.999,1,0.0957,423625371,0.01322,7,3.6,0.021816
parsed-kron-20_0.3_0.1_0.2-2.csv,Graph500,BFS,1048576,16777216,2,0.999,1,0.999,1,0.0957,423625371,0.01322,7,3.6,0.024177813
parsed-kron-20_0.3_0.1_0.2-2.csv,GraphBIG,BFS,1048576,16777216,2,0.999,1,0.999,1,0.0957,423625371,0.01322,7,3.6,0.841840975
parsed-kron-20_0.3_0.1_0.2-2.csv,GraphMat,BFS,1048576,16777216,2,0.999,1,0.999,1,0.0957,423625371,0.01322,7,3.6,0.1636634
parsed-kron-20_0.3_0.1_0.3-2.csv,Galois,BFS,1048576,16777216,2,0.999,1,0.999,1,0.0957,423625371,0.01322,7,3.6,0.311
parsed-kron-20_0.3_0.1_0.3-2.csv,GAP,BFS,1048576,16777216,2,0.999,1,0.999,1,0.0957,423625371,0.01322,7,3.6,0.02277
parsed-kron-20_0.3_0.1_0.3-2.csv,Graph500,BFS,1048576,16777216,2,0.999,1,0.999,1,0.0957,423625371,0.01322,7,3.6,0.023340274
parsed-kron-20_0.3_0.1_0.3-2.csv,GraphBIG,BFS,1048576,16777216,2,0.999,1,0.999,1,0.0957,423625371,0.01322,7,3.6,0.912740914
parsed-kron-20_0.3_0.1_0.3-2.csv,GraphMat,BFS,1048576,16777216,2,0.999,1,0.999,1,0.0957,423625371,0.01322,7,3.6,0.1570808
parsed-kron-20_0.3_0.2_0.0-2.csv,Galois,BFS,1048576,16777216,2,0.999,1,0.999,1,0.0957,423625371,0.01322,7,3.6,0.311
parsed-kron-20_0.3_0.2_0.0-2.csv,GAP,BFS,1048576,16777216,2,0.999,1,0.999,1,0.0957,423625371,0.01322,7,3.6,0.0334
parsed-kron-20_0.3_0.2_0.0-2.csv,Graph500,BFS,1048576,16777216,2,0.999,1,0.999,1,0.0957,423625371,0.01322,7,3.6,0.035716392
parsed-kron-20_0.3_0.2_0.0-2.csv,GraphBIG,BFS,1048576,16777216,2,0.999,1,0.999,1,0.0957,423625371,0.01322,7,3.6,0.905247012
parsed-kron-20_0.3_0.2_0.0-2.csv,GraphMat,BFS,1048576,16777216,2,0.999,1,0.999,1,0.0957,423625371,0.01322,7,3.6,0.151266
parsed-kron-20_0.4_0.0_0.0-2.csv,Galois,BFS,1048576,16777216,2,0.999,1,0.999,1,0.0957,423625371,0.01322,7,3.6,0.324
parsed-kron-20_0.4_0.0_0.0-2.csv,GAP,BFS,1048576,16777216,2,0.999,1,0.999,1,0.0957,423625371,0.01322,7,3.6,0.021064
parsed-kron-20_0.4_0.0_0.0-2.csv,Graph500,BFS,1048576,16777216,2,0.999,1,0.999,1,0.0957,423625371,0.01322,7,3.6,0.023150757
parsed-kron-20_0.4_0.0_0.0-2.csv,GraphBIG,BFS,1048576,16777216,2,0.999,1,0.999,1,0.0957,423625371,0.01322,7,3.6,1.191871444
parsed-kron-20_0.4_0.0_0.0-2.csv,GraphMat,BFS,1048576,16777216,2,0.999,1,0.999,1,0.0957,423625371,0.01322,7,3.6,0.1868532
parsed-kron-20_0.4_0.0_0.1-2.csv,Galois,BFS,1048576,16777216,2,0.999,1,0.999,1,0.0957,423625371,0.01322,7,3.6,0.323
parsed-kron-20_0.4_0.0_0.1-2.csv,GAP,BFS,1048576,16777216,2,0.999,1,0.999,1,0.0957,423625371,0.01322,7,3.6,0.024476
parsed-kron-20_0.4_0.0_0.1-2.csv,Graph500,BFS,1048576,16777216,2,0.999,1,0.999,1,0.0957,423625371,0.01322,7,3.6,0.02391171
parsed-kron-20_0.4_0.0_0.1-2.csv,GraphBIG,BFS,1048576,16777216,2,0.999,1,0.999,1,0.0957,423625371,0.01322,7,3.6,0.857779582
parsed-kron-20_0.4_0.0_0.1-2.csv,GraphMat,BFS,1048576,16777216,2,0.999,1,0.999,1,0.0957,423625371,0.01322,7,3.6,0.2062182
parsed-kron-20_0.4_0.0_0.2-2.csv,Galois,BFS,1048576,16777216,2,0.999,1,0.999,1,0.0957,423625371,0.01322,7,3.6,0.323
parsed-kron-20_0.4_0.0_0.2-2.csv,GAP,BFS,1048576,16777216,2,0.999,1,0.999,1,0.0957,423625371,0.01322,7,3.6,0.02146
parsed-kron-20_0.4_0.0_0.2-2.csv,Graph500,BFS,1048576,16777216,2,0.999,1,0.999,1,0.0957,423625371,0.01322,7,3.6,0.023191624
parsed-kron-20_0.4_0.0_0.2-2.csv,GraphBIG,BFS,1048576,16777216,2,0.999,1,0.999,1,0.0957,423625371,0.01322,7,3.6,1.154911727
parsed-kron-20_0.4_0.0_0.2-2.csv,GraphMat,BFS,1048576,16777216,2,0.999,1,0.999,1,0.0957,423625371,0.01322,7,3.6,0.1530116
parsed-kron-20_0.4_0.0_0.3-2.csv,Galois,BFS,1048576,16777216,2,0.999,1,0.999,1,0.0957,423625371,0.01322,7,3.6,0.327
parsed-kron-20_0.4_0.0_0.3-2.csv,GAP,BFS,1048576,16777216,2,0.999,1,0.999,1,0.0957,423625371,0.01322,7,3.6,0.022214
parsed-kron-20_0.4_0.0_0.3-2.csv,Graph500,BFS,1048576,16777216,2,0.999,1,0.999,1,0.0957,423625371,0.01322,7,3.6,0.02392179
parsed-kron-20_0.4_0.0_0.3-2.csv,GraphBIG,BFS,1048576,16777216,2,0.999,1,0.999,1,0.0957,423625371,0.01322,7,3.6,0.853440819
parsed-kron-20_0.4_0.0_0.3-2.csv,GraphMat,BFS,1048576,16777216,2,0.999,1,0.999,1,0.0957,423625371,0.01322,7,3.6,0.1602188
parsed-kron-20_0.4_0.0_0.4-2.csv,Galois,BFS,1048576,16777216,2,0.999,1,0.999,1,0.0957,423625371,0.01322,7,3.6,0.323
parsed-kron-20_0.4_0.0_0.4-2.csv,GAP,BFS,1048576,16777216,2,0.999,1,0.999,1,0.0957,423625371,0.01322,7,3.6,0.022526
parsed-kron-20_0.4_0.0_0.4-2.csv,Graph500,BFS,1048576,16777216,2,0.999,1,0.999,1,0.0957,423625371,0.01322,7,3.6,0.024219501
parsed-kron-20_0.4_0.0_0.4-2.csv,GraphBIG,BFS,1048576,16777216,2,0.999,1,0.999,1,0.0957,423625371,0.01322,7,3.6,1.010813632
parsed-kron-20_0.4_0.0_0.4-2.csv,GraphMat,BFS,1048576,16777216,2,0.999,1,0.999,1,0.0957,423625371,0.01322,7,3.6,0.160233
parsed-kron-20_0.4_0.1_0.0-2.csv,Galois,BFS,1048576,16777216,2,0.999,1,0.999,1,0.0957,423625371,0.01322,7,3.6,0.324
parsed-kron-20_0.4_0.1_0.0-2.csv,GAP,BFS,1048576,16777216,2,0.999,1,0.999,1,0.0957,423625371,0.01322,7,3.6,0.03622
parsed-kron-20_0.4_0.1_0.0-2.csv,Graph500,BFS,1048576,16777216,2,0.999,1,0.999,1,0.0957,423625371,0.01322,7,3.6,0.024387404
parsed-kron-20_0.4_0.1_0.0-2.csv,GraphBIG,BFS,1048576,16777216,2,0.999,1,0.999,1,0.0957,423625371,0.01322,7,3.6,1.016831918
parsed-kron-20_0.4_0.1_0.0-2.csv,GraphMat,BFS,1048576,16777216,2,0.999,1,0.999,1,0.0957,423625371,0.01322,7,3.6,0.1524896
parsed-kron-20_0.4_0.1_0.1-2.csv,Galois,BFS,1048576,16777216,2,0.999,1,0.999,1,0.0957,423625371,0.01322,7,3.6,0.326
parsed-kron-20_0.4_0.1_0.1-2.csv,GAP,BFS,1048576,16777216,2,0.999,1,0.999,1,0.0957,423625371,0.01322,7,3.6,0.022496
parsed-kron-20_0.4_0.1_0.1-2.csv,Graph500,BFS,1048576,16777216,2,0.999,1,0.999,1,0.0957,423625371,0.01322,7,3.6,0.023336762
parsed-kron-20_0.4_0.1_0.1-2.csv,GraphBIG,BFS,1048576,16777216,2,0.999,1,0.999,1,0.0957,423625371,0.01322,7,3.6,1.044702392
parsed-kron-20_0.4_0.1_0.1-2.csv,GraphMat,BFS,1048576,16777216,2,0.999,1,0.999,1,0.0957,423625371,0.01322,7,3.6,0.174605
parsed-kron-20_0.4_0.1_0.2-2.csv,Galois,BFS,1048576,16777216,2,0.999,1,0.999,1,0.0957,423625371,0.01322,7,3.6,0.322
parsed-kron-20_0.4_0.1_0.2-2.csv,GAP,BFS,1048576,16777216,2,0.999,1,0.999,1,0.0957,423625371,0.01322,7,3.6,0.026578
parsed-kron-20_0.4_0.1_0.2-2.csv,Graph500,BFS,1048576,16777216,2,0.999,1,0.999,1,0.0957,423625371,0.01322,7,3.6,0.024175797
parsed-kron-20_0.4_0.1_0.2-2.csv,GraphBIG,BFS,1048576,16777216,2,0.999,1,0.999,1,0.0957,423625371,0.01322,7,3.6,1.034006347
parsed-kron-20_0.4_0.1_0.2-2.csv,GraphMat,BFS,1048576,16777216,2,0.999,1,0.999,1,0.0957,423625371,0.01322,7,3.6,0.1572758
parsed-kron-20_0.5_0.0_0.0-2.csv,Galois,BFS,1048576,16777216,2,0.999,1,0.999,1,0.0957,423625371,0.01322,7,3.6,0.322
parsed-kron-20_0.5_0.0_0.0-2.csv,GAP,BFS,1048576,16777216,2,0.999,1,0.999,1,0.0957,423625371,0.01322,7,3.6,0.021782
parsed-kron-20_0.5_0.0_0.0-2.csv,Graph500,BFS,1048576,16777216,2,0.999,1,0.999,1,0.0957,423625371,0.01322,7,3.6,0.023508435
parsed-kron-20_0.5_0.0_0.0-2.csv,GraphBIG,BFS,1048576,16777216,2,0.999,1,0.999,1,0.0957,423625371,0.01322,7,3.6,0.846786965
parsed-kron-20_0.5_0.0_0.0-2.csv,GraphMat,BFS,1048576,16777216,2,0.999,1,0.999,1,0.0957,423625371,0.01322,7,3.6,0.1523956
parsed-kron-20_0.5_0.0_0.1-2.csv,Galois,BFS,1048576,16777216,2,0.999,1,0.999,1,0.0957,423625371,0.01322,7,3.6,0.323
parsed-kron-20_0.5_0.0_0.1-2.csv,GAP,BFS,1048576,16777216,2,0.999,1,0.999,1,0.0957,423625371,0.01322,7,3.6,0.037882
parsed-kron-20_0.5_0.0_0.1-2.csv,Graph500,BFS,1048576,16777216,2,0.999,1,0.999,1,0.0957,423625371,0.01322,7,3.6,0.023683714
parsed-kron-20_0.5_0.0_0.1-2.csv,GraphBIG,BFS,1048576,16777216,2,0.999,1,0.999,1,0.0957,423625371,0.01322,7,3.6,0.882977772
parsed-kron-20_0.5_0.0_0.1-2.csv,GraphMat,BFS,1048576,16777216,2,0.999,1,0.999,1,0.0957,423625371,0.01322,7,3.6,0.1571586
parsed-kron-20_0.5_0.0_0.2-2.csv,Galois,BFS,1048576,16777216,2,0.999,1,0.999,1,0.0957,423625371,0.01322,7,3.6,0.31
parsed-kron-20_0.5_0.0_0.2-2.csv,GAP,BFS,1048576,16777216,2,0.999,1,0.999,1,0.0957,423625371,0.01322,7,3.6,0.023144
parsed-kron-20_0.5_0.0_0.2-2.csv,Graph500,BFS,1048576,16777216,2,0.999,1,0.999,1,0.0957,423625371,0.01322,7,3.6,0.022945508
parsed-kron-20_0.5_0.0_0.2-2.csv,GraphBIG,BFS,1048576,16777216,2,0.999,1,0.999,1,0.0957,423625371,0.01322,7,3.6,0.810565868
parsed-kron-20_0.5_0.0_0.2-2.csv,GraphMat,BFS,1048576,16777216,2,0.999,1,0.999,1,0.0957,423625371,0.01322,7,3.6,0.1770076
parsed-kron-20_0.5_0.0_0.3-2.csv,Galois,BFS,1048576,16777216,2,0.999,1,0.999,1,0.0957,423625371,0.01322,7,3.6,0.329
parsed-kron-20_0.5_0.0_0.3-2.csv,GAP,BFS,1048576,16777216,2,0.999,1,0.999,1,0.0957,423625371,0.01322,7,3.6,0.021856
parsed-kron-20_0.5_0.0_0.3-2.csv,Graph500,BFS,1048576,16777216,2,0.999,1,0.999,1,0.0957,423625371,0.01322,7,3.6,0.023440972
parsed-kron-20_0.5_0.0_0.3-2.csv,GraphBIG,BFS,1048576,16777216,2,0.999,1,0.999,1,0.0957,423625371,0.01322,7,3.6,0.988957629
parsed-kron-20_0.5_0.0_0.3-2.csv,GraphMat,BFS,1048576,16777216,2,0.999,1,0.999,1,0.0957,423625371,0.01322,7,3.6,0.2002958
parsed-kron-20_0.5_0.1_0.0-2.csv,Galois,BFS,1048576,16777216,2,0.999,1,0.999,1,0.0957,423625371,0.01322,7,3.6,0.322
parsed-kron-20_0.5_0.1_0.0-2.csv,GAP,BFS,1048576,16777216,2,0.999,1,0.999,1,0.0957,423625371,0.01322,7,3.6,0.033388
parsed-kron-20_0.5_0.1_0.0-2.csv,Graph500,BFS,1048576,16777216,2,0.999,1,0.999,1,0.0957,423625371,0.01322,7,3.6,0.024292519
parsed-kron-20_0.5_0.1_0.0-2.csv,GraphBIG,BFS,1048576,16777216,2,0.999,1,0.999,1,0.0957,423625371,0.01322,7,3.6,0.999473963
parsed-kron-20_0.5_0.1_0.0-2.csv,GraphMat,BFS,1048576,16777216,2,0.999,1,0.999,1,0.0957,423625371,0.01322,7,3.6,0.153612
parsed-kron-20_0.5_0.1_0.1-2.csv,Galois,BFS,1048576,16777216,2,0.999,1,0.999,1,0.0957,423625371,0.01322,7,3.6,0.324
parsed-kron-20_0.5_0.1_0.1-2.csv,GAP,BFS,1048576,16777216,2,0.999,1,0.999,1,0.0957,423625371,0.01322,7,3.6,0.022956
parsed-kron-20_0.5_0.1_0.1-2.csv,Graph500,BFS,1048576,16777216,2,0.999,1,0.999,1,0.0957,423625371,0.01322,7,3.6,0.023413475
parsed-kron-20_0.5_0.1_0.1-2.csv,GraphBIG,BFS,1048576,16777216,2,0.999,1,0.999,1,0.0957,423625371,0.01322,7,3.6,0.803383677
parsed-kron-20_0.5_0.1_0.1-2.csv,GraphMat,BFS,1048576,16777216,2,0.999,1,0.999,1,0.0957,423625371,0.01322,7,3.6,0.1806154
parsed-kron-20_0.6_0.0_0.0-2.csv,Galois,BFS,1048576,16777216,2,0.999,1,0.999,1,0.0957,423625371,0.01322,7,3.6,0.327
parsed-kron-20_0.6_0.0_0.0-2.csv,GAP,BFS,1048576,16777216,2,0.999,1,0.999,1,0.0957,423625371,0.01322,7,3.6,0.034764
parsed-kron-20_0.6_0.0_0.0-2.csv,Graph500,BFS,1048576,16777216,2,0.999,1,0.999,1,0.0957,423625371,0.01322,7,3.6,0.023914459
parsed-kron-20_0.6_0.0_0.0-2.csv,GraphBIG,BFS,1048576,16777216,2,0.999,1,0.999,1,0.0957,423625371,0.01322,7,3.6,0.932275582
parsed-kron-20_0.6_0.0_0.0-2.csv,GraphMat,BFS,1048576,16777216,2,0.999,1,0.999,1,0.0957,423625371,0.01322,7,3.6,0.1681156
parsed-kron-20_0.6_0.0_0.1-2.csv,Galois,BFS,1048576,16777216,2,0.999,1,0.999,1,0.0957,423625371,0.01322,7,3.6,0.309
parsed-kron-20_0.6_0.0_0.1-2.csv,GAP,BFS,1048576,16777216,2,0.999,1,0.999,1,0.0957,423625371,0.01322,7,3.6,0.02737
parsed-kron-20_0.6_0.0_0.1-2.csv,Graph500,BFS,1048576,16777216,2,0.999,1,0.999,1,0.0957,423625371,0.01322,7,3.6,0.023025836
parsed-kron-20_0.6_0.0_0.1-2.csv,GraphBIG,BFS,1048576,16777216,2,0.999,1,0.999,1,0.0957,423625371,0.01322,7,3.6,1.04914982
parsed-kron-20_0.6_0.0_0.1-2.csv,GraphMat,BFS,1048576,16777216,2,0.999,1,0.999,1,0.0957,423625371,0.01322,7,3.6,0.1533968
parsed-kron-20_0.6_0.0_0.2-2.csv,Galois,BFS,1048576,16777216,2,0.999,1,0.999,1,0.0957,423625371,0.01322,7,3.6,0.309
parsed-kron-20_0.6_0.0_0.2-2.csv,GAP,BFS,1048576,16777216,2,0.999,1,0.999,1,0.0957,423625371,0.01322,7,3.6,0.033218
parsed-kron-20_0.6_0.0_0.2-2.csv,Graph500,BFS,1048576,16777216,2,0.999,1,0.999,1,0.0957,423625371,0.01322,7,3.6,0.023360298
parsed-kron-20_0.6_0.0_0.2-2.csv,GraphBIG,BFS,1048576,16777216,2,0.999,1,0.999,1,0.0957,423625371,0.01322,7,3.6,1.087094109
parsed-kron-20_0.6_0.0_0.2-2.csv,GraphMat,BFS,1048576,16777216,2,0.999,1,0.999,1,0.0957,423625371,0.01322,7,3.6,0.160329
parsed-kron-20_0.6_0.1_0.0-2.csv,Galois,BFS,1048576,16777216,2,0.999,1,0.999,1,0.0957,423625371,0.01322,7,3.6,0.328
parsed-kron-20_0.6_0.1_0.0-2.csv,GAP,BFS,1048576,16777216,2,0.999,1,0.999,1,0.0957,423625371,0.01322,7,3.6,0.024308
parsed-kron-20_0.6_0.1_0.0-2.csv,Graph500,BFS,1048576,16777216,2,0.999,1,0.999,1,0.0957,423625371,0.01322,7,3.6,0.023422435
parsed-kron-20_0.6_0.1_0.0-2.csv,GraphBIG,BFS,1048576,16777216,2,0.999,1,0.999,1,0.0957,423625371,0.01322,7,3.6,1.017170822
parsed-kron-20_0.6_0.1_0.0-2.csv,GraphMat,BFS,1048576,16777216,2,0.999,1,0.999,1,0.0957,423625371,0.01322,7,3.6,0.185487
parsed-kron-20_0.7_0.0_0.0-2.csv,Galois,BFS,1048576,16777216,2,0.999,1,0.999,1,0.0957,423625371,0.01322,7,3.6,0.323
parsed-kron-20_0.7_0.0_0.0-2.csv,GAP,BFS,1048576,16777216,2,0.999,1,0.999,1,0.0957,423625371,0.01322,7,3.6,0.029628
parsed-kron-20_0.7_0.0_0.0-2.csv,Graph500,BFS,1048576,16777216,2,0.999,1,0.999,1,0.0957,423625371,0.01322,7,3.6,0.02241584
parsed-kron-20_0.7_0.0_0.0-2.csv,GraphBIG,BFS,1048576,16777216,2,0.999,1,0.999,1,0.0957,423625371,0.01322,7,3.6,1.01240982
parsed-kron-20_0.7_0.0_0.0-2.csv,GraphMat,BFS,1048576,16777216,2,0.999,1,0.999,1,0.0957,423625371,0.01322,7,3.6,0.1533658
parsed-kron-20_0.7_0.0_0.1-2.csv,Galois,BFS,1048576,16777216,2,0.999,1,0.999,1,0.0957,423625371,0.01322,7,3.6,0.323
parsed-kron-20_0.7_0.0_0.1-2.csv,GAP,BFS,1048576,16777216,2,0.999,1,0.999,1,0.0957,423625371,0.01322,7,3.6,0.021762
parsed-kron-20_0.7_0.0_0.1-2.csv,Graph500,BFS,1048576,16777216,2,0.999,1,0.999,1,0.0957,423625371,0.01322,7,3.6,0.023193403
parsed-kron-20_0.7_0.0_0.1-2.csv,GraphBIG,BFS,1048576,16777216,2,0.999,1,0.999,1,0.0957,423625371,0.01322,7,3.6,1.105475251
parsed-kron-20_0.7_0.0_0.1-2.csv,GraphMat,BFS,1048576,16777216,2,0.999,1,0.999,1,0.0957,423625371,0.01322,7,3.6,0.161532
parsed-kron-20_0.8_0.0_0.0-2.csv,Galois,BFS,1048576,16777216,2,0.999,1,0.999,1,0.0957,423625371,0.01322,7,3.6,0.311
parsed-kron-20_0.8_0.0_0.0-2.csv,GAP,BFS,1048576,16777216,2,0.999,1,0.999,1,0.0957,423625371,0.01322,7,3.6,0.021788
parsed-kron-20_0.8_0.0_0.0-2.csv,Graph500,BFS,1048576,16777216,2,0.999,1,0.999,1,0.0957,423625371,0.01322,7,3.6,0.023109372
parsed-kron-20_0.8_0.0_0.0-2.csv,GraphBIG,BFS,1048576,16777216,2,0.999,1,0.999,1,0.0957,423625371,0.01322,7,3.6,0.876077531
parsed-kron-20_0.8_0.0_0.0-2.csv,GraphMat,BFS,1048576,16777216,2,0.999,1,0.999,1,0.0957,423625371,0.01322,7,3.6,0.1516192
