package,algorithm,nvertices,nedges,nthreads,Nodes.in.largest.WCC,Edges.in.largest.WCC,Nodes.in.largest.SCC,Edges.in.largest.SCC,Average.clustering.coefficient,Number.of.triangles,Fraction.of.closed.triangles,Diameter..longest.shortest.path.,X90.percentile.effective.diameter,runtime
Galois,PageRank,36692,183831,2,0.918,0.984,0.918,0.984,0.497,727044,0.03015,11,4.8,0.05134375
GAP,PageRank,36692,183831,2,0.918,0.984,0.918,0.984,0.497,727044,0.03015,11,4.8,0.023257188
GraphBIG,PageRank,36692,183831,2,0.918,0.984,0.918,0.984,0.497,727044,0.03015,11,4.8,0.177734469
GraphMat,PageRank,36692,183831,2,0.918,0.984,0.918,0.984,0.497,727044,0.03015,11,4.8,0.114122781
PowerGraph,PageRank,36692,183831,2,0.918,0.984,0.918,0.984,0.497,727044,0.03015,11,4.8,1.85625
Galois,PageRank,4039,88234,1,1,1,1,1,0.6055,1612010,0.2647,8,4.7,0.01371875
GAP,PageRank,4039,88234,1,1,1,1,1,0.6055,1612010,0.2647,8,4.7,0.007743125
GraphBIG,PageRank,4039,88234,1,1,1,1,1,0.6055,1612010,0.2647,8,4.7,0.028276519
GraphMat,PageRank,4039,88234,1,1,1,1,1,0.6055,1612010,0.2647,8,4.7,0.036855719
PowerGraph,PageRank,4039,88234,1,1,1,1,1,0.6055,1612010,0.2647,8,4.7,0.090625
GraphBIG,PageRank,4039,88234,2,1,1,1,1,0.6055,1612010,0.2647,8,4.7,0.023774872
GAP,PageRank,4039,88234,4,1,1,1,1,0.6055,1612010,0.2647,8,4.7,0.0040325
GraphBIG,PageRank,4039,88234,4,1,1,1,1,0.6055,1612010,0.2647,8,4.7,0.030663006
GraphMat,PageRank,4039,88234,4,1,1,1,1,0.6055,1612010,0.2647,8,4.7,0.02149825
PowerGraph,PageRank,4039,88234,4,1,1,1,1,0.6055,1612010,0.2647,8,4.7,0.0875
GAP,PageRank,4039,88234,8,1,1,1,1,0.6055,1612010,0.2647,8,4.7,0.00472625
GraphBIG,PageRank,4039,88234,8,1,1,1,1,0.6055,1612010,0.2647,8,4.7,0.036593188
GraphMat,PageRank,4039,88234,8,1,1,1,1,0.6055,1612010,0.2647,8,4.7,0.014623625
PowerGraph,PageRank,4039,88234,8,1,1,1,1,0.6055,1612010,0.2647,8,4.7,0.1
GAP,PageRank,4039,88234,16,1,1,1,1,0.6055,1612010,0.2647,8,4.7,0.005894375
GraphBIG,PageRank,4039,88234,16,1,1,1,1,0.6055,1612010,0.2647,8,4.7,0.040361153
GraphMat,PageRank,4039,88234,16,1,1,1,1,0.6055,1612010,0.2647,8,4.7,0.015244563
PowerGraph,PageRank,4039,88234,16,1,1,1,1,0.6055,1612010,0.2647,8,4.7,0.0875
GAP,PageRank,4039,88234,24,1,1,1,1,0.6055,1612010,0.2647,8,4.7,0.00564375
GraphBIG,PageRank,4039,88234,24,1,1,1,1,0.6055,1612010,0.2647,8,4.7,0.019731138
GraphMat,PageRank,4039,88234,24,1,1,1,1,0.6055,1612010,0.2647,8,4.7,0.018057125
PowerGraph,PageRank,4039,88234,24,1,1,1,1,0.6055,1612010,0.2647,8,4.7,0.075
GAP,PageRank,4039,88234,32,1,1,1,1,0.6055,1612010,0.2647,8,4.7,0.008896875
GraphBIG,PageRank,4039,88234,32,1,1,1,1,0.6055,1612010,0.2647,8,4.7,0.0216424
GraphMat,PageRank,4039,88234,32,1,1,1,1,0.6055,1612010,0.2647,8,4.7,0.018052625
PowerGraph,PageRank,4039,88234,32,1,1,1,1,0.6055,1612010,0.2647,8,4.7,0.05
GAP,PageRank,4039,88234,40,1,1,1,1,0.6055,1612010,0.2647,8,4.7,0.009509375
GraphBIG,PageRank,4039,88234,40,1,1,1,1,0.6055,1612010,0.2647,8,4.7,0.021528753
GraphMat,PageRank,4039,88234,40,1,1,1,1,0.6055,1612010,0.2647,8,4.7,0.037536
PowerGraph,PageRank,4039,88234,40,1,1,1,1,0.6055,1612010,0.2647,8,4.7,0.05
GAP,PageRank,4039,88234,48,1,1,1,1,0.6055,1612010,0.2647,8,4.7,0.01037375
GraphBIG,PageRank,4039,88234,48,1,1,1,1,0.6055,1612010,0.2647,8,4.7,0.022216834
GraphMat,PageRank,4039,88234,48,1,1,1,1,0.6055,1612010,0.2647,8,4.7,0.025240625
PowerGraph,PageRank,4039,88234,48,1,1,1,1,0.6055,1612010,0.2647,8,4.7,0.05625
GAP,PageRank,4039,88234,56,1,1,1,1,0.6055,1612010,0.2647,8,4.7,0.011295
GraphBIG,PageRank,4039,88234,56,1,1,1,1,0.6055,1612010,0.2647,8,4.7,0.021854625
GraphMat,PageRank,4039,88234,56,1,1,1,1,0.6055,1612010,0.2647,8,4.7,0.032432813
PowerGraph,PageRank,4039,88234,56,1,1,1,1,0.6055,1612010,0.2647,8,4.7,0.05625
GAP,PageRank,3774768,16518948,1,0.997,1,0,0,0.0757,7515023,0.02343,22,9.4,7.7411775
GraphBIG,PageRank,3774768,16518948,1,0.997,1,0,0,0.0757,7515023,0.02343,22,9.4,9.4551125
GraphMat,PageRank,3774768,16518948,1,0.997,1,0,0,0.0757,7515023,0.02343,22,9.4,38.73105
PowerGraph,PageRank,3774768,16518948,1,0.997,1,0,0,0.0757,7515023,0.02343,22,9.4,15.7
GAP,PageRank,3774768,16518948,2,0.997,1,0,0,0.0757,7515023,0.02343,22,9.4,5.52658125
GraphBIG,PageRank,3774768,16518948,2,0.997,1,0,0,0.0757,7515023,0.02343,22,9.4,7.529043125
GraphMat,PageRank,3774768,16518948,2,0.997,1,0,0,0.0757,7515023,0.02343,22,9.4,24.90758125
PowerGraph,PageRank,3774768,16518948,2,0.997,1,0,0,0.0757,7515023,0.02343,22,9.4,16.6125
GAP,PageRank,3774768,16518948,4,0.997,1,0,0,0.0757,7515023,0.02343,22,9.4,2.864855625
GraphBIG,PageRank,3774768,16518948,4,0.997,1,0,0,0.0757,7515023,0.02343,22,9.4,7.02498125
GraphMat,PageRank,3774768,16518948,4,0.997,1,0,0,0.0757,7515023,0.02343,22,9.4,13.49874375
PowerGraph,PageRank,3774768,16518948,4,0.997,1,0,0,0.0757,7515023,0.02343,22,9.4,15.825
GAP,PageRank,3774768,16518948,8,0.997,1,0,0,0.0757,7515023,0.02343,22,9.4,1.480665
GraphBIG,PageRank,3774768,16518948,8,0.997,1,0,0,0.0757,7515023,0.02343,22,9.4,6.46354375
GraphMat,PageRank,3774768,16518948,8,0.997,1,0,0,0.0757,7515023,0.02343,22,9.4,7.97006
PowerGraph,PageRank,3774768,16518948,8,0.997,1,0,0,0.0757,7515023,0.02343,22,9.4,8.5875
GAP,PageRank,3774768,16518948,16,0.997,1,0,0,0.0757,7515023,0.02343,22,9.4,0.808068125
GraphBIG,PageRank,3774768,16518948,16,0.997,1,0,0,0.0757,7515023,0.02343,22,9.4,6.09993375
GraphMat,PageRank,3774768,16518948,16,0.997,1,0,0,0.0757,7515023,0.02343,22,9.4,4.537408125
PowerGraph,PageRank,3774768,16518948,16,0.997,1,0,0,0.0757,7515023,0.02343,22,9.4,5.275
GAP,PageRank,3774768,16518948,24,0.997,1,0,0,0.0757,7515023,0.02343,22,9.4,0.63744125
GraphBIG,PageRank,3774768,16518948,24,0.997,1,0,0,0.0757,7515023,0.02343,22,9.4,5.5150475
GraphMat,PageRank,3774768,16518948,24,0.997,1,0,0,0.0757,7515023,0.02343,22,9.4,3.557500625
PowerGraph,PageRank,3774768,16518948,24,0.997,1,0,0,0.0757,7515023,0.02343,22,9.4,4.3125
GAP,PageRank,3774768,16518948,32,0.997,1,0,0,0.0757,7515023,0.02343,22,9.4,0.6200975
GraphBIG,PageRank,3774768,16518948,32,0.997,1,0,0,0.0757,7515023,0.02343,22,9.4,5.292059375
GraphMat,PageRank,3774768,16518948,32,0.997,1,0,0,0.0757,7515023,0.02343,22,9.4,5.063819375
PowerGraph,PageRank,3774768,16518948,32,0.997,1,0,0,0.0757,7515023,0.02343,22,9.4,3.91875
GAP,PageRank,3774768,16518948,40,0.997,1,0,0,0.0757,7515023,0.02343,22,9.4,0.6198475
GraphBIG,PageRank,3774768,16518948,40,0.997,1,0,0,0.0757,7515023,0.02343,22,9.4,5.159355625
GraphMat,PageRank,3774768,16518948,40,0.997,1,0,0,0.0757,7515023,0.02343,22,9.4,5.368960625
PowerGraph,PageRank,3774768,16518948,40,0.997,1,0,0,0.0757,7515023,0.02343,22,9.4,3.85625
GAP,PageRank,3774768,16518948,48,0.997,1,0,0,0.0757,7515023,0.02343,22,9.4,0.6303775
GraphBIG,PageRank,3774768,16518948,48,0.997,1,0,0,0.0757,7515023,0.02343,22,9.4,5.168606875
GraphMat,PageRank,3774768,16518948,48,0.997,1,0,0,0.0757,7515023,0.02343,22,9.4,5.200305625
PowerGraph,PageRank,3774768,16518948,48,0.997,1,0,0,0.0757,7515023,0.02343,22,9.4,4.01875
GAP,PageRank,3774768,16518948,56,0.997,1,0,0,0.0757,7515023,0.02343,22,9.4,0.625585625
GraphBIG,PageRank,3774768,16518948,56,0.997,1,0,0,0.0757,7515023,0.02343,22,9.4,5.31338625
GraphMat,PageRank,3774768,16518948,56,0.997,1,0,0,0.0757,7515023,0.02343,22,9.4,6.06127
PowerGraph,PageRank,3774768,16518948,56,0.997,1,0,0,0.0757,7515023,0.02343,22,9.4,4.19375
GAP,PageRank,685230,7600595,1,0.956,0.987,0.489,0.595,0.5967,64690980,0.002746,514,9.9,0.707109375
GraphBIG,PageRank,685230,7600595,1,0.956,0.987,0.489,0.595,0.5967,64690980,0.002746,514,9.9,3.98427375
GraphMat,PageRank,685230,7600595,1,0.956,0.987,0.489,0.595,0.5967,64690980,0.002746,514,9.9,4.157635625
PowerGraph,PageRank,685230,7600595,1,0.956,0.987,0.489,0.595,0.5967,64690980,0.002746,514,9.9,22.625
GAP,PageRank,685230,7600595,2,0.956,0.987,0.489,0.595,0.5967,64690980,0.002746,514,9.9,0.557155
GraphBIG,PageRank,685230,7600595,2,0.956,0.987,0.489,0.595,0.5967,64690980,0.002746,514,9.9,5.487545
GraphMat,PageRank,685230,7600595,2,0.956,0.987,0.489,0.595,0.5967,64690980,0.002746,514,9.9,2.24331125
PowerGraph,PageRank,685230,7600595,2,0.956,0.987,0.489,0.595,0.5967,64690980,0.002746,514,9.9,23.5125
GAP,PageRank,685230,7600595,4,0.956,0.987,0.489,0.595,0.5967,64690980,0.002746,514,9.9,0.29252625
GraphBIG,PageRank,685230,7600595,4,0.956,0.987,0.489,0.595,0.5967,64690980,0.002746,514,9.9,3.582555625
GraphMat,PageRank,685230,7600595,4,0.956,0.987,0.489,0.595,0.5967,64690980,0.002746,514,9.9,1.23606625
PowerGraph,PageRank,685230,7600595,4,0.956,0.987,0.489,0.595,0.5967,64690980,0.002746,514,9.9,23.50625
GAP,PageRank,685230,7600595,8,0.956,0.987,0.489,0.595,0.5967,64690980,0.002746,514,9.9,0.159711875
GraphBIG,PageRank,685230,7600595,8,0.956,0.987,0.489,0.595,0.5967,64690980,0.002746,514,9.9,3.112103125
GraphMat,PageRank,685230,7600595,8,0.956,0.987,0.489,0.595,0.5967,64690980,0.002746,514,9.9,0.69946425
PowerGraph,PageRank,685230,7600595,8,0.956,0.987,0.489,0.595,0.5967,64690980,0.002746,514,9.9,15.80625
GAP,PageRank,685230,7600595,16,0.956,0.987,0.489,0.595,0.5967,64690980,0.002746,514,9.9,0.08843625
GraphBIG,PageRank,685230,7600595,16,0.956,0.987,0.489,0.595,0.5967,64690980,0.002746,514,9.9,2.59440875
GraphMat,PageRank,685230,7600595,16,0.956,0.987,0.489,0.595,0.5967,64690980,0.002746,514,9.9,0.454592875
PowerGraph,PageRank,685230,7600595,16,0.956,0.987,0.489,0.595,0.5967,64690980,0.002746,514,9.9,13.2
GAP,PageRank,685230,7600595,24,0.956,0.987,0.489,0.595,0.5967,64690980,0.002746,514,9.9,0.073825
GraphBIG,PageRank,685230,7600595,24,0.956,0.987,0.489,0.595,0.5967,64690980,0.002746,514,9.9,2.612239375
GraphMat,PageRank,685230,7600595,24,0.956,0.987,0.489,0.595,0.5967,64690980,0.002746,514,9.9,0.373336375
PowerGraph,PageRank,685230,7600595,24,0.956,0.987,0.489,0.595,0.5967,64690980,0.002746,514,9.9,12.8625
GAP,PageRank,685230,7600595,32,0.956,0.987,0.489,0.595,0.5967,64690980,0.002746,514,9.9,0.077234375
GraphBIG,PageRank,685230,7600595,32,0.956,0.987,0.489,0.595,0.5967,64690980,0.002746,514,9.9,2.488183125
GraphMat,PageRank,685230,7600595,32,0.956,0.987,0.489,0.595,0.5967,64690980,0.002746,514,9.9,0.515274313
PowerGraph,PageRank,685230,7600595,32,0.956,0.987,0.489,0.595,0.5967,64690980,0.002746,514,9.9,14.25625
GAP,PageRank,685230,7600595,40,0.956,0.987,0.489,0.595,0.5967,64690980,0.002746,514,9.9,0.076079375
GraphBIG,PageRank,685230,7600595,40,0.956,0.987,0.489,0.595,0.5967,64690980,0.002746,514,9.9,2.39942875
GraphMat,PageRank,685230,7600595,40,0.956,0.987,0.489,0.595,0.5967,64690980,0.002746,514,9.9,0.678301063
PowerGraph,PageRank,685230,7600595,40,0.956,0.987,0.489,0.595,0.5967,64690980,0.002746,514,9.9,17.8125
GAP,PageRank,685230,7600595,48,0.956,0.987,0.489,0.595,0.5967,64690980,0.002746,514,9.9,0.0767525
GraphBIG,PageRank,685230,7600595,48,0.956,0.987,0.489,0.595,0.5967,64690980,0.002746,514,9.9,2.29845
GraphMat,PageRank,685230,7600595,48,0.956,0.987,0.489,0.595,0.5967,64690980,0.002746,514,9.9,0.783903125
PowerGraph,PageRank,685230,7600595,48,0.956,0.987,0.489,0.595,0.5967,64690980,0.002746,514,9.9,21.04375
GAP,PageRank,685230,7600595,56,0.956,0.987,0.489,0.595,0.5967,64690980,0.002746,514,9.9,0.07920375
GraphBIG,PageRank,685230,7600595,56,0.956,0.987,0.489,0.595,0.5967,64690980,0.002746,514,9.9,2.3380775
GraphMat,PageRank,685230,7600595,56,0.956,0.987,0.489,0.595,0.5967,64690980,0.002746,514,9.9,0.983857875
PowerGraph,PageRank,685230,7600595,56,0.956,0.987,0.489,0.595,0.5967,64690980,0.002746,514,9.9,23.85
GAP,PageRank,382219,15038083,1,0.98,0.998,0.98,0.998,0.78,346813199,0.06224,12,4.2,2.454835625
GraphBIG,PageRank,382219,15038083,1,0.98,0.998,0.98,0.998,0.78,346813199,0.06224,12,4.2,17.66945
GraphMat,PageRank,382219,15038083,1,0.98,0.998,0.98,0.998,0.78,346813199,0.06224,12,4.2,9.13671375
PowerGraph,PageRank,382219,15038083,1,0.98,0.998,0.98,0.998,0.78,346813199,0.06224,12,4.2,92.4
GAP,PageRank,382219,15038083,2,0.98,0.998,0.98,0.998,0.78,346813199,0.06224,12,4.2,1.579988125
GraphBIG,PageRank,382219,15038083,2,0.98,0.998,0.98,0.998,0.78,346813199,0.06224,12,4.2,13.71026875
GraphMat,PageRank,382219,15038083,2,0.98,0.998,0.98,0.998,0.78,346813199,0.06224,12,4.2,4.8144275
PowerGraph,PageRank,382219,15038083,2,0.98,0.998,0.98,0.998,0.78,346813199,0.06224,12,4.2,93.9375
GAP,PageRank,382219,15038083,4,0.98,0.998,0.98,0.998,0.78,346813199,0.06224,12,4.2,0.8263425
GraphBIG,PageRank,382219,15038083,4,0.98,0.998,0.98,0.998,0.78,346813199,0.06224,12,4.2,13.869065
GraphMat,PageRank,382219,15038083,4,0.98,0.998,0.98,0.998,0.78,346813199,0.06224,12,4.2,2.27350375
PowerGraph,PageRank,382219,15038083,4,0.98,0.998,0.98,0.998,0.78,346813199,0.06224,12,4.2,88.16875
GAP,PageRank,382219,15038083,8,0.98,0.998,0.98,0.998,0.78,346813199,0.06224,12,4.2,0.447766875
GraphBIG,PageRank,382219,15038083,8,0.98,0.998,0.98,0.998,0.78,346813199,0.06224,12,4.2,13.09473313
GraphMat,PageRank,382219,15038083,8,0.98,0.998,0.98,0.998,0.78,346813199,0.06224,12,4.2,1.402176875
PowerGraph,PageRank,382219,15038083,8,0.98,0.998,0.98,0.998,0.78,346813199,0.06224,12,4.2,43.625
GAP,PageRank,382219,15038083,16,0.98,0.998,0.98,0.998,0.78,346813199,0.06224,12,4.2,0.259543125
GraphBIG,PageRank,382219,15038083,16,0.98,0.998,0.98,0.998,0.78,346813199,0.06224,12,4.2,11.6353
GraphMat,PageRank,382219,15038083,16,0.98,0.998,0.98,0.998,0.78,346813199,0.06224,12,4.2,0.840245063
PowerGraph,PageRank,382219,15038083,16,0.98,0.998,0.98,0.998,0.78,346813199,0.06224,12,4.2,22.85625
GAP,PageRank,382219,15038083,24,0.98,0.998,0.98,0.998,0.78,346813199,0.06224,12,4.2,0.206399375
GraphBIG,PageRank,382219,15038083,24,0.98,0.998,0.98,0.998,0.78,346813199,0.06224,12,4.2,10.931245
GraphMat,PageRank,382219,15038083,24,0.98,0.998,0.98,0.998,0.78,346813199,0.06224,12,4.2,0.636493563
PowerGraph,PageRank,382219,15038083,24,0.98,0.998,0.98,0.998,0.78,346813199,0.06224,12,4.2,16.78125
GAP,PageRank,382219,15038083,32,0.98,0.998,0.98,0.998,0.78,346813199,0.06224,12,4.2,0.209580625
GraphBIG,PageRank,382219,15038083,32,0.98,0.998,0.98,0.998,0.78,346813199,0.06224,12,4.2,10.68126688
GraphMat,PageRank,382219,15038083,32,0.98,0.998,0.98,0.998,0.78,346813199,0.06224,12,4.2,1.18729125
PowerGraph,PageRank,382219,15038083,32,0.98,0.998,0.98,0.998,0.78,346813199,0.06224,12,4.2,17.34375
GAP,PageRank,382219,15038083,40,0.98,0.998,0.98,0.998,0.78,346813199,0.06224,12,4.2,0.20613375
GraphBIG,PageRank,382219,15038083,40,0.98,0.998,0.98,0.998,0.78,346813199,0.06224,12,4.2,10.62268563
GraphMat,PageRank,382219,15038083,40,0.98,0.998,0.98,0.998,0.78,346813199,0.06224,12,4.2,1.54874875
PowerGraph,PageRank,382219,15038083,40,0.98,0.998,0.98,0.998,0.78,346813199,0.06224,12,4.2,24.71875
GAP,PageRank,382219,15038083,48,0.98,0.998,0.98,0.998,0.78,346813199,0.06224,12,4.2,0.2145575
GraphBIG,PageRank,382219,15038083,48,0.98,0.998,0.98,0.998,0.78,346813199,0.06224,12,4.2,10.60313875
GraphMat,PageRank,382219,15038083,48,0.98,0.998,0.98,0.998,0.78,346813199,0.06224,12,4.2,1.78203
PowerGraph,PageRank,382219,15038083,48,0.98,0.998,0.98,0.998,0.78,346813199,0.06224,12,4.2,28.85
GAP,PageRank,382219,15038083,56,0.98,0.998,0.98,0.998,0.78,346813199,0.06224,12,4.2,0.21118625
GraphBIG,PageRank,382219,15038083,56,0.98,0.998,0.98,0.998,0.78,346813199,0.06224,12,4.2,10.53055875
GraphMat,PageRank,382219,15038083,56,0.98,0.998,0.98,0.998,0.78,346813199,0.06224,12,4.2,2.4148425
PowerGraph,PageRank,382219,15038083,56,0.98,0.998,0.98,0.998,0.78,346813199,0.06224,12,4.2,31.95
GraphBIG,PageRank,23132,511764,1,NA,NA,NA,NA,NA,NA,NA,NA,NA,0.318755141
GraphMat,PageRank,23132,511764,1,NA,NA,NA,NA,NA,NA,NA,NA,NA,0.188750875
PowerGraph,PageRank,23132,511764,1,NA,NA,NA,NA,NA,NA,NA,NA,NA,1.5
GraphBIG,PageRank,23132,511764,2,NA,NA,NA,NA,NA,NA,NA,NA,NA,0.124276438
GraphMat,PageRank,23132,511764,2,NA,NA,NA,NA,NA,NA,NA,NA,NA,0.1331735
PowerGraph,PageRank,23132,511764,2,NA,NA,NA,NA,NA,NA,NA,NA,NA,1.5
GraphBIG,PageRank,23132,511764,4,NA,NA,NA,NA,NA,NA,NA,NA,NA,0.100855425
GraphMat,PageRank,23132,511764,4,NA,NA,NA,NA,NA,NA,NA,NA,NA,0.10844525
PowerGraph,PageRank,23132,511764,4,NA,NA,NA,NA,NA,NA,NA,NA,NA,1.425
GraphBIG,PageRank,23132,511764,8,NA,NA,NA,NA,NA,NA,NA,NA,NA,0.090318006
GraphMat,PageRank,23132,511764,8,NA,NA,NA,NA,NA,NA,NA,NA,NA,0.079471688
PowerGraph,PageRank,23132,511764,8,NA,NA,NA,NA,NA,NA,NA,NA,NA,0.76875
GraphBIG,PageRank,23132,511764,16,NA,NA,NA,NA,NA,NA,NA,NA,NA,0.086255781
GraphMat,PageRank,23132,511764,16,NA,NA,NA,NA,NA,NA,NA,NA,NA,0.05726925
PowerGraph,PageRank,23132,511764,16,NA,NA,NA,NA,NA,NA,NA,NA,NA,0.475
GraphBIG,PageRank,23132,511764,24,NA,NA,NA,NA,NA,NA,NA,NA,NA,0.081679906
GraphMat,PageRank,23132,511764,24,NA,NA,NA,NA,NA,NA,NA,NA,NA,0.040822188
PowerGraph,PageRank,23132,511764,24,NA,NA,NA,NA,NA,NA,NA,NA,NA,0.43125
GraphBIG,PageRank,23132,511764,32,NA,NA,NA,NA,NA,NA,NA,NA,NA,0.086998281
GraphMat,PageRank,23132,511764,32,NA,NA,NA,NA,NA,NA,NA,NA,NA,0.0679905
PowerGraph,PageRank,23132,511764,32,NA,NA,NA,NA,NA,NA,NA,NA,NA,0.425
GraphBIG,PageRank,23132,511764,40,NA,NA,NA,NA,NA,NA,NA,NA,NA,0.0852211
GraphMat,PageRank,23132,511764,40,NA,NA,NA,NA,NA,NA,NA,NA,NA,0.092373
PowerGraph,PageRank,23132,511764,40,NA,NA,NA,NA,NA,NA,NA,NA,NA,0.45625
GraphBIG,PageRank,23132,511764,48,NA,NA,NA,NA,NA,NA,NA,NA,NA,0.085948275
GraphMat,PageRank,23132,511764,48,NA,NA,NA,NA,NA,NA,NA,NA,NA,0.17722
PowerGraph,PageRank,23132,511764,48,NA,NA,NA,NA,NA,NA,NA,NA,NA,0.49375
GraphBIG,PageRank,23132,511764,56,NA,NA,NA,NA,NA,NA,NA,NA,NA,0.098334888
GraphMat,PageRank,23132,511764,56,NA,NA,NA,NA,NA,NA,NA,NA,NA,0.179449188
PowerGraph,PageRank,23132,511764,56,NA,NA,NA,NA,NA,NA,NA,NA,NA,0.50625
GAP,PageRank,2239,6452,1,NA,NA,NA,NA,NA,NA,NA,NA,NA,0.00112125
GraphBIG,PageRank,2239,6452,1,NA,NA,NA,NA,NA,NA,NA,NA,NA,0.001642253
GraphMat,PageRank,2239,6452,1,NA,NA,NA,NA,NA,NA,NA,NA,NA,0.007642938
PowerGraph,PageRank,2239,6452,1,NA,NA,NA,NA,NA,NA,NA,NA,NA,0
GAP,PageRank,2239,6452,2,NA,NA,NA,NA,NA,NA,NA,NA,NA,0.003163125
GraphBIG,PageRank,2239,6452,2,NA,NA,NA,NA,NA,NA,NA,NA,NA,0.001199706
GraphMat,PageRank,2239,6452,2,NA,NA,NA,NA,NA,NA,NA,NA,NA,0.008302813
PowerGraph,PageRank,2239,6452,2,NA,NA,NA,NA,NA,NA,NA,NA,NA,0
GAP,PageRank,2239,6452,4,NA,NA,NA,NA,NA,NA,NA,NA,NA,0.00261125
GraphBIG,PageRank,2239,6452,4,NA,NA,NA,NA,NA,NA,NA,NA,NA,0.001284078
GraphMat,PageRank,2239,6452,4,NA,NA,NA,NA,NA,NA,NA,NA,NA,0.007616563
PowerGraph,PageRank,2239,6452,4,NA,NA,NA,NA,NA,NA,NA,NA,NA,0
GAP,PageRank,2239,6452,8,NA,NA,NA,NA,NA,NA,NA,NA,NA,0.00271375
GraphBIG,PageRank,2239,6452,8,NA,NA,NA,NA,NA,NA,NA,NA,NA,0.00139457
GraphMat,PageRank,2239,6452,8,NA,NA,NA,NA,NA,NA,NA,NA,NA,0.008737438
PowerGraph,PageRank,2239,6452,8,NA,NA,NA,NA,NA,NA,NA,NA,NA,0.00625
GAP,PageRank,2239,6452,16,NA,NA,NA,NA,NA,NA,NA,NA,NA,0.003496875
GraphBIG,PageRank,2239,6452,16,NA,NA,NA,NA,NA,NA,NA,NA,NA,0.001412183
GraphMat,PageRank,2239,6452,16,NA,NA,NA,NA,NA,NA,NA,NA,NA,0.009190938
PowerGraph,PageRank,2239,6452,16,NA,NA,NA,NA,NA,NA,NA,NA,NA,0.0125
GAP,PageRank,2239,6452,24,NA,NA,NA,NA,NA,NA,NA,NA,NA,0.003816875
GraphBIG,PageRank,2239,6452,24,NA,NA,NA,NA,NA,NA,NA,NA,NA,0.001420811
GraphMat,PageRank,2239,6452,24,NA,NA,NA,NA,NA,NA,NA,NA,NA,0.010527875
PowerGraph,PageRank,2239,6452,24,NA,NA,NA,NA,NA,NA,NA,NA,NA,0.025
GAP,PageRank,2239,6452,32,NA,NA,NA,NA,NA,NA,NA,NA,NA,0.006495625
GraphBIG,PageRank,2239,6452,32,NA,NA,NA,NA,NA,NA,NA,NA,NA,0.001936883
GraphMat,PageRank,2239,6452,32,NA,NA,NA,NA,NA,NA,NA,NA,NA,0.009936375
PowerGraph,PageRank,2239,6452,32,NA,NA,NA,NA,NA,NA,NA,NA,NA,0.03125
GAP,PageRank,2239,6452,40,NA,NA,NA,NA,NA,NA,NA,NA,NA,0.00779875
GraphBIG,PageRank,2239,6452,40,NA,NA,NA,NA,NA,NA,NA,NA,NA,0.002173722
GraphMat,PageRank,2239,6452,40,NA,NA,NA,NA,NA,NA,NA,NA,NA,0.012556063
PowerGraph,PageRank,2239,6452,40,NA,NA,NA,NA,NA,NA,NA,NA,NA,0.0875
GAP,PageRank,2239,6452,48,NA,NA,NA,NA,NA,NA,NA,NA,NA,0.009158125
GraphBIG,PageRank,2239,6452,48,NA,NA,NA,NA,NA,NA,NA,NA,NA,0.0023375
GraphMat,PageRank,2239,6452,48,NA,NA,NA,NA,NA,NA,NA,NA,NA,0.028638813
PowerGraph,PageRank,2239,6452,48,NA,NA,NA,NA,NA,NA,NA,NA,NA,0.1
GAP,PageRank,2239,6452,56,NA,NA,NA,NA,NA,NA,NA,NA,NA,0.010379375
GraphBIG,PageRank,2239,6452,56,NA,NA,NA,NA,NA,NA,NA,NA,NA,0.002440884
GraphMat,PageRank,2239,6452,56,NA,NA,NA,NA,NA,NA,NA,NA,NA,0.021095688
PowerGraph,PageRank,2239,6452,56,NA,NA,NA,NA,NA,NA,NA,NA,NA,0.1
Galois,PageRank,1379917,1921660,1,0.979,0.978,0.979,0.978,0.047,82869,0.02091,1056,670,0.4471875
GAP,PageRank,1379917,1921660,1,0.979,0.978,0.979,0.978,0.047,82869,0.02091,1056,670,0.512004375
GraphBIG,PageRank,1379917,1921660,1,0.979,0.978,0.979,0.978,0.047,82869,0.02091,1056,670,1.607928125
GraphMat,PageRank,1379917,1921660,1,0.979,0.978,0.979,0.978,0.047,82869,0.02091,1056,670,3.49640375
PowerGraph,PageRank,1379917,1921660,1,0.979,0.978,0.979,0.978,0.047,82869,0.02091,1056,670,11.69375
Galois,PageRank,1379917,1921660,2,0.979,0.978,0.979,0.978,0.047,82869,0.02091,1056,670,0.44675
GAP,PageRank,1379917,1921660,2,0.979,0.978,0.979,0.978,0.047,82869,0.02091,1056,670,0.81404
GraphBIG,PageRank,1379917,1921660,2,0.979,0.978,0.979,0.978,0.047,82869,0.02091,1056,670,2.53264375
GraphMat,PageRank,1379917,1921660,2,0.979,0.978,0.979,0.978,0.047,82869,0.02091,1056,670,2.013508125
PowerGraph,PageRank,1379917,1921660,2,0.979,0.978,0.979,0.978,0.047,82869,0.02091,1056,670,12.50625
Galois,PageRank,1379917,1921660,4,0.979,0.978,0.979,0.978,0.047,82869,0.02091,1056,670,0.445875
GAP,PageRank,1379917,1921660,4,0.979,0.978,0.979,0.978,0.047,82869,0.02091,1056,670,0.46817625
GraphBIG,PageRank,1379917,1921660,4,0.979,0.978,0.979,0.978,0.047,82869,0.02091,1056,670,1.211306875
GraphMat,PageRank,1379917,1921660,4,0.979,0.978,0.979,0.978,0.047,82869,0.02091,1056,670,1.252193125
PowerGraph,PageRank,1379917,1921660,4,0.979,0.978,0.979,0.978,0.047,82869,0.02091,1056,670,12.4375
Galois,PageRank,1379917,1921660,8,0.979,0.978,0.979,0.978,0.047,82869,0.02091,1056,670,0.446125
GAP,PageRank,1379917,1921660,8,0.979,0.978,0.979,0.978,0.047,82869,0.02091,1056,670,0.24781875
GraphBIG,PageRank,1379917,1921660,8,0.979,0.978,0.979,0.978,0.047,82869,0.02091,1056,670,1.336927875
GraphMat,PageRank,1379917,1921660,8,0.979,0.978,0.979,0.978,0.047,82869,0.02091,1056,670,0.700688188
PowerGraph,PageRank,1379917,1921660,8,0.979,0.978,0.979,0.978,0.047,82869,0.02091,1056,670,9.25
Galois,PageRank,1379917,1921660,16,0.979,0.978,0.979,0.978,0.047,82869,0.02091,1056,670,0.446125
GAP,PageRank,1379917,1921660,16,0.979,0.978,0.979,0.978,0.047,82869,0.02091,1056,670,0.202564375
GraphBIG,PageRank,1379917,1921660,16,0.979,0.978,0.979,0.978,0.047,82869,0.02091,1056,670,1.25952875
GraphMat,PageRank,1379917,1921660,16,0.979,0.978,0.979,0.978,0.047,82869,0.02091,1056,670,0.433670313
PowerGraph,PageRank,1379917,1921660,16,0.979,0.978,0.979,0.978,0.047,82869,0.02091,1056,670,6.21875
Galois,PageRank,1379917,1921660,24,0.979,0.978,0.979,0.978,0.047,82869,0.02091,1056,670,0.4473125
GAP,PageRank,1379917,1921660,24,0.979,0.978,0.979,0.978,0.047,82869,0.02091,1056,670,0.191018125
GraphBIG,PageRank,1379917,1921660,24,0.979,0.978,0.979,0.978,0.047,82869,0.02091,1056,670,1.211300625
GraphMat,PageRank,1379917,1921660,24,0.979,0.978,0.979,0.978,0.047,82869,0.02091,1056,670,0.351608313
PowerGraph,PageRank,1379917,1921660,24,0.979,0.978,0.979,0.978,0.047,82869,0.02091,1056,670,5.29375
Galois,PageRank,1379917,1921660,32,0.979,0.978,0.979,0.978,0.047,82869,0.02091,1056,670,0.4460625
GAP,PageRank,1379917,1921660,32,0.979,0.978,0.979,0.978,0.047,82869,0.02091,1056,670,0.200535625
GraphBIG,PageRank,1379917,1921660,32,0.979,0.978,0.979,0.978,0.047,82869,0.02091,1056,670,1.332800625
GraphMat,PageRank,1379917,1921660,32,0.979,0.978,0.979,0.978,0.047,82869,0.02091,1056,670,0.427200688
PowerGraph,PageRank,1379917,1921660,32,0.979,0.978,0.979,0.978,0.047,82869,0.02091,1056,670,4.66875
Galois,PageRank,1379917,1921660,40,0.979,0.978,0.979,0.978,0.047,82869,0.02091,1056,670,0.446375
GAP,PageRank,1379917,1921660,40,0.979,0.978,0.979,0.978,0.047,82869,0.02091,1056,670,0.20762875
GraphBIG,PageRank,1379917,1921660,40,0.979,0.978,0.979,0.978,0.047,82869,0.02091,1056,670,1.42722125
GraphMat,PageRank,1379917,1921660,40,0.979,0.978,0.979,0.978,0.047,82869,0.02091,1056,670,0.55746925
PowerGraph,PageRank,1379917,1921660,40,0.979,0.978,0.979,0.978,0.047,82869,0.02091,1056,670,4.70625
Galois,PageRank,1379917,1921660,48,0.979,0.978,0.979,0.978,0.047,82869,0.02091,1056,670,0.4469375
GAP,PageRank,1379917,1921660,48,0.979,0.978,0.979,0.978,0.047,82869,0.02091,1056,670,0.21482375
GraphBIG,PageRank,1379917,1921660,48,0.979,0.978,0.979,0.978,0.047,82869,0.02091,1056,670,1.303954375
GraphMat,PageRank,1379917,1921660,48,0.979,0.978,0.979,0.978,0.047,82869,0.02091,1056,670,0.566991
PowerGraph,PageRank,1379917,1921660,48,0.979,0.978,0.979,0.978,0.047,82869,0.02091,1056,670,4.70625
Galois,PageRank,1379917,1921660,56,0.979,0.978,0.979,0.978,0.047,82869,0.02091,1056,670,0.4470625
GAP,PageRank,1379917,1921660,56,0.979,0.978,0.979,0.978,0.047,82869,0.02091,1056,670,0.204694375
GraphBIG,PageRank,1379917,1921660,56,0.979,0.978,0.979,0.978,0.047,82869,0.02091,1056,670,1.279501875
GraphMat,PageRank,1379917,1921660,56,0.979,0.978,0.979,0.978,0.047,82869,0.02091,1056,670,0.668420938
PowerGraph,PageRank,1379917,1921660,56,0.979,0.978,0.979,0.978,0.047,82869,0.02091,1056,670,4.75
Galois,PageRank,1048576,16777216,1,0.999,1,0.999,1,0.0957,423625371,0.01322,7,3.6,4.1706
GAP,PageRank,1048576,16777216,1,0.999,1,0.999,1,0.0957,423625371,0.01322,7,3.6,3.119706
GraphBIG,PageRank,1048576,16777216,1,0.999,1,0.999,1,0.0957,423625371,0.01322,7,3.6,152.5924
GraphMat,PageRank,1048576,16777216,1,0.999,1,0.999,1,0.0957,423625371,0.01322,7,3.6,22.62648
PowerGraph,PageRank,1048576,16777216,1,0.999,1,0.999,1,0.0957,423625371,0.01322,7,3.6,65.196875
Galois,PageRank,1048576,16777216,1,0.999,1,0.999,1,0.0957,423625371,0.01322,7,3.6,4.1522
GAP,PageRank,1048576,16777216,1,0.999,1,0.999,1,0.0957,423625371,0.01322,7,3.6,3.339782
GraphBIG,PageRank,1048576,16777216,1,0.999,1,0.999,1,0.0957,423625371,0.01322,7,3.6,136.2178
GraphMat,PageRank,1048576,16777216,1,0.999,1,0.999,1,0.0957,423625371,0.01322,7,3.6,23.06546
PowerGraph,PageRank,1048576,16777216,1,0.999,1,0.999,1,0.0957,423625371,0.01322,7,3.6,64.678125
Galois,PageRank,1048576,16777216,1,0.999,1,0.999,1,0.0957,423625371,0.01322,7,3.6,4.1282
GAP,PageRank,1048576,16777216,1,0.999,1,0.999,1,0.0957,423625371,0.01322,7,3.6,2.893818
GraphBIG,PageRank,1048576,16777216,1,0.999,1,0.999,1,0.0957,423625371,0.01322,7,3.6,149.2894
GraphMat,PageRank,1048576,16777216,1,0.999,1,0.999,1,0.0957,423625371,0.01322,7,3.6,23.654
PowerGraph,PageRank,1048576,16777216,1,0.999,1,0.999,1,0.0957,423625371,0.01322,7,3.6,65.8125
Galois,PageRank,1048576,16777216,1,0.999,1,0.999,1,0.0957,423625371,0.01322,7,3.6,4.108
GAP,PageRank,1048576,16777216,1,0.999,1,0.999,1,0.0957,423625371,0.01322,7,3.6,2.785458
GraphBIG,PageRank,1048576,16777216,1,0.999,1,0.999,1,0.0957,423625371,0.01322,7,3.6,146.8602
GraphMat,PageRank,1048576,16777216,1,0.999,1,0.999,1,0.0957,423625371,0.01322,7,3.6,22.58524
PowerGraph,PageRank,1048576,16777216,1,0.999,1,0.999,1,0.0957,423625371,0.01322,7,3.6,66.540625
Galois,PageRank,1048576,16777216,1,0.999,1,0.999,1,0.0957,423625371,0.01322,7,3.6,4.1104
GAP,PageRank,1048576,16777216,1,0.999,1,0.999,1,0.0957,423625371,0.01322,7,3.6,2.894266
GraphBIG,PageRank,1048576,16777216,1,0.999,1,0.999,1,0.0957,423625371,0.01322,7,3.6,159.5238
GraphMat,PageRank,1048576,16777216,1,0.999,1,0.999,1,0.0957,423625371,0.01322,7,3.6,23.98822
PowerGraph,PageRank,1048576,16777216,1,0.999,1,0.999,1,0.0957,423625371,0.01322,7,3.6,67.053125
Galois,PageRank,1048576,16777216,1,0.999,1,0.999,1,0.0957,423625371,0.01322,7,3.6,4.1054
GAP,PageRank,1048576,16777216,1,0.999,1,0.999,1,0.0957,423625371,0.01322,7,3.6,3.044632
GraphBIG,PageRank,1048576,16777216,1,0.999,1,0.999,1,0.0957,423625371,0.01322,7,3.6,150.9096
GraphMat,PageRank,1048576,16777216,1,0.999,1,0.999,1,0.0957,423625371,0.01322,7,3.6,22.54816
PowerGraph,PageRank,1048576,16777216,1,0.999,1,0.999,1,0.0957,423625371,0.01322,7,3.6,67.14375
Galois,PageRank,1048576,16777216,1,0.999,1,0.999,1,0.0957,423625371,0.01322,7,3.6,4.1454
GAP,PageRank,1048576,16777216,1,0.999,1,0.999,1,0.0957,423625371,0.01322,7,3.6,3.3261
GraphBIG,PageRank,1048576,16777216,1,0.999,1,0.999,1,0.0957,423625371,0.01322,7,3.6,154.049
GraphMat,PageRank,1048576,16777216,1,0.999,1,0.999,1,0.0957,423625371,0.01322,7,3.6,22.29834
PowerGraph,PageRank,1048576,16777216,1,0.999,1,0.999,1,0.0957,423625371,0.01322,7,3.6,66.68125
Galois,PageRank,1048576,16777216,1,0.999,1,0.999,1,0.0957,423625371,0.01322,7,3.6,4.1746
GAP,PageRank,1048576,16777216,1,0.999,1,0.999,1,0.0957,423625371,0.01322,7,3.6,2.794746
GraphBIG,PageRank,1048576,16777216,1,0.999,1,0.999,1,0.0957,423625371,0.01322,7,3.6,156.6948
GraphMat,PageRank,1048576,16777216,1,0.999,1,0.999,1,0.0957,423625371,0.01322,7,3.6,22.62072
PowerGraph,PageRank,1048576,16777216,1,0.999,1,0.999,1,0.0957,423625371,0.01322,7,3.6,65.13125
Galois,PageRank,1048576,16777216,1,0.999,1,0.999,1,0.0957,423625371,0.01322,7,3.6,4.1272
GAP,PageRank,1048576,16777216,1,0.999,1,0.999,1,0.0957,423625371,0.01322,7,3.6,2.927472
GraphBIG,PageRank,1048576,16777216,1,0.999,1,0.999,1,0.0957,423625371,0.01322,7,3.6,147.6028
GraphMat,PageRank,1048576,16777216,1,0.999,1,0.999,1,0.0957,423625371,0.01322,7,3.6,23.42634
PowerGraph,PageRank,1048576,16777216,1,0.999,1,0.999,1,0.0957,423625371,0.01322,7,3.6,65.215625
Galois,PageRank,1048576,16777216,1,0.999,1,0.999,1,0.0957,423625371,0.01322,7,3.6,4.1584
GAP,PageRank,1048576,16777216,1,0.999,1,0.999,1,0.0957,423625371,0.01322,7,3.6,2.9057
GraphBIG,PageRank,1048576,16777216,1,0.999,1,0.999,1,0.0957,423625371,0.01322,7,3.6,143.847
GraphMat,PageRank,1048576,16777216,1,0.999,1,0.999,1,0.0957,423625371,0.01322,7,3.6,24.87918
PowerGraph,PageRank,1048576,16777216,1,0.999,1,0.999,1,0.0957,423625371,0.01322,7,3.6,65.075
Galois,PageRank,1048576,16777216,1,0.999,1,0.999,1,0.0957,423625371,0.01322,7,3.6,4.0974
GAP,PageRank,1048576,16777216,1,0.999,1,0.999,1,0.0957,423625371,0.01322,7,3.6,3.20589
GraphBIG,PageRank,1048576,16777216,1,0.999,1,0.999,1,0.0957,423625371,0.01322,7,3.6,148.9526
GraphMat,PageRank,1048576,16777216,1,0.999,1,0.999,1,0.0957,423625371,0.01322,7,3.6,22.61614
PowerGraph,PageRank,1048576,16777216,1,0.999,1,0.999,1,0.0957,423625371,0.01322,7,3.6,66.184375
Galois,PageRank,1048576,16777216,1,NA,NA,NA,NA,NA,NA,NA,NA,NA,4.1446
GAP,PageRank,1048576,16777216,1,NA,NA,NA,NA,NA,NA,NA,NA,NA,3.25034
GraphBIG,PageRank,1048576,16777216,1,NA,NA,NA,NA,NA,NA,NA,NA,NA,146.5488
GraphMat,PageRank,1048576,16777216,1,NA,NA,NA,NA,NA,NA,NA,NA,NA,22.3481
PowerGraph,PageRank,1048576,16777216,1,NA,NA,NA,NA,NA,NA,NA,NA,NA,65.703125
Galois,PageRank,1048576,16777216,1,0.999,1,0.999,1,0.0957,423625371,0.01322,7,3.6,4.1186
GAP,PageRank,1048576,16777216,1,0.999,1,0.999,1,0.0957,423625371,0.01322,7,3.6,2.793388
GraphBIG,PageRank,1048576,16777216,1,0.999,1,0.999,1,0.0957,423625371,0.01322,7,3.6,151.5124
GraphMat,PageRank,1048576,16777216,1,0.999,1,0.999,1,0.0957,423625371,0.01322,7,3.6,24.25112
PowerGraph,PageRank,1048576,16777216,1,0.999,1,0.999,1,0.0957,423625371,0.01322,7,3.6,66.765625
Galois,PageRank,1048576,16777216,1,0.999,1,0.999,1,0.0957,423625371,0.01322,7,3.6,4.1198
GAP,PageRank,1048576,16777216,1,0.999,1,0.999,1,0.0957,423625371,0.01322,7,3.6,3.395698
GraphBIG,PageRank,1048576,16777216,1,0.999,1,0.999,1,0.0957,423625371,0.01322,7,3.6,150.6446
GraphMat,PageRank,1048576,16777216,1,0.999,1,0.999,1,0.0957,423625371,0.01322,7,3.6,25.0821
PowerGraph,PageRank,1048576,16777216,1,0.999,1,0.999,1,0.0957,423625371,0.01322,7,3.6,66.746875
Galois,PageRank,1048576,16777216,1,0.999,1,0.999,1,0.0957,423625371,0.01322,7,3.6,4.1164
GAP,PageRank,1048576,16777216,1,0.999,1,0.999,1,0.0957,423625371,0.01322,7,3.6,2.91611
GraphBIG,PageRank,1048576,16777216,1,0.999,1,0.999,1,0.0957,423625371,0.01322,7,3.6,153.4802
GraphMat,PageRank,1048576,16777216,1,0.999,1,0.999,1,0.0957,423625371,0.01322,7,3.6,25.99676
PowerGraph,PageRank,1048576,16777216,1,0.999,1,0.999,1,0.0957,423625371,0.01322,7,3.6,66.1125
Galois,PageRank,1048576,16777216,1,0.999,1,0.999,1,0.0957,423625371,0.01322,7,3.6,4.1228
GAP,PageRank,1048576,16777216,1,0.999,1,0.999,1,0.0957,423625371,0.01322,7,3.6,2.91294
GraphBIG,PageRank,1048576,16777216,1,0.999,1,0.999,1,0.0957,423625371,0.01322,7,3.6,150.1866
GraphMat,PageRank,1048576,16777216,1,0.999,1,0.999,1,0.0957,423625371,0.01322,7,3.6,24.14838
PowerGraph,PageRank,1048576,16777216,1,0.999,1,0.999,1,0.0957,423625371,0.01322,7,3.6,66.7125
Galois,PageRank,1048576,16777216,1,0.999,1,0.999,1,0.0957,423625371,0.01322,7,3.6,4.1126
GAP,PageRank,1048576,16777216,1,0.999,1,0.999,1,0.0957,423625371,0.01322,7,3.6,3.508732
GraphBIG,PageRank,1048576,16777216,1,0.999,1,0.999,1,0.0957,423625371,0.01322,7,3.6,151.5552
GraphMat,PageRank,1048576,16777216,1,0.999,1,0.999,1,0.0957,423625371,0.01322,7,3.6,23.00608
PowerGraph,PageRank,1048576,16777216,1,0.999,1,0.999,1,0.0957,423625371,0.01322,7,3.6,65.6375
Galois,PageRank,1048576,16777216,1,0.999,1,0.999,1,0.0957,423625371,0.01322,7,3.6,4.1112
GAP,PageRank,1048576,16777216,1,0.999,1,0.999,1,0.0957,423625371,0.01322,7,3.6,2.904124
GraphBIG,PageRank,1048576,16777216,1,0.999,1,0.999,1,0.0957,423625371,0.01322,7,3.6,120.2698
GraphMat,PageRank,1048576,16777216,1,0.999,1,0.999,1,0.0957,423625371,0.01322,7,3.6,24.2897
PowerGraph,PageRank,1048576,16777216,1,0.999,1,0.999,1,0.0957,423625371,0.01322,7,3.6,65.69375
Galois,PageRank,1048576,16777216,1,0.999,1,0.999,1,0.0957,423625371,0.01322,7,3.6,4.1236
GAP,PageRank,1048576,16777216,1,0.999,1,0.999,1,0.0957,423625371,0.01322,7,3.6,3.083478
GraphBIG,PageRank,1048576,16777216,1,0.999,1,0.999,1,0.0957,423625371,0.01322,7,3.6,149.2324
GraphMat,PageRank,1048576,16777216,1,0.999,1,0.999,1,0.0957,423625371,0.01322,7,3.6,22.75738
PowerGraph,PageRank,1048576,16777216,1,0.999,1,0.999,1,0.0957,423625371,0.01322,7,3.6,66.490625
Galois,PageRank,1048576,16777216,1,0.999,1,0.999,1,0.0957,423625371,0.01322,7,3.6,4.167
GAP,PageRank,1048576,16777216,1,0.999,1,0.999,1,0.0957,423625371,0.01322,7,3.6,2.784266
GraphBIG,PageRank,1048576,16777216,1,0.999,1,0.999,1,0.0957,423625371,0.01322,7,3.6,158.6636
GraphMat,PageRank,1048576,16777216,1,0.999,1,0.999,1,0.0957,423625371,0.01322,7,3.6,24.34256
PowerGraph,PageRank,1048576,16777216,1,0.999,1,0.999,1,0.0957,423625371,0.01322,7,3.6,65.4375
Galois,PageRank,1048576,16777216,1,0.999,1,0.999,1,0.0957,423625371,0.01322,7,3.6,4.1148
GAP,PageRank,1048576,16777216,1,0.999,1,0.999,1,0.0957,423625371,0.01322,7,3.6,2.691208
GraphBIG,PageRank,1048576,16777216,1,0.999,1,0.999,1,0.0957,423625371,0.01322,7,3.6,153.5504
GraphMat,PageRank,1048576,16777216,1,0.999,1,0.999,1,0.0957,423625371,0.01322,7,3.6,27.06146
PowerGraph,PageRank,1048576,16777216,1,0.999,1,0.999,1,0.0957,423625371,0.01322,7,3.6,66.09375
Galois,PageRank,1048576,16777216,1,0.999,1,0.999,1,0.0957,423625371,0.01322,7,3.6,4.1332
GAP,PageRank,1048576,16777216,1,0.999,1,0.999,1,0.0957,423625371,0.01322,7,3.6,2.891244
GraphBIG,PageRank,1048576,16777216,1,0.999,1,0.999,1,0.0957,423625371,0.01322,7,3.6,153.7352
GraphMat,PageRank,1048576,16777216,1,0.999,1,0.999,1,0.0957,423625371,0.01322,7,3.6,23.03086
PowerGraph,PageRank,1048576,16777216,1,0.999,1,0.999,1,0.0957,423625371,0.01322,7,3.6,66.775
Galois,PageRank,1048576,16777216,1,0.999,1,0.999,1,0.0957,423625371,0.01322,7,3.6,4.1014
GAP,PageRank,1048576,16777216,1,0.999,1,0.999,1,0.0957,423625371,0.01322,7,3.6,3.510038
GraphBIG,PageRank,1048576,16777216,1,0.999,1,0.999,1,0.0957,423625371,0.01322,7,3.6,150.0636
GraphMat,PageRank,1048576,16777216,1,0.999,1,0.999,1,0.0957,423625371,0.01322,7,3.6,22.92056
PowerGraph,PageRank,1048576,16777216,1,0.999,1,0.999,1,0.0957,423625371,0.01322,7,3.6,66.546875
Galois,PageRank,1048576,16777216,1,0.999,1,0.999,1,0.0957,423625371,0.01322,7,3.6,4.1042
GAP,PageRank,1048576,16777216,1,0.999,1,0.999,1,0.0957,423625371,0.01322,7,3.6,2.892952
GraphBIG,PageRank,1048576,16777216,1,0.999,1,0.999,1,0.0957,423625371,0.01322,7,3.6,149.8574
GraphMat,PageRank,1048576,16777216,1,0.999,1,0.999,1,0.0957,423625371,0.01322,7,3.6,23.03
PowerGraph,PageRank,1048576,16777216,1,0.999,1,0.999,1,0.0957,423625371,0.01322,7,3.6,65.334375
Galois,PageRank,1048576,16777216,1,0.999,1,0.999,1,0.0957,423625371,0.01322,7,3.6,4.1284
GAP,PageRank,1048576,16777216,1,0.999,1,0.999,1,0.0957,423625371,0.01322,7,3.6,3.15406
GraphBIG,PageRank,1048576,16777216,1,0.999,1,0.999,1,0.0957,423625371,0.01322,7,3.6,151.207
GraphMat,PageRank,1048576,16777216,1,0.999,1,0.999,1,0.0957,423625371,0.01322,7,3.6,22.9935
PowerGraph,PageRank,1048576,16777216,1,0.999,1,0.999,1,0.0957,423625371,0.01322,7,3.6,66
Galois,PageRank,1048576,16777216,1,NA,NA,NA,NA,NA,NA,NA,NA,NA,4.159
GAP,PageRank,1048576,16777216,1,NA,NA,NA,NA,NA,NA,NA,NA,NA,3.111918
GraphBIG,PageRank,1048576,16777216,1,NA,NA,NA,NA,NA,NA,NA,NA,NA,148.1054
GraphMat,PageRank,1048576,16777216,1,NA,NA,NA,NA,NA,NA,NA,NA,NA,24.34184
PowerGraph,PageRank,1048576,16777216,1,NA,NA,NA,NA,NA,NA,NA,NA,NA,66.853125
Galois,PageRank,1048576,16777216,1,0.999,1,0.999,1,0.0957,423625371,0.01322,7,3.6,4.1666
GAP,PageRank,1048576,16777216,1,0.999,1,0.999,1,0.0957,423625371,0.01322,7,3.6,2.790464
GraphBIG,PageRank,1048576,16777216,1,0.999,1,0.999,1,0.0957,423625371,0.01322,7,3.6,149.5242
GraphMat,PageRank,1048576,16777216,1,0.999,1,0.999,1,0.0957,423625371,0.01322,7,3.6,24.9696
PowerGraph,PageRank,1048576,16777216,1,0.999,1,0.999,1,0.0957,423625371,0.01322,7,3.6,65.984375
Galois,PageRank,1048576,16777216,1,0.999,1,0.999,1,0.0957,423625371,0.01322,7,3.6,4.1308
GAP,PageRank,1048576,16777216,1,0.999,1,0.999,1,0.0957,423625371,0.01322,7,3.6,3.000398
GraphBIG,PageRank,1048576,16777216,1,0.999,1,0.999,1,0.0957,423625371,0.01322,7,3.6,119.1166
GraphMat,PageRank,1048576,16777216,1,0.999,1,0.999,1,0.0957,423625371,0.01322,7,3.6,23.9853
PowerGraph,PageRank,1048576,16777216,1,0.999,1,0.999,1,0.0957,423625371,0.01322,7,3.6,65.6875
Galois,PageRank,1048576,16777216,1,0.999,1,0.999,1,0.0957,423625371,0.01322,7,3.6,4.1586
GAP,PageRank,1048576,16777216,1,0.999,1,0.999,1,0.0957,423625371,0.01322,7,3.6,2.790856
GraphBIG,PageRank,1048576,16777216,1,0.999,1,0.999,1,0.0957,423625371,0.01322,7,3.6,155.189
GraphMat,PageRank,1048576,16777216,1,0.999,1,0.999,1,0.0957,423625371,0.01322,7,3.6,23.44774
PowerGraph,PageRank,1048576,16777216,1,0.999,1,0.999,1,0.0957,423625371,0.01322,7,3.6,64.41875
Galois,PageRank,1048576,16777216,1,0.999,1,0.999,1,0.0957,423625371,0.01322,7,3.6,4.1
GAP,PageRank,1048576,16777216,1,0.999,1,0.999,1,0.0957,423625371,0.01322,7,3.6,2.932602
GraphBIG,PageRank,1048576,16777216,1,0.999,1,0.999,1,0.0957,423625371,0.01322,7,3.6,133.95
GraphMat,PageRank,1048576,16777216,1,0.999,1,0.999,1,0.0957,423625371,0.01322,7,3.6,22.91514
PowerGraph,PageRank,1048576,16777216,1,0.999,1,0.999,1,0.0957,423625371,0.01322,7,3.6,65.865625
Galois,PageRank,1048576,16777216,1,0.999,1,0.999,1,0.0957,423625371,0.01322,7,3.6,4.1774
GAP,PageRank,1048576,16777216,1,0.999,1,0.999,1,0.0957,423625371,0.01322,7,3.6,3.127142
GraphBIG,PageRank,1048576,16777216,1,0.999,1,0.999,1,0.0957,423625371,0.01322,7,3.6,118.9822
GraphMat,PageRank,1048576,16777216,1,0.999,1,0.999,1,0.0957,423625371,0.01322,7,3.6,24.17386
PowerGraph,PageRank,1048576,16777216,1,0.999,1,0.999,1,0.0957,423625371,0.01322,7,3.6,66.53125
Galois,PageRank,1048576,16777216,1,0.999,1,0.999,1,0.0957,423625371,0.01322,7,3.6,4.1146
GAP,PageRank,1048576,16777216,1,0.999,1,0.999,1,0.0957,423625371,0.01322,7,3.6,2.835504
GraphBIG,PageRank,1048576,16777216,1,0.999,1,0.999,1,0.0957,423625371,0.01322,7,3.6,150.1276
GraphMat,PageRank,1048576,16777216,1,0.999,1,0.999,1,0.0957,423625371,0.01322,7,3.6,23.82224
PowerGraph,PageRank,1048576,16777216,1,0.999,1,0.999,1,0.0957,423625371,0.01322,7,3.6,66.128125
Galois,PageRank,1048576,16777216,1,0.999,1,0.999,1,0.0957,423625371,0.01322,7,3.6,4.1298
GAP,PageRank,1048576,16777216,1,0.999,1,0.999,1,0.0957,423625371,0.01322,7,3.6,3.10838
GraphBIG,PageRank,1048576,16777216,1,0.999,1,0.999,1,0.0957,423625371,0.01322,7,3.6,148.6648
GraphMat,PageRank,1048576,16777216,1,0.999,1,0.999,1,0.0957,423625371,0.01322,7,3.6,22.6182
PowerGraph,PageRank,1048576,16777216,1,0.999,1,0.999,1,0.0957,423625371,0.01322,7,3.6,65.4625
Galois,PageRank,1048576,16777216,1,0.999,1,0.999,1,0.0957,423625371,0.01322,7,3.6,4.3152
GAP,PageRank,1048576,16777216,1,0.999,1,0.999,1,0.0957,423625371,0.01322,7,3.6,3.382436
GraphBIG,PageRank,1048576,16777216,1,0.999,1,0.999,1,0.0957,423625371,0.01322,7,3.6,149.1008
GraphMat,PageRank,1048576,16777216,1,0.999,1,0.999,1,0.0957,423625371,0.01322,7,3.6,24.94942
PowerGraph,PageRank,1048576,16777216,1,0.999,1,0.999,1,0.0957,423625371,0.01322,7,3.6,66.096875
Galois,PageRank,1048576,16777216,1,0.999,1,0.999,1,0.0957,423625371,0.01322,7,3.6,4.1228
GAP,PageRank,1048576,16777216,1,0.999,1,0.999,1,0.0957,423625371,0.01322,7,3.6,2.694728
GraphBIG,PageRank,1048576,16777216,1,0.999,1,0.999,1,0.0957,423625371,0.01322,7,3.6,149.5892
GraphMat,PageRank,1048576,16777216,1,0.999,1,0.999,1,0.0957,423625371,0.01322,7,3.6,22.64566
PowerGraph,PageRank,1048576,16777216,1,0.999,1,0.999,1,0.0957,423625371,0.01322,7,3.6,66.23125
Galois,PageRank,1048576,16777216,1,0.999,1,0.999,1,0.0957,423625371,0.01322,7,3.6,4.1798
GAP,PageRank,1048576,16777216,1,0.999,1,0.999,1,0.0957,423625371,0.01322,7,3.6,2.794768
GraphBIG,PageRank,1048576,16777216,1,0.999,1,0.999,1,0.0957,423625371,0.01322,7,3.6,152.7476
GraphMat,PageRank,1048576,16777216,1,0.999,1,0.999,1,0.0957,423625371,0.01322,7,3.6,25.04306
PowerGraph,PageRank,1048576,16777216,1,0.999,1,0.999,1,0.0957,423625371,0.01322,7,3.6,65.09375
Galois,PageRank,1048576,16777216,1,0.999,1,0.999,1,0.0957,423625371,0.01322,7,3.6,4.1004
GAP,PageRank,1048576,16777216,1,0.999,1,0.999,1,0.0957,423625371,0.01322,7,3.6,3.331918
GraphBIG,PageRank,1048576,16777216,1,0.999,1,0.999,1,0.0957,423625371,0.01322,7,3.6,158.4076
GraphMat,PageRank,1048576,16777216,1,0.999,1,0.999,1,0.0957,423625371,0.01322,7,3.6,23.88424
PowerGraph,PageRank,1048576,16777216,1,0.999,1,0.999,1,0.0957,423625371,0.01322,7,3.6,66.2125
Galois,PageRank,1048576,16777216,1,0.999,1,0.999,1,0.0957,423625371,0.01322,7,3.6,4.181
GAP,PageRank,1048576,16777216,1,0.999,1,0.999,1,0.0957,423625371,0.01322,7,3.6,2.897556
GraphBIG,PageRank,1048576,16777216,1,0.999,1,0.999,1,0.0957,423625371,0.01322,7,3.6,160.578
GraphMat,PageRank,1048576,16777216,1,0.999,1,0.999,1,0.0957,423625371,0.01322,7,3.6,22.60964
PowerGraph,PageRank,1048576,16777216,1,0.999,1,0.999,1,0.0957,423625371,0.01322,7,3.6,66.11875
Galois,PageRank,1048576,16777216,1,0.999,1,0.999,1,0.0957,423625371,0.01322,7,3.6,4.1136
GAP,PageRank,1048576,16777216,1,0.999,1,0.999,1,0.0957,423625371,0.01322,7,3.6,3.071902
GraphBIG,PageRank,1048576,16777216,1,0.999,1,0.999,1,0.0957,423625371,0.01322,7,3.6,151.1554
GraphMat,PageRank,1048576,16777216,1,0.999,1,0.999,1,0.0957,423625371,0.01322,7,3.6,22.5932
PowerGraph,PageRank,1048576,16777216,1,0.999,1,0.999,1,0.0957,423625371,0.01322,7,3.6,65.49375
Galois,PageRank,1048576,16777216,1,0.999,1,0.999,1,0.0957,423625371,0.01322,7,3.6,4.101
GAP,PageRank,1048576,16777216,1,0.999,1,0.999,1,0.0957,423625371,0.01322,7,3.6,3.029822
GraphBIG,PageRank,1048576,16777216,1,0.999,1,0.999,1,0.0957,423625371,0.01322,7,3.6,149.0938
GraphMat,PageRank,1048576,16777216,1,0.999,1,0.999,1,0.0957,423625371,0.01322,7,3.6,22.63386
PowerGraph,PageRank,1048576,16777216,1,0.999,1,0.999,1,0.0957,423625371,0.01322,7,3.6,65.38125
Galois,PageRank,1048576,16777216,1,0.999,1,0.999,1,0.0957,423625371,0.01322,7,3.6,4.1494
GAP,PageRank,1048576,16777216,1,0.999,1,0.999,1,0.0957,423625371,0.01322,7,3.6,3.206038
GraphBIG,PageRank,1048576,16777216,1,0.999,1,0.999,1,0.0957,423625371,0.01322,7,3.6,148.695
GraphMat,PageRank,1048576,16777216,1,0.999,1,0.999,1,0.0957,423625371,0.01322,7,3.6,22.60124
PowerGraph,PageRank,1048576,16777216,1,0.999,1,0.999,1,0.0957,423625371,0.01322,7,3.6,65.80625
Galois,PageRank,1048576,16777216,1,0.999,1,0.999,1,0.0957,423625371,0.01322,7,3.6,4.1168
GAP,PageRank,1048576,16777216,1,0.999,1,0.999,1,0.0957,423625371,0.01322,7,3.6,2.79362
GraphBIG,PageRank,1048576,16777216,1,0.999,1,0.999,1,0.0957,423625371,0.01322,7,3.6,159.7824
GraphMat,PageRank,1048576,16777216,1,0.999,1,0.999,1,0.0957,423625371,0.01322,7,3.6,22.57962
PowerGraph,PageRank,1048576,16777216,1,0.999,1,0.999,1,0.0957,423625371,0.01322,7,3.6,65.440625
Galois,PageRank,1048576,16777216,1,0.999,1,0.999,1,0.0957,423625371,0.01322,7,3.6,4.2692
GAP,PageRank,1048576,16777216,1,0.999,1,0.999,1,0.0957,423625371,0.01322,7,3.6,3.042808
GraphBIG,PageRank,1048576,16777216,1,0.999,1,0.999,1,0.0957,423625371,0.01322,7,3.6,159.0122
GraphMat,PageRank,1048576,16777216,1,0.999,1,0.999,1,0.0957,423625371,0.01322,7,3.6,24.43528
PowerGraph,PageRank,1048576,16777216,1,0.999,1,0.999,1,0.0957,423625371,0.01322,7,3.6,65.303125
Galois,PageRank,1048576,16777216,1,0.999,1,0.999,1,0.0957,423625371,0.01322,7,3.6,4.1598
GAP,PageRank,1048576,16777216,1,0.999,1,0.999,1,0.0957,423625371,0.01322,7,3.6,3.373408
GraphBIG,PageRank,1048576,16777216,1,0.999,1,0.999,1,0.0957,423625371,0.01322,7,3.6,149.8586
GraphMat,PageRank,1048576,16777216,1,0.999,1,0.999,1,0.0957,423625371,0.01322,7,3.6,23.77924
PowerGraph,PageRank,1048576,16777216,1,0.999,1,0.999,1,0.0957,423625371,0.01322,7,3.6,66.0125
Galois,PageRank,1048576,16777216,1,0.999,1,0.999,1,0.0957,423625371,0.01322,7,3.6,4.1018
GAP,PageRank,1048576,16777216,1,0.999,1,0.999,1,0.0957,423625371,0.01322,7,3.6,3.305928
GraphBIG,PageRank,1048576,16777216,1,0.999,1,0.999,1,0.0957,423625371,0.01322,7,3.6,149.7064
GraphMat,PageRank,1048576,16777216,1,0.999,1,0.999,1,0.0957,423625371,0.01322,7,3.6,22.4487
PowerGraph,PageRank,1048576,16777216,1,0.999,1,0.999,1,0.0957,423625371,0.01322,7,3.6,65.85625
Galois,PageRank,1048576,16777216,1,0.999,1,0.999,1,0.0957,423625371,0.01322,7,3.6,4.1124
GAP,PageRank,1048576,16777216,1,0.999,1,0.999,1,0.0957,423625371,0.01322,7,3.6,2.84019
GraphBIG,PageRank,1048576,16777216,1,0.999,1,0.999,1,0.0957,423625371,0.01322,7,3.6,148.886
GraphMat,PageRank,1048576,16777216,1,0.999,1,0.999,1,0.0957,423625371,0.01322,7,3.6,22.62602
PowerGraph,PageRank,1048576,16777216,1,0.999,1,0.999,1,0.0957,423625371,0.01322,7,3.6,65.853125
Galois,PageRank,1048576,16777216,1,0.999,1,0.999,1,0.0957,423625371,0.01322,7,3.6,4.154
GAP,PageRank,1048576,16777216,1,0.999,1,0.999,1,0.0957,423625371,0.01322,7,3.6,2.78932
GraphBIG,PageRank,1048576,16777216,1,0.999,1,0.999,1,0.0957,423625371,0.01322,7,3.6,147.296
GraphMat,PageRank,1048576,16777216,1,0.999,1,0.999,1,0.0957,423625371,0.01322,7,3.6,22.77896
PowerGraph,PageRank,1048576,16777216,1,0.999,1,0.999,1,0.0957,423625371,0.01322,7,3.6,67.171875
Galois,PageRank,1048576,16777216,1,0.999,1,0.999,1,0.0957,423625371,0.01322,7,3.6,4.1764
GAP,PageRank,1048576,16777216,1,0.999,1,0.999,1,0.0957,423625371,0.01322,7,3.6,3.242768
GraphBIG,PageRank,1048576,16777216,1,0.999,1,0.999,1,0.0957,423625371,0.01322,7,3.6,149.1258
GraphMat,PageRank,1048576,16777216,1,0.999,1,0.999,1,0.0957,423625371,0.01322,7,3.6,26.0805
PowerGraph,PageRank,1048576,16777216,1,0.999,1,0.999,1,0.0957,423625371,0.01322,7,3.6,67.115625
Galois,PageRank,1048576,16777216,1,0.999,1,0.999,1,0.0957,423625371,0.01322,7,3.6,4.0948
GAP,PageRank,1048576,16777216,1,0.999,1,0.999,1,0.0957,423625371,0.01322,7,3.6,2.897862
GraphBIG,PageRank,1048576,16777216,1,0.999,1,0.999,1,0.0957,423625371,0.01322,7,3.6,159.0184
GraphMat,PageRank,1048576,16777216,1,0.999,1,0.999,1,0.0957,423625371,0.01322,7,3.6,24.01752
PowerGraph,PageRank,1048576,16777216,1,0.999,1,0.999,1,0.0957,423625371,0.01322,7,3.6,65.8
Galois,PageRank,1048576,16777216,1,0.999,1,0.999,1,0.0957,423625371,0.01322,7,3.6,4.1768
GAP,PageRank,1048576,16777216,1,0.999,1,0.999,1,0.0957,423625371,0.01322,7,3.6,3.229376
GraphBIG,PageRank,1048576,16777216,1,0.999,1,0.999,1,0.0957,423625371,0.01322,7,3.6,156.1102
GraphMat,PageRank,1048576,16777216,1,0.999,1,0.999,1,0.0957,423625371,0.01322,7,3.6,22.55702
PowerGraph,PageRank,1048576,16777216,1,0.999,1,0.999,1,0.0957,423625371,0.01322,7,3.6,66.05625
Galois,PageRank,1048576,16777216,1,0.999,1,0.999,1,0.0957,423625371,0.01322,7,3.6,4.1272
GAP,PageRank,1048576,16777216,1,0.999,1,0.999,1,0.0957,423625371,0.01322,7,3.6,3.240492
GraphBIG,PageRank,1048576,16777216,1,0.999,1,0.999,1,0.0957,423625371,0.01322,7,3.6,152.1464
GraphMat,PageRank,1048576,16777216,1,0.999,1,0.999,1,0.0957,423625371,0.01322,7,3.6,22.47658
PowerGraph,PageRank,1048576,16777216,1,0.999,1,0.999,1,0.0957,423625371,0.01322,7,3.6,65.865625
Galois,PageRank,1048576,16777216,1,0.999,1,0.999,1,0.0957,423625371,0.01322,7,3.6,4.1254
GAP,PageRank,1048576,16777216,1,0.999,1,0.999,1,0.0957,423625371,0.01322,7,3.6,2.790368
GraphBIG,PageRank,1048576,16777216,1,0.999,1,0.999,1,0.0957,423625371,0.01322,7,3.6,149.3536
GraphMat,PageRank,1048576,16777216,1,0.999,1,0.999,1,0.0957,423625371,0.01322,7,3.6,24.06076
PowerGraph,PageRank,1048576,16777216,1,0.999,1,0.999,1,0.0957,423625371,0.01322,7,3.6,66.8375
Galois,PageRank,1048576,16777216,1,0.999,1,0.999,1,0.0957,423625371,0.01322,7,3.6,4.1028
GAP,PageRank,1048576,16777216,1,0.999,1,0.999,1,0.0957,423625371,0.01322,7,3.6,2.892648
GraphBIG,PageRank,1048576,16777216,1,0.999,1,0.999,1,0.0957,423625371,0.01322,7,3.6,157.3442
GraphMat,PageRank,1048576,16777216,1,0.999,1,0.999,1,0.0957,423625371,0.01322,7,3.6,23.0079
PowerGraph,PageRank,1048576,16777216,1,0.999,1,0.999,1,0.0957,423625371,0.01322,7,3.6,67.321875
Galois,PageRank,1048576,16777216,1,0.999,1,0.999,1,0.0957,423625371,0.01322,7,3.6,4.1326
GAP,PageRank,1048576,16777216,1,0.999,1,0.999,1,0.0957,423625371,0.01322,7,3.6,3.045672
GraphBIG,PageRank,1048576,16777216,1,0.999,1,0.999,1,0.0957,423625371,0.01322,7,3.6,164.504
GraphMat,PageRank,1048576,16777216,1,0.999,1,0.999,1,0.0957,423625371,0.01322,7,3.6,22.63286
PowerGraph,PageRank,1048576,16777216,1,0.999,1,0.999,1,0.0957,423625371,0.01322,7,3.6,67.034375
Galois,PageRank,1048576,16777216,1,0.999,1,0.999,1,0.0957,423625371,0.01322,7,3.6,4.2102
GAP,PageRank,1048576,16777216,1,0.999,1,0.999,1,0.0957,423625371,0.01322,7,3.6,3.158372
GraphBIG,PageRank,1048576,16777216,1,0.999,1,0.999,1,0.0957,423625371,0.01322,7,3.6,141.2114
GraphMat,PageRank,1048576,16777216,1,0.999,1,0.999,1,0.0957,423625371,0.01322,7,3.6,24.94832
PowerGraph,PageRank,1048576,16777216,1,0.999,1,0.999,1,0.0957,423625371,0.01322,7,3.6,66.828125
Galois,PageRank,1048576,16777216,1,0.999,1,0.999,1,0.0957,423625371,0.01322,7,3.6,4.1172
GAP,PageRank,1048576,16777216,1,0.999,1,0.999,1,0.0957,423625371,0.01322,7,3.6,3.220572
GraphBIG,PageRank,1048576,16777216,1,0.999,1,0.999,1,0.0957,423625371,0.01322,7,3.6,148.9152
GraphMat,PageRank,1048576,16777216,1,0.999,1,0.999,1,0.0957,423625371,0.01322,7,3.6,24.351
PowerGraph,PageRank,1048576,16777216,1,0.999,1,0.999,1,0.0957,423625371,0.01322,7,3.6,66.46875
Galois,PageRank,1048576,16777216,1,0.999,1,0.999,1,0.0957,423625371,0.01322,7,3.6,4.133
GAP,PageRank,1048576,16777216,1,0.999,1,0.999,1,0.0957,423625371,0.01322,7,3.6,3.342562
GraphBIG,PageRank,1048576,16777216,1,0.999,1,0.999,1,0.0957,423625371,0.01322,7,3.6,135.8674
GraphMat,PageRank,1048576,16777216,1,0.999,1,0.999,1,0.0957,423625371,0.01322,7,3.6,22.63632
PowerGraph,PageRank,1048576,16777216,1,0.999,1,0.999,1,0.0957,423625371,0.01322,7,3.6,67.159375
Galois,PageRank,1048576,16777216,1,0.999,1,0.999,1,0.0957,423625371,0.01322,7,3.6,4.1158
GAP,PageRank,1048576,16777216,1,0.999,1,0.999,1,0.0957,423625371,0.01322,7,3.6,3.012102
GraphBIG,PageRank,1048576,16777216,1,0.999,1,0.999,1,0.0957,423625371,0.01322,7,3.6,146.7718
GraphMat,PageRank,1048576,16777216,1,0.999,1,0.999,1,0.0957,423625371,0.01322,7,3.6,22.61948
PowerGraph,PageRank,1048576,16777216,1,0.999,1,0.999,1,0.0957,423625371,0.01322,7,3.6,67.1375
Galois,PageRank,1048576,16777216,1,0.999,1,0.999,1,0.0957,423625371,0.01322,7,3.6,4.107
GAP,PageRank,1048576,16777216,1,0.999,1,0.999,1,0.0957,423625371,0.01322,7,3.6,2.791462
GraphBIG,PageRank,1048576,16777216,1,0.999,1,0.999,1,0.0957,423625371,0.01322,7,3.6,149.0656
GraphMat,PageRank,1048576,16777216,1,0.999,1,0.999,1,0.0957,423625371,0.01322,7,3.6,24.8613
PowerGraph,PageRank,1048576,16777216,1,0.999,1,0.999,1,0.0957,423625371,0.01322,7,3.6,65.921875
Galois,PageRank,1048576,16777216,1,0.999,1,0.999,1,0.0957,423625371,0.01322,7,3.6,4.1592
GAP,PageRank,1048576,16777216,1,0.999,1,0.999,1,0.0957,423625371,0.01322,7,3.6,3.564882
GraphBIG,PageRank,1048576,16777216,1,0.999,1,0.999,1,0.0957,423625371,0.01322,7,3.6,151.5306
GraphMat,PageRank,1048576,16777216,1,0.999,1,0.999,1,0.0957,423625371,0.01322,7,3.6,23.8074
PowerGraph,PageRank,1048576,16777216,1,0.999,1,0.999,1,0.0957,423625371,0.01322,7,3.6,66.865625
Galois,PageRank,1048576,16777216,2,0.999,1,0.999,1,0.0957,423625371,0.01322,7,3.6,4.1014
GAP,PageRank,1048576,16777216,2,0.999,1,0.999,1,0.0957,423625371,0.01322,7,3.6,2.089466
GraphBIG,PageRank,1048576,16777216,2,0.999,1,0.999,1,0.0957,423625371,0.01322,7,3.6,179.5456
GraphMat,PageRank,1048576,16777216,2,0.999,1,0.999,1,0.0957,423625371,0.01322,7,3.6,12.39602
PowerGraph,PageRank,1048576,16777216,2,0.999,1,0.999,1,0.0957,423625371,0.01322,7,3.6,64.903125
Galois,PageRank,1048576,16777216,2,0.999,1,0.999,1,0.0957,423625371,0.01322,7,3.6,4.1432
GAP,PageRank,1048576,16777216,2,0.999,1,0.999,1,0.0957,423625371,0.01322,7,3.6,2.054528
GraphBIG,PageRank,1048576,16777216,2,0.999,1,0.999,1,0.0957,423625371,0.01322,7,3.6,197.8584
GraphMat,PageRank,1048576,16777216,2,0.999,1,0.999,1,0.0957,423625371,0.01322,7,3.6,12.4701
PowerGraph,PageRank,1048576,16777216,2,0.999,1,0.999,1,0.0957,423625371,0.01322,7,3.6,64.2125
Galois,PageRank,1048576,16777216,2,0.999,1,0.999,1,0.0957,423625371,0.01322,7,3.6,4.1356
GAP,PageRank,1048576,16777216,2,0.999,1,0.999,1,0.0957,423625371,0.01322,7,3.6,1.992324
GraphBIG,PageRank,1048576,16777216,2,0.999,1,0.999,1,0.0957,423625371,0.01322,7,3.6,187.5758
GraphMat,PageRank,1048576,16777216,2,0.999,1,0.999,1,0.0957,423625371,0.01322,7,3.6,12.33904
PowerGraph,PageRank,1048576,16777216,2,0.999,1,0.999,1,0.0957,423625371,0.01322,7,3.6,66.115625
Galois,PageRank,1048576,16777216,2,0.999,1,0.999,1,0.0957,423625371,0.01322,7,3.6,4.1652
GAP,PageRank,1048576,16777216,2,0.999,1,0.999,1,0.0957,423625371,0.01322,7,3.6,2.02046
GraphBIG,PageRank,1048576,16777216,2,0.999,1,0.999,1,0.0957,423625371,0.01322,7,3.6,193.7144
GraphMat,PageRank,1048576,16777216,2,0.999,1,0.999,1,0.0957,423625371,0.01322,7,3.6,12.28488
PowerGraph,PageRank,1048576,16777216,2,0.999,1,0.999,1,0.0957,423625371,0.01322,7,3.6,65.021875
Galois,PageRank,1048576,16777216,2,0.999,1,0.999,1,0.0957,423625371,0.01322,7,3.6,4.1142
GAP,PageRank,1048576,16777216,2,0.999,1,0.999,1,0.0957,423625371,0.01322,7,3.6,2.176516
GraphBIG,PageRank,1048576,16777216,2,0.999,1,0.999,1,0.0957,423625371,0.01322,7,3.6,160.6546
GraphMat,PageRank,1048576,16777216,2,0.999,1,0.999,1,0.0957,423625371,0.01322,7,3.6,12.94902
PowerGraph,PageRank,1048576,16777216,2,0.999,1,0.999,1,0.0957,423625371,0.01322,7,3.6,66.809375
Galois,PageRank,1048576,16777216,2,0.999,1,0.999,1,0.0957,423625371,0.01322,7,3.6,4.1082
GAP,PageRank,1048576,16777216,2,0.999,1,0.999,1,0.0957,423625371,0.01322,7,3.6,2.154926
GraphBIG,PageRank,1048576,16777216,2,0.999,1,0.999,1,0.0957,423625371,0.01322,7,3.6,201.2722
GraphMat,PageRank,1048576,16777216,2,0.999,1,0.999,1,0.0957,423625371,0.01322,7,3.6,13.09826
PowerGraph,PageRank,1048576,16777216,2,0.999,1,0.999,1,0.0957,423625371,0.01322,7,3.6,66.6875
Galois,PageRank,1048576,16777216,2,0.999,1,0.999,1,0.0957,423625371,0.01322,7,3.6,4.1262
GAP,PageRank,1048576,16777216,2,0.999,1,0.999,1,0.0957,423625371,0.01322,7,3.6,1.979568
GraphBIG,PageRank,1048576,16777216,2,0.999,1,0.999,1,0.0957,423625371,0.01322,7,3.6,189.6718
GraphMat,PageRank,1048576,16777216,2,0.999,1,0.999,1,0.0957,423625371,0.01322,7,3.6,12.57186
PowerGraph,PageRank,1048576,16777216,2,0.999,1,0.999,1,0.0957,423625371,0.01322,7,3.6,65.996875
Galois,PageRank,1048576,16777216,2,0.999,1,0.999,1,0.0957,423625371,0.01322,7,3.6,4.1398
GAP,PageRank,1048576,16777216,2,0.999,1,0.999,1,0.0957,423625371,0.01322,7,3.6,2.104292
GraphBIG,PageRank,1048576,16777216,2,0.999,1,0.999,1,0.0957,423625371,0.01322,7,3.6,177.932
GraphMat,PageRank,1048576,16777216,2,0.999,1,0.999,1,0.0957,423625371,0.01322,7,3.6,12.50108
PowerGraph,PageRank,1048576,16777216,2,0.999,1,0.999,1,0.0957,423625371,0.01322,7,3.6,65.375
Galois,PageRank,1048576,16777216,2,0.999,1,0.999,1,0.0957,423625371,0.01322,7,3.6,4.1384
GAP,PageRank,1048576,16777216,2,0.999,1,0.999,1,0.0957,423625371,0.01322,7,3.6,1.782108
GraphBIG,PageRank,1048576,16777216,2,0.999,1,0.999,1,0.0957,423625371,0.01322,7,3.6,190.9646
GraphMat,PageRank,1048576,16777216,2,0.999,1,0.999,1,0.0957,423625371,0.01322,7,3.6,12.37448
PowerGraph,PageRank,1048576,16777216,2,0.999,1,0.999,1,0.0957,423625371,0.01322,7,3.6,64.921875
Galois,PageRank,1048576,16777216,2,0.999,1,0.999,1,0.0957,423625371,0.01322,7,3.6,4.1176
GAP,PageRank,1048576,16777216,2,0.999,1,0.999,1,0.0957,423625371,0.01322,7,3.6,2.033948
GraphBIG,PageRank,1048576,16777216,2,0.999,1,0.999,1,0.0957,423625371,0.01322,7,3.6,188.0746
GraphMat,PageRank,1048576,16777216,2,0.999,1,0.999,1,0.0957,423625371,0.01322,7,3.6,12.51454
PowerGraph,PageRank,1048576,16777216,2,0.999,1,0.999,1,0.0957,423625371,0.01322,7,3.6,66.859375
Galois,PageRank,1048576,16777216,2,0.999,1,0.999,1,0.0957,423625371,0.01322,7,3.6,4.2312
GAP,PageRank,1048576,16777216,2,0.999,1,0.999,1,0.0957,423625371,0.01322,7,3.6,2.009608
GraphBIG,PageRank,1048576,16777216,2,0.999,1,0.999,1,0.0957,423625371,0.01322,7,3.6,189.25
GraphMat,PageRank,1048576,16777216,2,0.999,1,0.999,1,0.0957,423625371,0.01322,7,3.6,12.16926
PowerGraph,PageRank,1048576,16777216,2,0.999,1,0.999,1,0.0957,423625371,0.01322,7,3.6,65.515625
Galois,PageRank,1048576,16777216,2,NA,NA,NA,NA,NA,NA,NA,NA,NA,4.1314
GAP,PageRank,1048576,16777216,2,NA,NA,NA,NA,NA,NA,NA,NA,NA,1.909874
GraphBIG,PageRank,1048576,16777216,2,NA,NA,NA,NA,NA,NA,NA,NA,NA,195.273
GraphMat,PageRank,1048576,16777216,2,NA,NA,NA,NA,NA,NA,NA,NA,NA,12.85806
PowerGraph,PageRank,1048576,16777216,2,NA,NA,NA,NA,NA,NA,NA,NA,NA,65.303125
Galois,PageRank,1048576,16777216,2,0.999,1,0.999,1,0.0957,423625371,0.01322,7,3.6,4.0956
GAP,PageRank,1048576,16777216,2,0.999,1,0.999,1,0.0957,423625371,0.01322,7,3.6,1.956114
GraphBIG,PageRank,1048576,16777216,2,0.999,1,0.999,1,0.0957,423625371,0.01322,7,3.6,202.3226
GraphMat,PageRank,1048576,16777216,2,0.999,1,0.999,1,0.0957,423625371,0.01322,7,3.6,13.57702
PowerGraph,PageRank,1048576,16777216,2,0.999,1,0.999,1,0.0957,423625371,0.01322,7,3.6,65.790625
Galois,PageRank,1048576,16777216,2,0.999,1,0.999,1,0.0957,423625371,0.01322,7,3.6,4.129
GAP,PageRank,1048576,16777216,2,0.999,1,0.999,1,0.0957,423625371,0.01322,7,3.6,2.192628
GraphBIG,PageRank,1048576,16777216,2,0.999,1,0.999,1,0.0957,423625371,0.01322,7,3.6,161.9042
GraphMat,PageRank,1048576,16777216,2,0.999,1,0.999,1,0.0957,423625371,0.01322,7,3.6,11.92024
PowerGraph,PageRank,1048576,16777216,2,0.999,1,0.999,1,0.0957,423625371,0.01322,7,3.6,66.471875
Galois,PageRank,1048576,16777216,2,0.999,1,0.999,1,0.0957,423625371,0.01322,7,3.6,4.117
GAP,PageRank,1048576,16777216,2,0.999,1,0.999,1,0.0957,423625371,0.01322,7,3.6,2.129996
GraphBIG,PageRank,1048576,16777216,2,0.999,1,0.999,1,0.0957,423625371,0.01322,7,3.6,176.8544
GraphMat,PageRank,1048576,16777216,2,0.999,1,0.999,1,0.0957,423625371,0.01322,7,3.6,12.93448
PowerGraph,PageRank,1048576,16777216,2,0.999,1,0.999,1,0.0957,423625371,0.01322,7,3.6,66.10625
Galois,PageRank,1048576,16777216,2,0.999,1,0.999,1,0.0957,423625371,0.01322,7,3.6,4.0888
GAP,PageRank,1048576,16777216,2,0.999,1,0.999,1,0.0957,423625371,0.01322,7,3.6,2.205316
GraphBIG,PageRank,1048576,16777216,2,0.999,1,0.999,1,0.0957,423625371,0.01322,7,3.6,199.4756
GraphMat,PageRank,1048576,16777216,2,0.999,1,0.999,1,0.0957,423625371,0.01322,7,3.6,12.82638
PowerGraph,PageRank,1048576,16777216,2,0.999,1,0.999,1,0.0957,423625371,0.01322,7,3.6,66.8875
Galois,PageRank,1048576,16777216,2,0.999,1,0.999,1,0.0957,423625371,0.01322,7,3.6,4.1672
GAP,PageRank,1048576,16777216,2,0.999,1,0.999,1,0.0957,423625371,0.01322,7,3.6,2.208518
GraphBIG,PageRank,1048576,16777216,2,0.999,1,0.999,1,0.0957,423625371,0.01322,7,3.6,200.18
GraphMat,PageRank,1048576,16777216,2,0.999,1,0.999,1,0.0957,423625371,0.01322,7,3.6,12.45968
PowerGraph,PageRank,1048576,16777216,2,0.999,1,0.999,1,0.0957,423625371,0.01322,7,3.6,65.584375
Galois,PageRank,1048576,16777216,2,0.999,1,0.999,1,0.0957,423625371,0.01322,7,3.6,4.1566
GAP,PageRank,1048576,16777216,2,0.999,1,0.999,1,0.0957,423625371,0.01322,7,3.6,2.297016
GraphBIG,PageRank,1048576,16777216,2,0.999,1,0.999,1,0.0957,423625371,0.01322,7,3.6,180.8032
GraphMat,PageRank,1048576,16777216,2,0.999,1,0.999,1,0.0957,423625371,0.01322,7,3.6,13.08102
PowerGraph,PageRank,1048576,16777216,2,0.999,1,0.999,1,0.0957,423625371,0.01322,7,3.6,66.75
Galois,PageRank,1048576,16777216,2,0.999,1,0.999,1,0.0957,423625371,0.01322,7,3.6,4.115
GAP,PageRank,1048576,16777216,2,0.999,1,0.999,1,0.0957,423625371,0.01322,7,3.6,2.271346
GraphBIG,PageRank,1048576,16777216,2,0.999,1,0.999,1,0.0957,423625371,0.01322,7,3.6,212.7212
GraphMat,PageRank,1048576,16777216,2,0.999,1,0.999,1,0.0957,423625371,0.01322,7,3.6,11.81414
PowerGraph,PageRank,1048576,16777216,2,0.999,1,0.999,1,0.0957,423625371,0.01322,7,3.6,66.184375
Galois,PageRank,1048576,16777216,2,0.999,1,0.999,1,0.0957,423625371,0.01322,7,3.6,4.1208
GAP,PageRank,1048576,16777216,2,0.999,1,0.999,1,0.0957,423625371,0.01322,7,3.6,2.036064
GraphBIG,PageRank,1048576,16777216,2,0.999,1,0.999,1,0.0957,423625371,0.01322,7,3.6,204.7058
GraphMat,PageRank,1048576,16777216,2,0.999,1,0.999,1,0.0957,423625371,0.01322,7,3.6,12.15852
PowerGraph,PageRank,1048576,16777216,2,0.999,1,0.999,1,0.0957,423625371,0.01322,7,3.6,66.04375
Galois,PageRank,1048576,16777216,2,0.999,1,0.999,1,0.0957,423625371,0.01322,7,3.6,4.1232
GAP,PageRank,1048576,16777216,2,0.999,1,0.999,1,0.0957,423625371,0.01322,7,3.6,1.931314
GraphBIG,PageRank,1048576,16777216,2,0.999,1,0.999,1,0.0957,423625371,0.01322,7,3.6,205.6394
GraphMat,PageRank,1048576,16777216,2,0.999,1,0.999,1,0.0957,423625371,0.01322,7,3.6,12.9745
PowerGraph,PageRank,1048576,16777216,2,0.999,1,0.999,1,0.0957,423625371,0.01322,7,3.6,64.65
Galois,PageRank,1048576,16777216,2,0.999,1,0.999,1,0.0957,423625371,0.01322,7,3.6,4.1344
GAP,PageRank,1048576,16777216,2,0.999,1,0.999,1,0.0957,423625371,0.01322,7,3.6,1.86493
GraphBIG,PageRank,1048576,16777216,2,0.999,1,0.999,1,0.0957,423625371,0.01322,7,3.6,188.7758
GraphMat,PageRank,1048576,16777216,2,0.999,1,0.999,1,0.0957,423625371,0.01322,7,3.6,12.31628
PowerGraph,PageRank,1048576,16777216,2,0.999,1,0.999,1,0.0957,423625371,0.01322,7,3.6,66.03125
Galois,PageRank,1048576,16777216,2,0.999,1,0.999,1,0.0957,423625371,0.01322,7,3.6,4.1746
GAP,PageRank,1048576,16777216,2,0.999,1,0.999,1,0.0957,423625371,0.01322,7,3.6,1.86504
GraphBIG,PageRank,1048576,16777216,2,0.999,1,0.999,1,0.0957,423625371,0.01322,7,3.6,214.6206
GraphMat,PageRank,1048576,16777216,2,0.999,1,0.999,1,0.0957,423625371,0.01322,7,3.6,12.88098
PowerGraph,PageRank,1048576,16777216,2,0.999,1,0.999,1,0.0957,423625371,0.01322,7,3.6,66.428125
Galois,PageRank,1048576,16777216,2,0.999,1,0.999,1,0.0957,423625371,0.01322,7,3.6,4.1714
GAP,PageRank,1048576,16777216,2,0.999,1,0.999,1,0.0957,423625371,0.01322,7,3.6,2.193178
GraphBIG,PageRank,1048576,16777216,2,0.999,1,0.999,1,0.0957,423625371,0.01322,7,3.6,213.7684
GraphMat,PageRank,1048576,16777216,2,0.999,1,0.999,1,0.0957,423625371,0.01322,7,3.6,12.35258
PowerGraph,PageRank,1048576,16777216,2,0.999,1,0.999,1,0.0957,423625371,0.01322,7,3.6,65.73125
Galois,PageRank,1048576,16777216,2,0.999,1,0.999,1,0.0957,423625371,0.01322,7,3.6,4.2386
GAP,PageRank,1048576,16777216,2,0.999,1,0.999,1,0.0957,423625371,0.01322,7,3.6,2.358544
GraphBIG,PageRank,1048576,16777216,2,0.999,1,0.999,1,0.0957,423625371,0.01322,7,3.6,188.1344
GraphMat,PageRank,1048576,16777216,2,0.999,1,0.999,1,0.0957,423625371,0.01322,7,3.6,13.59776
PowerGraph,PageRank,1048576,16777216,2,0.999,1,0.999,1,0.0957,423625371,0.01322,7,3.6,66.775
Galois,PageRank,1048576,16777216,2,NA,NA,NA,NA,NA,NA,NA,NA,NA,4.096
GAP,PageRank,1048576,16777216,2,NA,NA,NA,NA,NA,NA,NA,NA,NA,1.916362
GraphBIG,PageRank,1048576,16777216,2,NA,NA,NA,NA,NA,NA,NA,NA,NA,153.5938
GraphMat,PageRank,1048576,16777216,2,NA,NA,NA,NA,NA,NA,NA,NA,NA,14.399
PowerGraph,PageRank,1048576,16777216,2,NA,NA,NA,NA,NA,NA,NA,NA,NA,65.6875
Galois,PageRank,1048576,16777216,2,0.999,1,0.999,1,0.0957,423625371,0.01322,7,3.6,4.1208
GAP,PageRank,1048576,16777216,2,0.999,1,0.999,1,0.0957,423625371,0.01322,7,3.6,1.87655
GraphBIG,PageRank,1048576,16777216,2,0.999,1,0.999,1,0.0957,423625371,0.01322,7,3.6,165.5242
GraphMat,PageRank,1048576,16777216,2,0.999,1,0.999,1,0.0957,423625371,0.01322,7,3.6,12.5831
PowerGraph,PageRank,1048576,16777216,2,0.999,1,0.999,1,0.0957,423625371,0.01322,7,3.6,66.728125
Galois,PageRank,1048576,16777216,2,0.999,1,0.999,1,0.0957,423625371,0.01322,7,3.6,4.1262
GAP,PageRank,1048576,16777216,2,0.999,1,0.999,1,0.0957,423625371,0.01322,7,3.6,1.88919
GraphBIG,PageRank,1048576,16777216,2,0.999,1,0.999,1,0.0957,423625371,0.01322,7,3.6,204.8068
GraphMat,PageRank,1048576,16777216,2,0.999,1,0.999,1,0.0957,423625371,0.01322,7,3.6,12.44118
PowerGraph,PageRank,1048576,16777216,2,0.999,1,0.999,1,0.0957,423625371,0.01322,7,3.6,67.05625
Galois,PageRank,1048576,16777216,2,0.999,1,0.999,1,0.0957,423625371,0.01322,7,3.6,4.1186
GAP,PageRank,1048576,16777216,2,0.999,1,0.999,1,0.0957,423625371,0.01322,7,3.6,1.873482
GraphBIG,PageRank,1048576,16777216,2,0.999,1,0.999,1,0.0957,423625371,0.01322,7,3.6,167.0688
GraphMat,PageRank,1048576,16777216,2,0.999,1,0.999,1,0.0957,423625371,0.01322,7,3.6,12.9283
PowerGraph,PageRank,1048576,16777216,2,0.999,1,0.999,1,0.0957,423625371,0.01322,7,3.6,65.28125
Galois,PageRank,1048576,16777216,2,0.999,1,0.999,1,0.0957,423625371,0.01322,7,3.6,4.1048
GAP,PageRank,1048576,16777216,2,0.999,1,0.999,1,0.0957,423625371,0.01322,7,3.6,1.74261
GraphBIG,PageRank,1048576,16777216,2,0.999,1,0.999,1,0.0957,423625371,0.01322,7,3.6,202.6448
GraphMat,PageRank,1048576,16777216,2,0.999,1,0.999,1,0.0957,423625371,0.01322,7,3.6,13.19462
PowerGraph,PageRank,1048576,16777216,2,0.999,1,0.999,1,0.0957,423625371,0.01322,7,3.6,65.925
Galois,PageRank,1048576,16777216,2,0.999,1,0.999,1,0.0957,423625371,0.01322,7,3.6,4.117
GAP,PageRank,1048576,16777216,2,0.999,1,0.999,1,0.0957,423625371,0.01322,7,3.6,2.3645
GraphBIG,PageRank,1048576,16777216,2,0.999,1,0.999,1,0.0957,423625371,0.01322,7,3.6,217.2228
GraphMat,PageRank,1048576,16777216,2,0.999,1,0.999,1,0.0957,423625371,0.01322,7,3.6,14.01144
PowerGraph,PageRank,1048576,16777216,2,0.999,1,0.999,1,0.0957,423625371,0.01322,7,3.6,66.590625
Galois,PageRank,1048576,16777216,2,0.999,1,0.999,1,0.0957,423625371,0.01322,7,3.6,4.1204
GAP,PageRank,1048576,16777216,2,0.999,1,0.999,1,0.0957,423625371,0.01322,7,3.6,1.946038
GraphBIG,PageRank,1048576,16777216,2,0.999,1,0.999,1,0.0957,423625371,0.01322,7,3.6,159.5192
GraphMat,PageRank,1048576,16777216,2,0.999,1,0.999,1,0.0957,423625371,0.01322,7,3.6,12.4397
PowerGraph,PageRank,1048576,16777216,2,0.999,1,0.999,1,0.0957,423625371,0.01322,7,3.6,66.0625
Galois,PageRank,1048576,16777216,2,0.999,1,0.999,1,0.0957,423625371,0.01322,7,3.6,4.1218
GAP,PageRank,1048576,16777216,2,0.999,1,0.999,1,0.0957,423625371,0.01322,7,3.6,2.066408
GraphBIG,PageRank,1048576,16777216,2,0.999,1,0.999,1,0.0957,423625371,0.01322,7,3.6,183.1298
GraphMat,PageRank,1048576,16777216,2,0.999,1,0.999,1,0.0957,423625371,0.01322,7,3.6,12.58084
PowerGraph,PageRank,1048576,16777216,2,0.999,1,0.999,1,0.0957,423625371,0.01322,7,3.6,64.79375
Galois,PageRank,1048576,16777216,2,0.999,1,0.999,1,0.0957,423625371,0.01322,7,3.6,4.1212
GAP,PageRank,1048576,16777216,2,0.999,1,0.999,1,0.0957,423625371,0.01322,7,3.6,1.884794
GraphBIG,PageRank,1048576,16777216,2,0.999,1,0.999,1,0.0957,423625371,0.01322,7,3.6,210.3208
GraphMat,PageRank,1048576,16777216,2,0.999,1,0.999,1,0.0957,423625371,0.01322,7,3.6,13.81222
PowerGraph,PageRank,1048576,16777216,2,0.999,1,0.999,1,0.0957,423625371,0.01322,7,3.6,65.521875
Galois,PageRank,1048576,16777216,2,0.999,1,0.999,1,0.0957,423625371,0.01322,7,3.6,4.1362
GAP,PageRank,1048576,16777216,2,0.999,1,0.999,1,0.0957,423625371,0.01322,7,3.6,2.224576
GraphBIG,PageRank,1048576,16777216,2,0.999,1,0.999,1,0.0957,423625371,0.01322,7,3.6,189.0862
GraphMat,PageRank,1048576,16777216,2,0.999,1,0.999,1,0.0957,423625371,0.01322,7,3.6,12.8101
PowerGraph,PageRank,1048576,16777216,2,0.999,1,0.999,1,0.0957,423625371,0.01322,7,3.6,66.178125
Galois,PageRank,1048576,16777216,2,0.999,1,0.999,1,0.0957,423625371,0.01322,7,3.6,4.1094
GAP,PageRank,1048576,16777216,2,0.999,1,0.999,1,0.0957,423625371,0.01322,7,3.6,1.990626
GraphBIG,PageRank,1048576,16777216,2,0.999,1,0.999,1,0.0957,423625371,0.01322,7,3.6,212.9384
GraphMat,PageRank,1048576,16777216,2,0.999,1,0.999,1,0.0957,423625371,0.01322,7,3.6,12.81406
PowerGraph,PageRank,1048576,16777216,2,0.999,1,0.999,1,0.0957,423625371,0.01322,7,3.6,65.58125
Galois,PageRank,1048576,16777216,2,0.999,1,0.999,1,0.0957,423625371,0.01322,7,3.6,4.119
GAP,PageRank,1048576,16777216,2,0.999,1,0.999,1,0.0957,423625371,0.01322,7,3.6,2.192316
GraphBIG,PageRank,1048576,16777216,2,0.999,1,0.999,1,0.0957,423625371,0.01322,7,3.6,205.2696
GraphMat,PageRank,1048576,16777216,2,0.999,1,0.999,1,0.0957,423625371,0.01322,7,3.6,12.36144
PowerGraph,PageRank,1048576,16777216,2,0.999,1,0.999,1,0.0957,423625371,0.01322,7,3.6,66.43125
Galois,PageRank,1048576,16777216,2,0.999,1,0.999,1,0.0957,423625371,0.01322,7,3.6,4.154
GAP,PageRank,1048576,16777216,2,0.999,1,0.999,1,0.0957,423625371,0.01322,7,3.6,2.211534
GraphBIG,PageRank,1048576,16777216,2,0.999,1,0.999,1,0.0957,423625371,0.01322,7,3.6,198.3598
GraphMat,PageRank,1048576,16777216,2,0.999,1,0.999,1,0.0957,423625371,0.01322,7,3.6,12.60964
PowerGraph,PageRank,1048576,16777216,2,0.999,1,0.999,1,0.0957,423625371,0.01322,7,3.6,66.1625
Galois,PageRank,1048576,16777216,2,0.999,1,0.999,1,0.0957,423625371,0.01322,7,3.6,4.1948
GAP,PageRank,1048576,16777216,2,0.999,1,0.999,1,0.0957,423625371,0.01322,7,3.6,1.889718
GraphBIG,PageRank,1048576,16777216,2,0.999,1,0.999,1,0.0957,423625371,0.01322,7,3.6,191.6592
GraphMat,PageRank,1048576,16777216,2,0.999,1,0.999,1,0.0957,423625371,0.01322,7,3.6,12.38102
PowerGraph,PageRank,1048576,16777216,2,0.999,1,0.999,1,0.0957,423625371,0.01322,7,3.6,65.590625
Galois,PageRank,1048576,16777216,2,0.999,1,0.999,1,0.0957,423625371,0.01322,7,3.6,4.1458
GAP,PageRank,1048576,16777216,2,0.999,1,0.999,1,0.0957,423625371,0.01322,7,3.6,2.069274
GraphBIG,PageRank,1048576,16777216,2,0.999,1,0.999,1,0.0957,423625371,0.01322,7,3.6,190.6942
GraphMat,PageRank,1048576,16777216,2,0.999,1,0.999,1,0.0957,423625371,0.01322,7,3.6,13.3608
PowerGraph,PageRank,1048576,16777216,2,0.999,1,0.999,1,0.0957,423625371,0.01322,7,3.6,65.29375
Galois,PageRank,1048576,16777216,2,0.999,1,0.999,1,0.0957,423625371,0.01322,7,3.6,4.1444
GAP,PageRank,1048576,16777216,2,0.999,1,0.999,1,0.0957,423625371,0.01322,7,3.6,1.937796
GraphBIG,PageRank,1048576,16777216,2,0.999,1,0.999,1,0.0957,423625371,0.01322,7,3.6,187.3776
GraphMat,PageRank,1048576,16777216,2,0.999,1,0.999,1,0.0957,423625371,0.01322,7,3.6,12.79686
PowerGraph,PageRank,1048576,16777216,2,0.999,1,0.999,1,0.0957,423625371,0.01322,7,3.6,65.771875
Galois,PageRank,1048576,16777216,2,0.999,1,0.999,1,0.0957,423625371,0.01322,7,3.6,4.1632
GAP,PageRank,1048576,16777216,2,0.999,1,0.999,1,0.0957,423625371,0.01322,7,3.6,1.753676
GraphBIG,PageRank,1048576,16777216,2,0.999,1,0.999,1,0.0957,423625371,0.01322,7,3.6,199.1262
GraphMat,PageRank,1048576,16777216,2,0.999,1,0.999,1,0.0957,423625371,0.01322,7,3.6,12.28352
PowerGraph,PageRank,1048576,16777216,2,0.999,1,0.999,1,0.0957,423625371,0.01322,7,3.6,65.715625
Galois,PageRank,1048576,16777216,2,0.999,1,0.999,1,0.0957,423625371,0.01322,7,3.6,4.3288
GAP,PageRank,1048576,16777216,2,0.999,1,0.999,1,0.0957,423625371,0.01322,7,3.6,1.869586
GraphBIG,PageRank,1048576,16777216,2,0.999,1,0.999,1,0.0957,423625371,0.01322,7,3.6,197.7402
GraphMat,PageRank,1048576,16777216,2,0.999,1,0.999,1,0.0957,423625371,0.01322,7,3.6,12.0961
PowerGraph,PageRank,1048576,16777216,2,0.999,1,0.999,1,0.0957,423625371,0.01322,7,3.6,66.875
Galois,PageRank,1048576,16777216,2,0.999,1,0.999,1,0.0957,423625371,0.01322,7,3.6,4.1164
GAP,PageRank,1048576,16777216,2,0.999,1,0.999,1,0.0957,423625371,0.01322,7,3.6,2.187222
GraphBIG,PageRank,1048576,16777216,2,0.999,1,0.999,1,0.0957,423625371,0.01322,7,3.6,134.3502
GraphMat,PageRank,1048576,16777216,2,0.999,1,0.999,1,0.0957,423625371,0.01322,7,3.6,12.50438
PowerGraph,PageRank,1048576,16777216,2,0.999,1,0.999,1,0.0957,423625371,0.01322,7,3.6,66.14375
Galois,PageRank,1048576,16777216,2,0.999,1,0.999,1,0.0957,423625371,0.01322,7,3.6,4.0952
GAP,PageRank,1048576,16777216,2,0.999,1,0.999,1,0.0957,423625371,0.01322,7,3.6,2.16292
GraphBIG,PageRank,1048576,16777216,2,0.999,1,0.999,1,0.0957,423625371,0.01322,7,3.6,176.8934
GraphMat,PageRank,1048576,16777216,2,0.999,1,0.999,1,0.0957,423625371,0.01322,7,3.6,13.20986
PowerGraph,PageRank,1048576,16777216,2,0.999,1,0.999,1,0.0957,423625371,0.01322,7,3.6,65.965625
Galois,PageRank,1048576,16777216,2,0.999,1,0.999,1,0.0957,423625371,0.01322,7,3.6,4.1156
GAP,PageRank,1048576,16777216,2,0.999,1,0.999,1,0.0957,423625371,0.01322,7,3.6,1.752464
GraphBIG,PageRank,1048576,16777216,2,0.999,1,0.999,1,0.0957,423625371,0.01322,7,3.6,195.739
GraphMat,PageRank,1048576,16777216,2,0.999,1,0.999,1,0.0957,423625371,0.01322,7,3.6,12.45166
PowerGraph,PageRank,1048576,16777216,2,0.999,1,0.999,1,0.0957,423625371,0.01322,7,3.6,66.4
Galois,PageRank,1048576,16777216,2,0.999,1,0.999,1,0.0957,423625371,0.01322,7,3.6,4.1186
GAP,PageRank,1048576,16777216,2,0.999,1,0.999,1,0.0957,423625371,0.01322,7,3.6,1.935596
GraphBIG,PageRank,1048576,16777216,2,0.999,1,0.999,1,0.0957,423625371,0.01322,7,3.6,194.6696
GraphMat,PageRank,1048576,16777216,2,0.999,1,0.999,1,0.0957,423625371,0.01322,7,3.6,13.28416
PowerGraph,PageRank,1048576,16777216,2,0.999,1,0.999,1,0.0957,423625371,0.01322,7,3.6,66.434375
Galois,PageRank,1048576,16777216,2,0.999,1,0.999,1,0.0957,423625371,0.01322,7,3.6,4.1028
GAP,PageRank,1048576,16777216,2,0.999,1,0.999,1,0.0957,423625371,0.01322,7,3.6,2.106988
GraphBIG,PageRank,1048576,16777216,2,0.999,1,0.999,1,0.0957,423625371,0.01322,7,3.6,179.0864
GraphMat,PageRank,1048576,16777216,2,0.999,1,0.999,1,0.0957,423625371,0.01322,7,3.6,14.2388
PowerGraph,PageRank,1048576,16777216,2,0.999,1,0.999,1,0.0957,423625371,0.01322,7,3.6,66.06875
Galois,PageRank,1048576,16777216,2,0.999,1,0.999,1,0.0957,423625371,0.01322,7,3.6,4.1022
GAP,PageRank,1048576,16777216,2,0.999,1,0.999,1,0.0957,423625371,0.01322,7,3.6,1.754606
GraphBIG,PageRank,1048576,16777216,2,0.999,1,0.999,1,0.0957,423625371,0.01322,7,3.6,165.0366
GraphMat,PageRank,1048576,16777216,2,0.999,1,0.999,1,0.0957,423625371,0.01322,7,3.6,13.00232
PowerGraph,PageRank,1048576,16777216,2,0.999,1,0.999,1,0.0957,423625371,0.01322,7,3.6,65.71875
Galois,PageRank,1048576,16777216,2,0.999,1,0.999,1,0.0957,423625371,0.01322,7,3.6,4.185
GAP,PageRank,1048576,16777216,2,0.999,1,0.999,1,0.0957,423625371,0.01322,7,3.6,2.123364
GraphBIG,PageRank,1048576,16777216,2,0.999,1,0.999,1,0.0957,423625371,0.01322,7,3.6,147.6094
GraphMat,PageRank,1048576,16777216,2,0.999,1,0.999,1,0.0957,423625371,0.01322,7,3.6,13.56638
PowerGraph,PageRank,1048576,16777216,2,0.999,1,0.999,1,0.0957,423625371,0.01322,7,3.6,65.859375
Galois,PageRank,1048576,16777216,2,0.999,1,0.999,1,0.0957,423625371,0.01322,7,3.6,4.1266
GAP,PageRank,1048576,16777216,2,0.999,1,0.999,1,0.0957,423625371,0.01322,7,3.6,1.956978
GraphBIG,PageRank,1048576,16777216,2,0.999,1,0.999,1,0.0957,423625371,0.01322,7,3.6,190.8564
GraphMat,PageRank,1048576,16777216,2,0.999,1,0.999,1,0.0957,423625371,0.01322,7,3.6,12.91402
PowerGraph,PageRank,1048576,16777216,2,0.999,1,0.999,1,0.0957,423625371,0.01322,7,3.6,66.99375
Galois,PageRank,1048576,16777216,2,0.999,1,0.999,1,0.0957,423625371,0.01322,7,3.6,4.1092
GAP,PageRank,1048576,16777216,2,0.999,1,0.999,1,0.0957,423625371,0.01322,7,3.6,1.977122
GraphBIG,PageRank,1048576,16777216,2,0.999,1,0.999,1,0.0957,423625371,0.01322,7,3.6,196.089
GraphMat,PageRank,1048576,16777216,2,0.999,1,0.999,1,0.0957,423625371,0.01322,7,3.6,12.40652
PowerGraph,PageRank,1048576,16777216,2,0.999,1,0.999,1,0.0957,423625371,0.01322,7,3.6,65.384375
Galois,PageRank,1048576,16777216,2,0.999,1,0.999,1,0.0957,423625371,0.01322,7,3.6,4.159
GAP,PageRank,1048576,16777216,2,0.999,1,0.999,1,0.0957,423625371,0.01322,7,3.6,2.042508
GraphBIG,PageRank,1048576,16777216,2,0.999,1,0.999,1,0.0957,423625371,0.01322,7,3.6,220.7214
GraphMat,PageRank,1048576,16777216,2,0.999,1,0.999,1,0.0957,423625371,0.01322,7,3.6,13.11256
PowerGraph,PageRank,1048576,16777216,2,0.999,1,0.999,1,0.0957,423625371,0.01322,7,3.6,66.55
Galois,PageRank,1048576,16777216,2,0.999,1,0.999,1,0.0957,423625371,0.01322,7,3.6,4.1326
GAP,PageRank,1048576,16777216,2,0.999,1,0.999,1,0.0957,423625371,0.01322,7,3.6,1.886408
GraphBIG,PageRank,1048576,16777216,2,0.999,1,0.999,1,0.0957,423625371,0.01322,7,3.6,148.5244
GraphMat,PageRank,1048576,16777216,2,0.999,1,0.999,1,0.0957,423625371,0.01322,7,3.6,12.69936
PowerGraph,PageRank,1048576,16777216,2,0.999,1,0.999,1,0.0957,423625371,0.01322,7,3.6,66.596875
Galois,PageRank,1048576,16777216,2,0.999,1,0.999,1,0.0957,423625371,0.01322,7,3.6,4.115
GAP,PageRank,1048576,16777216,2,0.999,1,0.999,1,0.0957,423625371,0.01322,7,3.6,1.751534
GraphBIG,PageRank,1048576,16777216,2,0.999,1,0.999,1,0.0957,423625371,0.01322,7,3.6,199.244
GraphMat,PageRank,1048576,16777216,2,0.999,1,0.999,1,0.0957,423625371,0.01322,7,3.6,13.11464
PowerGraph,PageRank,1048576,16777216,2,0.999,1,0.999,1,0.0957,423625371,0.01322,7,3.6,66.203125
Galois,PageRank,1048576,16777216,2,0.999,1,0.999,1,0.0957,423625371,0.01322,7,3.6,4.0986
GAP,PageRank,1048576,16777216,2,0.999,1,0.999,1,0.0957,423625371,0.01322,7,3.6,1.895834
GraphBIG,PageRank,1048576,16777216,2,0.999,1,0.999,1,0.0957,423625371,0.01322,7,3.6,206.6024
GraphMat,PageRank,1048576,16777216,2,0.999,1,0.999,1,0.0957,423625371,0.01322,7,3.6,12.82728
PowerGraph,PageRank,1048576,16777216,2,0.999,1,0.999,1,0.0957,423625371,0.01322,7,3.6,65.621875
Galois,PageRank,1048576,16777216,2,0.999,1,0.999,1,0.0957,423625371,0.01322,7,3.6,4.128
GAP,PageRank,1048576,16777216,2,0.999,1,0.999,1,0.0957,423625371,0.01322,7,3.6,2.16968
GraphBIG,PageRank,1048576,16777216,2,0.999,1,0.999,1,0.0957,423625371,0.01322,7,3.6,188.8512
GraphMat,PageRank,1048576,16777216,2,0.999,1,0.999,1,0.0957,423625371,0.01322,7,3.6,12.22574
PowerGraph,PageRank,1048576,16777216,2,0.999,1,0.999,1,0.0957,423625371,0.01322,7,3.6,66.65
Galois,PageRank,1048576,16777216,2,0.999,1,0.999,1,0.0957,423625371,0.01322,7,3.6,4.1658
GAP,PageRank,1048576,16777216,2,0.999,1,0.999,1,0.0957,423625371,0.01322,7,3.6,1.818724
GraphBIG,PageRank,1048576,16777216,2,0.999,1,0.999,1,0.0957,423625371,0.01322,7,3.6,183.089
GraphMat,PageRank,1048576,16777216,2,0.999,1,0.999,1,0.0957,423625371,0.01322,7,3.6,13.12416
PowerGraph,PageRank,1048576,16777216,2,0.999,1,0.999,1,0.0957,423625371,0.01322,7,3.6,66.540625
Galois,PageRank,1048576,16777216,2,0.999,1,0.999,1,0.0957,423625371,0.01322,7,3.6,4.1272
GAP,PageRank,1048576,16777216,2,0.999,1,0.999,1,0.0957,423625371,0.01322,7,3.6,1.851394
GraphBIG,PageRank,1048576,16777216,2,0.999,1,0.999,1,0.0957,423625371,0.01322,7,3.6,197.7384
GraphMat,PageRank,1048576,16777216,2,0.999,1,0.999,1,0.0957,423625371,0.01322,7,3.6,13.66636
PowerGraph,PageRank,1048576,16777216,2,0.999,1,0.999,1,0.0957,423625371,0.01322,7,3.6,66.903125
Galois,PageRank,1048576,16777216,2,0.999,1,0.999,1,0.0957,423625371,0.01322,7,3.6,4.1212
GAP,PageRank,1048576,16777216,2,0.999,1,0.999,1,0.0957,423625371,0.01322,7,3.6,1.9799
GraphBIG,PageRank,1048576,16777216,2,0.999,1,0.999,1,0.0957,423625371,0.01322,7,3.6,212.7904
GraphMat,PageRank,1048576,16777216,2,0.999,1,0.999,1,0.0957,423625371,0.01322,7,3.6,13.87516
PowerGraph,PageRank,1048576,16777216,2,0.999,1,0.999,1,0.0957,423625371,0.01322,7,3.6,66.678125
