Unnamed: 0,package,algorithm,nvertices,nedges,nthreads,Nodes.in.largest.WCC,Edges.in.largest.WCC,Nodes.in.largest.SCC,Edges.in.largest.SCC,Average.clustering.coefficient,Number.of.triangles,Fraction.of.closed.triangles,Diameter..longest.shortest.path.,X90.percentile.effective.diameter,classif
5,1,0,36692,183831,2,0.918,0.984,0.918,0.984,0.497,727044.0,0.03015,11.0,4.8,bad
6,0,0,36692,183831,2,0.918,0.984,0.918,0.984,0.497,727044.0,0.03015,11.0,4.8,bad
7,2,0,36692,183831,2,0.918,0.984,0.918,0.984,0.497,727044.0,0.03015,11.0,4.8,bad
8,3,0,36692,183831,2,0.918,0.984,0.918,0.984,0.497,727044.0,0.03015,11.0,4.8,bad
9,4,0,36692,183831,2,0.918,0.984,0.918,0.984,0.497,727044.0,0.03015,11.0,4.8,bad
19,1,0,4039,88234,1,1.0,1.0,1.0,1.0,0.6055,1612010.0,0.2647,8.0,4.7,bad
20,0,0,4039,88234,1,1.0,1.0,1.0,1.0,0.6055,1612010.0,0.2647,8.0,4.7,bad
21,2,0,4039,88234,1,1.0,1.0,1.0,1.0,0.6055,1612010.0,0.2647,8.0,4.7,bad
22,3,0,4039,88234,1,1.0,1.0,1.0,1.0,0.6055,1612010.0,0.2647,8.0,4.7,bad
23,4,0,4039,88234,1,1.0,1.0,1.0,1.0,0.6055,1612010.0,0.2647,8.0,4.7,bad
30,2,0,4039,88234,2,1.0,1.0,1.0,1.0,0.6055,1612010.0,0.2647,8.0,4.7,bad
35,0,0,4039,88234,4,1.0,1.0,1.0,1.0,0.6055,1612010.0,0.2647,8.0,4.7,bad
36,2,0,4039,88234,4,1.0,1.0,1.0,1.0,0.6055,1612010.0,0.2647,8.0,4.7,bad
37,3,0,4039,88234,4,1.0,1.0,1.0,1.0,0.6055,1612010.0,0.2647,8.0,4.7,bad
38,4,0,4039,88234,4,1.0,1.0,1.0,1.0,0.6055,1612010.0,0.2647,8.0,4.7,bad
46,0,0,4039,88234,8,1.0,1.0,1.0,1.0,0.6055,1612010.0,0.2647,8.0,4.7,bad
47,2,0,4039,88234,8,1.0,1.0,1.0,1.0,0.6055,1612010.0,0.2647,8.0,4.7,bad
48,3,0,4039,88234,8,1.0,1.0,1.0,1.0,0.6055,1612010.0,0.2647,8.0,4.7,bad
49,4,0,4039,88234,8,1.0,1.0,1.0,1.0,0.6055,1612010.0,0.2647,8.0,4.7,bad
57,0,0,4039,88234,16,1.0,1.0,1.0,1.0,0.6055,1612010.0,0.2647,8.0,4.7,bad
58,2,0,4039,88234,16,1.0,1.0,1.0,1.0,0.6055,1612010.0,0.2647,8.0,4.7,bad
59,3,0,4039,88234,16,1.0,1.0,1.0,1.0,0.6055,1612010.0,0.2647,8.0,4.7,bad
60,4,0,4039,88234,16,1.0,1.0,1.0,1.0,0.6055,1612010.0,0.2647,8.0,4.7,bad
68,0,0,4039,88234,24,1.0,1.0,1.0,1.0,0.6055,1612010.0,0.2647,8.0,4.7,bad
69,2,0,4039,88234,24,1.0,1.0,1.0,1.0,0.6055,1612010.0,0.2647,8.0,4.7,bad
70,3,0,4039,88234,24,1.0,1.0,1.0,1.0,0.6055,1612010.0,0.2647,8.0,4.7,bad
71,4,0,4039,88234,24,1.0,1.0,1.0,1.0,0.6055,1612010.0,0.2647,8.0,4.7,bad
79,0,0,4039,88234,32,1.0,1.0,1.0,1.0,0.6055,1612010.0,0.2647,8.0,4.7,bad
80,2,0,4039,88234,32,1.0,1.0,1.0,1.0,0.6055,1612010.0,0.2647,8.0,4.7,bad
81,3,0,4039,88234,32,1.0,1.0,1.0,1.0,0.6055,1612010.0,0.2647,8.0,4.7,bad
82,4,0,4039,88234,32,1.0,1.0,1.0,1.0,0.6055,1612010.0,0.2647,8.0,4.7,bad
90,0,0,4039,88234,40,1.0,1.0,1.0,1.0,0.6055,1612010.0,0.2647,8.0,4.7,bad
91,2,0,4039,88234,40,1.0,1.0,1.0,1.0,0.6055,1612010.0,0.2647,8.0,4.7,bad
92,3,0,4039,88234,40,1.0,1.0,1.0,1.0,0.6055,1612010.0,0.2647,8.0,4.7,bad
93,4,0,4039,88234,40,1.0,1.0,1.0,1.0,0.6055,1612010.0,0.2647,8.0,4.7,bad
101,0,0,4039,88234,48,1.0,1.0,1.0,1.0,0.6055,1612010.0,0.2647,8.0,4.7,bad
102,2,0,4039,88234,48,1.0,1.0,1.0,1.0,0.6055,1612010.0,0.2647,8.0,4.7,bad
103,3,0,4039,88234,48,1.0,1.0,1.0,1.0,0.6055,1612010.0,0.2647,8.0,4.7,bad
104,4,0,4039,88234,48,1.0,1.0,1.0,1.0,0.6055,1612010.0,0.2647,8.0,4.7,bad
112,0,0,4039,88234,56,1.0,1.0,1.0,1.0,0.6055,1612010.0,0.2647,8.0,4.7,bad
113,2,0,4039,88234,56,1.0,1.0,1.0,1.0,0.6055,1612010.0,0.2647,8.0,4.7,bad
114,3,0,4039,88234,56,1.0,1.0,1.0,1.0,0.6055,1612010.0,0.2647,8.0,4.7,bad
115,4,0,4039,88234,56,1.0,1.0,1.0,1.0,0.6055,1612010.0,0.2647,8.0,4.7,bad
233,0,0,685230,7600595,1,0.956,0.987,0.489,0.595,0.5967,64690980.0,0.002746,514.0,9.9,bad
234,2,0,685230,7600595,1,0.956,0.987,0.489,0.595,0.5967,64690980.0,0.002746,514.0,9.9,bad
235,3,0,685230,7600595,1,0.956,0.987,0.489,0.595,0.5967,64690980.0,0.002746,514.0,9.9,bad
236,4,0,685230,7600595,1,0.956,0.987,0.489,0.595,0.5967,64690980.0,0.002746,514.0,9.9,bad
244,0,0,685230,7600595,2,0.956,0.987,0.489,0.595,0.5967,64690980.0,0.002746,514.0,9.9,bad
245,2,0,685230,7600595,2,0.956,0.987,0.489,0.595,0.5967,64690980.0,0.002746,514.0,9.9,bad
246,3,0,685230,7600595,2,0.956,0.987,0.489,0.595,0.5967,64690980.0,0.002746,514.0,9.9,bad
247,4,0,685230,7600595,2,0.956,0.987,0.489,0.595,0.5967,64690980.0,0.002746,514.0,9.9,bad
255,0,0,685230,7600595,4,0.956,0.987,0.489,0.595,0.5967,64690980.0,0.002746,514.0,9.9,bad
256,2,0,685230,7600595,4,0.956,0.987,0.489,0.595,0.5967,64690980.0,0.002746,514.0,9.9,bad
257,3,0,685230,7600595,4,0.956,0.987,0.489,0.595,0.5967,64690980.0,0.002746,514.0,9.9,bad
258,4,0,685230,7600595,4,0.956,0.987,0.489,0.595,0.5967,64690980.0,0.002746,514.0,9.9,bad
266,0,0,685230,7600595,8,0.956,0.987,0.489,0.595,0.5967,64690980.0,0.002746,514.0,9.9,bad
267,2,0,685230,7600595,8,0.956,0.987,0.489,0.595,0.5967,64690980.0,0.002746,514.0,9.9,bad
268,3,0,685230,7600595,8,0.956,0.987,0.489,0.595,0.5967,64690980.0,0.002746,514.0,9.9,bad
269,4,0,685230,7600595,8,0.956,0.987,0.489,0.595,0.5967,64690980.0,0.002746,514.0,9.9,bad
277,0,0,685230,7600595,16,0.956,0.987,0.489,0.595,0.5967,64690980.0,0.002746,514.0,9.9,bad
278,2,0,685230,7600595,16,0.956,0.987,0.489,0.595,0.5967,64690980.0,0.002746,514.0,9.9,bad
279,3,0,685230,7600595,16,0.956,0.987,0.489,0.595,0.5967,64690980.0,0.002746,514.0,9.9,bad
280,4,0,685230,7600595,16,0.956,0.987,0.489,0.595,0.5967,64690980.0,0.002746,514.0,9.9,bad
288,0,0,685230,7600595,24,0.956,0.987,0.489,0.595,0.5967,64690980.0,0.002746,514.0,9.9,bad
289,2,0,685230,7600595,24,0.956,0.987,0.489,0.595,0.5967,64690980.0,0.002746,514.0,9.9,bad
290,3,0,685230,7600595,24,0.956,0.987,0.489,0.595,0.5967,64690980.0,0.002746,514.0,9.9,bad
291,4,0,685230,7600595,24,0.956,0.987,0.489,0.595,0.5967,64690980.0,0.002746,514.0,9.9,bad
299,0,0,685230,7600595,32,0.956,0.987,0.489,0.595,0.5967,64690980.0,0.002746,514.0,9.9,bad
300,2,0,685230,7600595,32,0.956,0.987,0.489,0.595,0.5967,64690980.0,0.002746,514.0,9.9,bad
301,3,0,685230,7600595,32,0.956,0.987,0.489,0.595,0.5967,64690980.0,0.002746,514.0,9.9,bad
302,4,0,685230,7600595,32,0.956,0.987,0.489,0.595,0.5967,64690980.0,0.002746,514.0,9.9,bad
310,0,0,685230,7600595,40,0.956,0.987,0.489,0.595,0.5967,64690980.0,0.002746,514.0,9.9,bad
311,2,0,685230,7600595,40,0.956,0.987,0.489,0.595,0.5967,64690980.0,0.002746,514.0,9.9,bad
312,3,0,685230,7600595,40,0.956,0.987,0.489,0.595,0.5967,64690980.0,0.002746,514.0,9.9,bad
313,4,0,685230,7600595,40,0.956,0.987,0.489,0.595,0.5967,64690980.0,0.002746,514.0,9.9,bad
321,0,0,685230,7600595,48,0.956,0.987,0.489,0.595,0.5967,64690980.0,0.002746,514.0,9.9,bad
322,2,0,685230,7600595,48,0.956,0.987,0.489,0.595,0.5967,64690980.0,0.002746,514.0,9.9,bad
323,3,0,685230,7600595,48,0.956,0.987,0.489,0.595,0.5967,64690980.0,0.002746,514.0,9.9,bad
324,4,0,685230,7600595,48,0.956,0.987,0.489,0.595,0.5967,64690980.0,0.002746,514.0,9.9,bad
332,0,0,685230,7600595,56,0.956,0.987,0.489,0.595,0.5967,64690980.0,0.002746,514.0,9.9,bad
333,2,0,685230,7600595,56,0.956,0.987,0.489,0.595,0.5967,64690980.0,0.002746,514.0,9.9,bad
334,3,0,685230,7600595,56,0.956,0.987,0.489,0.595,0.5967,64690980.0,0.002746,514.0,9.9,bad
335,4,0,685230,7600595,56,0.956,0.987,0.489,0.595,0.5967,64690980.0,0.002746,514.0,9.9,bad
343,0,0,382219,15038083,1,0.98,0.998,0.98,0.998,0.78,346813199.0,0.06224,12.0,4.2,bad
344,2,0,382219,15038083,1,0.98,0.998,0.98,0.998,0.78,346813199.0,0.06224,12.0,4.2,bad
345,3,0,382219,15038083,1,0.98,0.998,0.98,0.998,0.78,346813199.0,0.06224,12.0,4.2,bad
346,4,0,382219,15038083,1,0.98,0.998,0.98,0.998,0.78,346813199.0,0.06224,12.0,4.2,bad
354,0,0,382219,15038083,2,0.98,0.998,0.98,0.998,0.78,346813199.0,0.06224,12.0,4.2,bad
355,2,0,382219,15038083,2,0.98,0.998,0.98,0.998,0.78,346813199.0,0.06224,12.0,4.2,bad
356,3,0,382219,15038083,2,0.98,0.998,0.98,0.998,0.78,346813199.0,0.06224,12.0,4.2,bad
357,4,0,382219,15038083,2,0.98,0.998,0.98,0.998,0.78,346813199.0,0.06224,12.0,4.2,bad
365,0,0,382219,15038083,4,0.98,0.998,0.98,0.998,0.78,346813199.0,0.06224,12.0,4.2,bad
366,2,0,382219,15038083,4,0.98,0.998,0.98,0.998,0.78,346813199.0,0.06224,12.0,4.2,bad
367,3,0,382219,15038083,4,0.98,0.998,0.98,0.998,0.78,346813199.0,0.06224,12.0,4.2,bad
368,4,0,382219,15038083,4,0.98,0.998,0.98,0.998,0.78,346813199.0,0.06224,12.0,4.2,bad
376,0,0,382219,15038083,8,0.98,0.998,0.98,0.998,0.78,346813199.0,0.06224,12.0,4.2,bad
377,2,0,382219,15038083,8,0.98,0.998,0.98,0.998,0.78,346813199.0,0.06224,12.0,4.2,bad
378,3,0,382219,15038083,8,0.98,0.998,0.98,0.998,0.78,346813199.0,0.06224,12.0,4.2,bad
379,4,0,382219,15038083,8,0.98,0.998,0.98,0.998,0.78,346813199.0,0.06224,12.0,4.2,bad
387,0,0,382219,15038083,16,0.98,0.998,0.98,0.998,0.78,346813199.0,0.06224,12.0,4.2,bad
388,2,0,382219,15038083,16,0.98,0.998,0.98,0.998,0.78,346813199.0,0.06224,12.0,4.2,bad
389,3,0,382219,15038083,16,0.98,0.998,0.98,0.998,0.78,346813199.0,0.06224,12.0,4.2,bad
390,4,0,382219,15038083,16,0.98,0.998,0.98,0.998,0.78,346813199.0,0.06224,12.0,4.2,bad
398,0,0,382219,15038083,24,0.98,0.998,0.98,0.998,0.78,346813199.0,0.06224,12.0,4.2,bad
399,2,0,382219,15038083,24,0.98,0.998,0.98,0.998,0.78,346813199.0,0.06224,12.0,4.2,bad
400,3,0,382219,15038083,24,0.98,0.998,0.98,0.998,0.78,346813199.0,0.06224,12.0,4.2,bad
401,4,0,382219,15038083,24,0.98,0.998,0.98,0.998,0.78,346813199.0,0.06224,12.0,4.2,bad
409,0,0,382219,15038083,32,0.98,0.998,0.98,0.998,0.78,346813199.0,0.06224,12.0,4.2,bad
410,2,0,382219,15038083,32,0.98,0.998,0.98,0.998,0.78,346813199.0,0.06224,12.0,4.2,bad
411,3,0,382219,15038083,32,0.98,0.998,0.98,0.998,0.78,346813199.0,0.06224,12.0,4.2,bad
412,4,0,382219,15038083,32,0.98,0.998,0.98,0.998,0.78,346813199.0,0.06224,12.0,4.2,bad
420,0,0,382219,15038083,40,0.98,0.998,0.98,0.998,0.78,346813199.0,0.06224,12.0,4.2,bad
421,2,0,382219,15038083,40,0.98,0.998,0.98,0.998,0.78,346813199.0,0.06224,12.0,4.2,bad
422,3,0,382219,15038083,40,0.98,0.998,0.98,0.998,0.78,346813199.0,0.06224,12.0,4.2,bad
423,4,0,382219,15038083,40,0.98,0.998,0.98,0.998,0.78,346813199.0,0.06224,12.0,4.2,bad
431,0,0,382219,15038083,48,0.98,0.998,0.98,0.998,0.78,346813199.0,0.06224,12.0,4.2,bad
432,2,0,382219,15038083,48,0.98,0.998,0.98,0.998,0.78,346813199.0,0.06224,12.0,4.2,bad
433,3,0,382219,15038083,48,0.98,0.998,0.98,0.998,0.78,346813199.0,0.06224,12.0,4.2,bad
434,4,0,382219,15038083,48,0.98,0.998,0.98,0.998,0.78,346813199.0,0.06224,12.0,4.2,bad
442,0,0,382219,15038083,56,0.98,0.998,0.98,0.998,0.78,346813199.0,0.06224,12.0,4.2,bad
443,2,0,382219,15038083,56,0.98,0.998,0.98,0.998,0.78,346813199.0,0.06224,12.0,4.2,bad
444,3,0,382219,15038083,56,0.98,0.998,0.98,0.998,0.78,346813199.0,0.06224,12.0,4.2,bad
445,4,0,382219,15038083,56,0.98,0.998,0.98,0.998,0.78,346813199.0,0.06224,12.0,4.2,bad
654,1,0,1379917,1921660,1,0.979,0.978,0.979,0.978,0.047,82869.0,0.02091,1056.0,670.0,bad
655,0,0,1379917,1921660,1,0.979,0.978,0.979,0.978,0.047,82869.0,0.02091,1056.0,670.0,bad
656,2,0,1379917,1921660,1,0.979,0.978,0.979,0.978,0.047,82869.0,0.02091,1056.0,670.0,bad
657,3,0,1379917,1921660,1,0.979,0.978,0.979,0.978,0.047,82869.0,0.02091,1056.0,670.0,bad
658,4,0,1379917,1921660,1,0.979,0.978,0.979,0.978,0.047,82869.0,0.02091,1056.0,670.0,bad
668,1,0,1379917,1921660,2,0.979,0.978,0.979,0.978,0.047,82869.0,0.02091,1056.0,670.0,bad
669,0,0,1379917,1921660,2,0.979,0.978,0.979,0.978,0.047,82869.0,0.02091,1056.0,670.0,bad
670,2,0,1379917,1921660,2,0.979,0.978,0.979,0.978,0.047,82869.0,0.02091,1056.0,670.0,bad
671,3,0,1379917,1921660,2,0.979,0.978,0.979,0.978,0.047,82869.0,0.02091,1056.0,670.0,bad
672,4,0,1379917,1921660,2,0.979,0.978,0.979,0.978,0.047,82869.0,0.02091,1056.0,670.0,bad
682,1,0,1379917,1921660,4,0.979,0.978,0.979,0.978,0.047,82869.0,0.02091,1056.0,670.0,bad
683,0,0,1379917,1921660,4,0.979,0.978,0.979,0.978,0.047,82869.0,0.02091,1056.0,670.0,bad
684,2,0,1379917,1921660,4,0.979,0.978,0.979,0.978,0.047,82869.0,0.02091,1056.0,670.0,bad
685,3,0,1379917,1921660,4,0.979,0.978,0.979,0.978,0.047,82869.0,0.02091,1056.0,670.0,bad
686,4,0,1379917,1921660,4,0.979,0.978,0.979,0.978,0.047,82869.0,0.02091,1056.0,670.0,bad
696,1,0,1379917,1921660,8,0.979,0.978,0.979,0.978,0.047,82869.0,0.02091,1056.0,670.0,bad
697,0,0,1379917,1921660,8,0.979,0.978,0.979,0.978,0.047,82869.0,0.02091,1056.0,670.0,bad
698,2,0,1379917,1921660,8,0.979,0.978,0.979,0.978,0.047,82869.0,0.02091,1056.0,670.0,bad
699,3,0,1379917,1921660,8,0.979,0.978,0.979,0.978,0.047,82869.0,0.02091,1056.0,670.0,bad
700,4,0,1379917,1921660,8,0.979,0.978,0.979,0.978,0.047,82869.0,0.02091,1056.0,670.0,bad
710,1,0,1379917,1921660,16,0.979,0.978,0.979,0.978,0.047,82869.0,0.02091,1056.0,670.0,bad
711,0,0,1379917,1921660,16,0.979,0.978,0.979,0.978,0.047,82869.0,0.02091,1056.0,670.0,bad
712,2,0,1379917,1921660,16,0.979,0.978,0.979,0.978,0.047,82869.0,0.02091,1056.0,670.0,bad
713,3,0,1379917,1921660,16,0.979,0.978,0.979,0.978,0.047,82869.0,0.02091,1056.0,670.0,bad
714,4,0,1379917,1921660,16,0.979,0.978,0.979,0.978,0.047,82869.0,0.02091,1056.0,670.0,bad
724,1,0,1379917,1921660,24,0.979,0.978,0.979,0.978,0.047,82869.0,0.02091,1056.0,670.0,bad
725,0,0,1379917,1921660,24,0.979,0.978,0.979,0.978,0.047,82869.0,0.02091,1056.0,670.0,bad
726,2,0,1379917,1921660,24,0.979,0.978,0.979,0.978,0.047,82869.0,0.02091,1056.0,670.0,bad
727,3,0,1379917,1921660,24,0.979,0.978,0.979,0.978,0.047,82869.0,0.02091,1056.0,670.0,bad
728,4,0,1379917,1921660,24,0.979,0.978,0.979,0.978,0.047,82869.0,0.02091,1056.0,670.0,bad
738,1,0,1379917,1921660,32,0.979,0.978,0.979,0.978,0.047,82869.0,0.02091,1056.0,670.0,bad
739,0,0,1379917,1921660,32,0.979,0.978,0.979,0.978,0.047,82869.0,0.02091,1056.0,670.0,bad
740,2,0,1379917,1921660,32,0.979,0.978,0.979,0.978,0.047,82869.0,0.02091,1056.0,670.0,bad
741,3,0,1379917,1921660,32,0.979,0.978,0.979,0.978,0.047,82869.0,0.02091,1056.0,670.0,bad
742,4,0,1379917,1921660,32,0.979,0.978,0.979,0.978,0.047,82869.0,0.02091,1056.0,670.0,bad
752,1,0,1379917,1921660,40,0.979,0.978,0.979,0.978,0.047,82869.0,0.02091,1056.0,670.0,bad
753,0,0,1379917,1921660,40,0.979,0.978,0.979,0.978,0.047,82869.0,0.02091,1056.0,670.0,bad
754,2,0,1379917,1921660,40,0.979,0.978,0.979,0.978,0.047,82869.0,0.02091,1056.0,670.0,bad
755,3,0,1379917,1921660,40,0.979,0.978,0.979,0.978,0.047,82869.0,0.02091,1056.0,670.0,bad
756,4,0,1379917,1921660,40,0.979,0.978,0.979,0.978,0.047,82869.0,0.02091,1056.0,670.0,bad
766,1,0,1379917,1921660,48,0.979,0.978,0.979,0.978,0.047,82869.0,0.02091,1056.0,670.0,bad
767,0,0,1379917,1921660,48,0.979,0.978,0.979,0.978,0.047,82869.0,0.02091,1056.0,670.0,bad
768,2,0,1379917,1921660,48,0.979,0.978,0.979,0.978,0.047,82869.0,0.02091,1056.0,670.0,bad
769,3,0,1379917,1921660,48,0.979,0.978,0.979,0.978,0.047,82869.0,0.02091,1056.0,670.0,bad
770,4,0,1379917,1921660,48,0.979,0.978,0.979,0.978,0.047,82869.0,0.02091,1056.0,670.0,bad
780,1,0,1379917,1921660,56,0.979,0.978,0.979,0.978,0.047,82869.0,0.02091,1056.0,670.0,bad
781,0,0,1379917,1921660,56,0.979,0.978,0.979,0.978,0.047,82869.0,0.02091,1056.0,670.0,bad
782,2,0,1379917,1921660,56,0.979,0.978,0.979,0.978,0.047,82869.0,0.02091,1056.0,670.0,bad
783,3,0,1379917,1921660,56,0.979,0.978,0.979,0.978,0.047,82869.0,0.02091,1056.0,670.0,bad
784,4,0,1379917,1921660,56,0.979,0.978,0.979,0.978,0.047,82869.0,0.02091,1056.0,670.0,bad
795,1,0,1048576,16777216,1,0.999,1.0,0.999,1.0,0.0957,423625371.0,0.01322,7.0,3.6,bad
796,0,0,1048576,16777216,1,0.999,1.0,0.999,1.0,0.0957,423625371.0,0.01322,7.0,3.6,bad
797,2,0,1048576,16777216,1,0.999,1.0,0.999,1.0,0.0957,423625371.0,0.01322,7.0,3.6,bad
798,3,0,1048576,16777216,1,0.999,1.0,0.999,1.0,0.0957,423625371.0,0.01322,7.0,3.6,bad
799,4,0,1048576,16777216,1,0.999,1.0,0.999,1.0,0.0957,423625371.0,0.01322,7.0,3.6,bad
819,1,0,1048576,16777216,1,0.999,1.0,0.999,1.0,0.0957,423625371.0,0.01322,7.0,3.6,bad
820,0,0,1048576,16777216,1,0.999,1.0,0.999,1.0,0.0957,423625371.0,0.01322,7.0,3.6,bad
821,2,0,1048576,16777216,1,0.999,1.0,0.999,1.0,0.0957,423625371.0,0.01322,7.0,3.6,bad
822,3,0,1048576,16777216,1,0.999,1.0,0.999,1.0,0.0957,423625371.0,0.01322,7.0,3.6,bad
823,4,0,1048576,16777216,1,0.999,1.0,0.999,1.0,0.0957,423625371.0,0.01322,7.0,3.6,bad
838,1,0,1048576,16777216,1,0.999,1.0,0.999,1.0,0.0957,423625371.0,0.01322,7.0,3.6,bad
839,0,0,1048576,16777216,1,0.999,1.0,0.999,1.0,0.0957,423625371.0,0.01322,7.0,3.6,bad
840,2,0,1048576,16777216,1,0.999,1.0,0.999,1.0,0.0957,423625371.0,0.01322,7.0,3.6,bad
841,3,0,1048576,16777216,1,0.999,1.0,0.999,1.0,0.0957,423625371.0,0.01322,7.0,3.6,bad
842,4,0,1048576,16777216,1,0.999,1.0,0.999,1.0,0.0957,423625371.0,0.01322,7.0,3.6,bad
857,1,0,1048576,16777216,1,0.999,1.0,0.999,1.0,0.0957,423625371.0,0.01322,7.0,3.6,bad
858,0,0,1048576,16777216,1,0.999,1.0,0.999,1.0,0.0957,423625371.0,0.01322,7.0,3.6,bad
859,2,0,1048576,16777216,1,0.999,1.0,0.999,1.0,0.0957,423625371.0,0.01322,7.0,3.6,bad
860,3,0,1048576,16777216,1,0.999,1.0,0.999,1.0,0.0957,423625371.0,0.01322,7.0,3.6,bad
861,4,0,1048576,16777216,1,0.999,1.0,0.999,1.0,0.0957,423625371.0,0.01322,7.0,3.6,bad
881,1,0,1048576,16777216,1,0.999,1.0,0.999,1.0,0.0957,423625371.0,0.01322,7.0,3.6,bad
882,0,0,1048576,16777216,1,0.999,1.0,0.999,1.0,0.0957,423625371.0,0.01322,7.0,3.6,bad
883,2,0,1048576,16777216,1,0.999,1.0,0.999,1.0,0.0957,423625371.0,0.01322,7.0,3.6,bad
884,3,0,1048576,16777216,1,0.999,1.0,0.999,1.0,0.0957,423625371.0,0.01322,7.0,3.6,bad
885,4,0,1048576,16777216,1,0.999,1.0,0.999,1.0,0.0957,423625371.0,0.01322,7.0,3.6,bad
900,1,0,1048576,16777216,1,0.999,1.0,0.999,1.0,0.0957,423625371.0,0.01322,7.0,3.6,bad
901,0,0,1048576,16777216,1,0.999,1.0,0.999,1.0,0.0957,423625371.0,0.01322,7.0,3.6,bad
902,2,0,1048576,16777216,1,0.999,1.0,0.999,1.0,0.0957,423625371.0,0.01322,7.0,3.6,bad
903,3,0,1048576,16777216,1,0.999,1.0,0.999,1.0,0.0957,423625371.0,0.01322,7.0,3.6,bad
904,4,0,1048576,16777216,1,0.999,1.0,0.999,1.0,0.0957,423625371.0,0.01322,7.0,3.6,bad
919,1,0,1048576,16777216,1,0.999,1.0,0.999,1.0,0.0957,423625371.0,0.01322,7.0,3.6,bad
920,0,0,1048576,16777216,1,0.999,1.0,0.999,1.0,0.0957,423625371.0,0.01322,7.0,3.6,bad
921,2,0,1048576,16777216,1,0.999,1.0,0.999,1.0,0.0957,423625371.0,0.01322,7.0,3.6,bad
922,3,0,1048576,16777216,1,0.999,1.0,0.999,1.0,0.0957,423625371.0,0.01322,7.0,3.6,bad
923,4,0,1048576,16777216,1,0.999,1.0,0.999,1.0,0.0957,423625371.0,0.01322,7.0,3.6,bad
938,1,0,1048576,16777216,1,0.999,1.0,0.999,1.0,0.0957,423625371.0,0.01322,7.0,3.6,bad
939,0,0,1048576,16777216,1,0.999,1.0,0.999,1.0,0.0957,423625371.0,0.01322,7.0,3.6,bad
940,2,0,1048576,16777216,1,0.999,1.0,0.999,1.0,0.0957,423625371.0,0.01322,7.0,3.6,bad
941,3,0,1048576,16777216,1,0.999,1.0,0.999,1.0,0.0957,423625371.0,0.01322,7.0,3.6,bad
942,4,0,1048576,16777216,1,0.999,1.0,0.999,1.0,0.0957,423625371.0,0.01322,7.0,3.6,bad
957,1,0,1048576,16777216,1,0.999,1.0,0.999,1.0,0.0957,423625371.0,0.01322,7.0,3.6,bad
958,0,0,1048576,16777216,1,0.999,1.0,0.999,1.0,0.0957,423625371.0,0.01322,7.0,3.6,bad
959,2,0,1048576,16777216,1,0.999,1.0,0.999,1.0,0.0957,423625371.0,0.01322,7.0,3.6,bad
960,3,0,1048576,16777216,1,0.999,1.0,0.999,1.0,0.0957,423625371.0,0.01322,7.0,3.6,bad
961,4,0,1048576,16777216,1,0.999,1.0,0.999,1.0,0.0957,423625371.0,0.01322,7.0,3.6,bad
976,1,0,1048576,16777216,1,0.999,1.0,0.999,1.0,0.0957,423625371.0,0.01322,7.0,3.6,bad
977,0,0,1048576,16777216,1,0.999,1.0,0.999,1.0,0.0957,423625371.0,0.01322,7.0,3.6,bad
978,2,0,1048576,16777216,1,0.999,1.0,0.999,1.0,0.0957,423625371.0,0.01322,7.0,3.6,bad
979,3,0,1048576,16777216,1,0.999,1.0,0.999,1.0,0.0957,423625371.0,0.01322,7.0,3.6,bad
980,4,0,1048576,16777216,1,0.999,1.0,0.999,1.0,0.0957,423625371.0,0.01322,7.0,3.6,bad
995,1,0,1048576,16777216,1,0.999,1.0,0.999,1.0,0.0957,423625371.0,0.01322,7.0,3.6,bad
996,0,0,1048576,16777216,1,0.999,1.0,0.999,1.0,0.0957,423625371.0,0.01322,7.0,3.6,bad
997,2,0,1048576,16777216,1,0.999,1.0,0.999,1.0,0.0957,423625371.0,0.01322,7.0,3.6,bad
998,3,0,1048576,16777216,1,0.999,1.0,0.999,1.0,0.0957,423625371.0,0.01322,7.0,3.6,bad
999,4,0,1048576,16777216,1,0.999,1.0,0.999,1.0,0.0957,423625371.0,0.01322,7.0,3.6,bad
1033,1,0,1048576,16777216,1,0.999,1.0,0.999,1.0,0.0957,423625371.0,0.01322,7.0,3.6,bad
1034,0,0,1048576,16777216,1,0.999,1.0,0.999,1.0,0.0957,423625371.0,0.01322,7.0,3.6,bad
1035,2,0,1048576,16777216,1,0.999,1.0,0.999,1.0,0.0957,423625371.0,0.01322,7.0,3.6,bad
1036,3,0,1048576,16777216,1,0.999,1.0,0.999,1.0,0.0957,423625371.0,0.01322,7.0,3.6,bad
1037,4,0,1048576,16777216,1,0.999,1.0,0.999,1.0,0.0957,423625371.0,0.01322,7.0,3.6,bad
1052,1,0,1048576,16777216,1,0.999,1.0,0.999,1.0,0.0957,423625371.0,0.01322,7.0,3.6,bad
1053,0,0,1048576,16777216,1,0.999,1.0,0.999,1.0,0.0957,423625371.0,0.01322,7.0,3.6,bad
1054,2,0,1048576,16777216,1,0.999,1.0,0.999,1.0,0.0957,423625371.0,0.01322,7.0,3.6,bad
1055,3,0,1048576,16777216,1,0.999,1.0,0.999,1.0,0.0957,423625371.0,0.01322,7.0,3.6,bad
1056,4,0,1048576,16777216,1,0.999,1.0,0.999,1.0,0.0957,423625371.0,0.01322,7.0,3.6,bad
1071,1,0,1048576,16777216,1,0.999,1.0,0.999,1.0,0.0957,423625371.0,0.01322,7.0,3.6,bad
1072,0,0,1048576,16777216,1,0.999,1.0,0.999,1.0,0.0957,423625371.0,0.01322,7.0,3.6,bad
1073,2,0,1048576,16777216,1,0.999,1.0,0.999,1.0,0.0957,423625371.0,0.01322,7.0,3.6,bad
1074,3,0,1048576,16777216,1,0.999,1.0,0.999,1.0,0.0957,423625371.0,0.01322,7.0,3.6,bad
1075,4,0,1048576,16777216,1,0.999,1.0,0.999,1.0,0.0957,423625371.0,0.01322,7.0,3.6,bad
1090,1,0,1048576,16777216,1,0.999,1.0,0.999,1.0,0.0957,423625371.0,0.01322,7.0,3.6,bad
1091,0,0,1048576,16777216,1,0.999,1.0,0.999,1.0,0.0957,423625371.0,0.01322,7.0,3.6,bad
1092,2,0,1048576,16777216,1,0.999,1.0,0.999,1.0,0.0957,423625371.0,0.01322,7.0,3.6,bad
1093,3,0,1048576,16777216,1,0.999,1.0,0.999,1.0,0.0957,423625371.0,0.01322,7.0,3.6,bad
1094,4,0,1048576,16777216,1,0.999,1.0,0.999,1.0,0.0957,423625371.0,0.01322,7.0,3.6,bad
1109,1,0,1048576,16777216,1,0.999,1.0,0.999,1.0,0.0957,423625371.0,0.01322,7.0,3.6,bad
1110,0,0,1048576,16777216,1,0.999,1.0,0.999,1.0,0.0957,423625371.0,0.01322,7.0,3.6,bad
1111,2,0,1048576,16777216,1,0.999,1.0,0.999,1.0,0.0957,423625371.0,0.01322,7.0,3.6,bad
1112,3,0,1048576,16777216,1,0.999,1.0,0.999,1.0,0.0957,423625371.0,0.01322,7.0,3.6,bad
1113,4,0,1048576,16777216,1,0.999,1.0,0.999,1.0,0.0957,423625371.0,0.01322,7.0,3.6,bad
1128,1,0,1048576,16777216,1,0.999,1.0,0.999,1.0,0.0957,423625371.0,0.01322,7.0,3.6,bad
1129,0,0,1048576,16777216,1,0.999,1.0,0.999,1.0,0.0957,423625371.0,0.01322,7.0,3.6,bad
1130,2,0,1048576,16777216,1,0.999,1.0,0.999,1.0,0.0957,423625371.0,0.01322,7.0,3.6,bad
1131,3,0,1048576,16777216,1,0.999,1.0,0.999,1.0,0.0957,423625371.0,0.01322,7.0,3.6,bad
1132,4,0,1048576,16777216,1,0.999,1.0,0.999,1.0,0.0957,423625371.0,0.01322,7.0,3.6,bad
1147,1,0,1048576,16777216,1,0.999,1.0,0.999,1.0,0.0957,423625371.0,0.01322,7.0,3.6,bad
1148,0,0,1048576,16777216,1,0.999,1.0,0.999,1.0,0.0957,423625371.0,0.01322,7.0,3.6,bad
1149,2,0,1048576,16777216,1,0.999,1.0,0.999,1.0,0.0957,423625371.0,0.01322,7.0,3.6,bad
1150,3,0,1048576,16777216,1,0.999,1.0,0.999,1.0,0.0957,423625371.0,0.01322,7.0,3.6,bad
1151,4,0,1048576,16777216,1,0.999,1.0,0.999,1.0,0.0957,423625371.0,0.01322,7.0,3.6,bad
1166,1,0,1048576,16777216,1,0.999,1.0,0.999,1.0,0.0957,423625371.0,0.01322,7.0,3.6,bad
1167,0,0,1048576,16777216,1,0.999,1.0,0.999,1.0,0.0957,423625371.0,0.01322,7.0,3.6,bad
1168,2,0,1048576,16777216,1,0.999,1.0,0.999,1.0,0.0957,423625371.0,0.01322,7.0,3.6,bad
1169,3,0,1048576,16777216,1,0.999,1.0,0.999,1.0,0.0957,423625371.0,0.01322,7.0,3.6,bad
1170,4,0,1048576,16777216,1,0.999,1.0,0.999,1.0,0.0957,423625371.0,0.01322,7.0,3.6,bad
1190,1,0,1048576,16777216,1,0.999,1.0,0.999,1.0,0.0957,423625371.0,0.01322,7.0,3.6,bad
1191,0,0,1048576,16777216,1,0.999,1.0,0.999,1.0,0.0957,423625371.0,0.01322,7.0,3.6,bad
1192,2,0,1048576,16777216,1,0.999,1.0,0.999,1.0,0.0957,423625371.0,0.01322,7.0,3.6,bad
1193,3,0,1048576,16777216,1,0.999,1.0,0.999,1.0,0.0957,423625371.0,0.01322,7.0,3.6,bad
1194,4,0,1048576,16777216,1,0.999,1.0,0.999,1.0,0.0957,423625371.0,0.01322,7.0,3.6,bad
1209,1,0,1048576,16777216,1,0.999,1.0,0.999,1.0,0.0957,423625371.0,0.01322,7.0,3.6,bad
1210,0,0,1048576,16777216,1,0.999,1.0,0.999,1.0,0.0957,423625371.0,0.01322,7.0,3.6,bad
1211,2,0,1048576,16777216,1,0.999,1.0,0.999,1.0,0.0957,423625371.0,0.01322,7.0,3.6,bad
1212,3,0,1048576,16777216,1,0.999,1.0,0.999,1.0,0.0957,423625371.0,0.01322,7.0,3.6,bad
1213,4,0,1048576,16777216,1,0.999,1.0,0.999,1.0,0.0957,423625371.0,0.01322,7.0,3.6,bad
1228,1,0,1048576,16777216,1,0.999,1.0,0.999,1.0,0.0957,423625371.0,0.01322,7.0,3.6,bad
1229,0,0,1048576,16777216,1,0.999,1.0,0.999,1.0,0.0957,423625371.0,0.01322,7.0,3.6,bad
1230,2,0,1048576,16777216,1,0.999,1.0,0.999,1.0,0.0957,423625371.0,0.01322,7.0,3.6,bad
1231,3,0,1048576,16777216,1,0.999,1.0,0.999,1.0,0.0957,423625371.0,0.01322,7.0,3.6,bad
1232,4,0,1048576,16777216,1,0.999,1.0,0.999,1.0,0.0957,423625371.0,0.01322,7.0,3.6,bad
1247,1,0,1048576,16777216,1,0.999,1.0,0.999,1.0,0.0957,423625371.0,0.01322,7.0,3.6,bad
1248,0,0,1048576,16777216,1,0.999,1.0,0.999,1.0,0.0957,423625371.0,0.01322,7.0,3.6,bad
1249,2,0,1048576,16777216,1,0.999,1.0,0.999,1.0,0.0957,423625371.0,0.01322,7.0,3.6,bad
1250,3,0,1048576,16777216,1,0.999,1.0,0.999,1.0,0.0957,423625371.0,0.01322,7.0,3.6,bad
1251,4,0,1048576,16777216,1,0.999,1.0,0.999,1.0,0.0957,423625371.0,0.01322,7.0,3.6,bad
1266,1,0,1048576,16777216,1,0.999,1.0,0.999,1.0,0.0957,423625371.0,0.01322,7.0,3.6,bad
1267,0,0,1048576,16777216,1,0.999,1.0,0.999,1.0,0.0957,423625371.0,0.01322,7.0,3.6,bad
1268,2,0,1048576,16777216,1,0.999,1.0,0.999,1.0,0.0957,423625371.0,0.01322,7.0,3.6,bad
1269,3,0,1048576,16777216,1,0.999,1.0,0.999,1.0,0.0957,423625371.0,0.01322,7.0,3.6,bad
1270,4,0,1048576,16777216,1,0.999,1.0,0.999,1.0,0.0957,423625371.0,0.01322,7.0,3.6,bad
1304,1,0,1048576,16777216,1,0.999,1.0,0.999,1.0,0.0957,423625371.0,0.01322,7.0,3.6,bad
1305,0,0,1048576,16777216,1,0.999,1.0,0.999,1.0,0.0957,423625371.0,0.01322,7.0,3.6,bad
1306,2,0,1048576,16777216,1,0.999,1.0,0.999,1.0,0.0957,423625371.0,0.01322,7.0,3.6,bad
1307,3,0,1048576,16777216,1,0.999,1.0,0.999,1.0,0.0957,423625371.0,0.01322,7.0,3.6,bad
1308,4,0,1048576,16777216,1,0.999,1.0,0.999,1.0,0.0957,423625371.0,0.01322,7.0,3.6,bad
1323,1,0,1048576,16777216,1,0.999,1.0,0.999,1.0,0.0957,423625371.0,0.01322,7.0,3.6,bad
1324,0,0,1048576,16777216,1,0.999,1.0,0.999,1.0,0.0957,423625371.0,0.01322,7.0,3.6,bad
1325,2,0,1048576,16777216,1,0.999,1.0,0.999,1.0,0.0957,423625371.0,0.01322,7.0,3.6,bad
1326,3,0,1048576,16777216,1,0.999,1.0,0.999,1.0,0.0957,423625371.0,0.01322,7.0,3.6,bad
1327,4,0,1048576,16777216,1,0.999,1.0,0.999,1.0,0.0957,423625371.0,0.01322,7.0,3.6,bad
1342,1,0,1048576,16777216,1,0.999,1.0,0.999,1.0,0.0957,423625371.0,0.01322,7.0,3.6,bad
1343,0,0,1048576,16777216,1,0.999,1.0,0.999,1.0,0.0957,423625371.0,0.01322,7.0,3.6,bad
1344,2,0,1048576,16777216,1,0.999,1.0,0.999,1.0,0.0957,423625371.0,0.01322,7.0,3.6,bad
1345,3,0,1048576,16777216,1,0.999,1.0,0.999,1.0,0.0957,423625371.0,0.01322,7.0,3.6,bad
1346,4,0,1048576,16777216,1,0.999,1.0,0.999,1.0,0.0957,423625371.0,0.01322,7.0,3.6,bad
1361,1,0,1048576,16777216,1,0.999,1.0,0.999,1.0,0.0957,423625371.0,0.01322,7.0,3.6,bad
1362,0,0,1048576,16777216,1,0.999,1.0,0.999,1.0,0.0957,423625371.0,0.01322,7.0,3.6,bad
1363,2,0,1048576,16777216,1,0.999,1.0,0.999,1.0,0.0957,423625371.0,0.01322,7.0,3.6,bad
1364,3,0,1048576,16777216,1,0.999,1.0,0.999,1.0,0.0957,423625371.0,0.01322,7.0,3.6,bad
1365,4,0,1048576,16777216,1,0.999,1.0,0.999,1.0,0.0957,423625371.0,0.01322,7.0,3.6,bad
1380,1,0,1048576,16777216,1,0.999,1.0,0.999,1.0,0.0957,423625371.0,0.01322,7.0,3.6,bad
1381,0,0,1048576,16777216,1,0.999,1.0,0.999,1.0,0.0957,423625371.0,0.01322,7.0,3.6,bad
1382,2,0,1048576,16777216,1,0.999,1.0,0.999,1.0,0.0957,423625371.0,0.01322,7.0,3.6,bad
1383,3,0,1048576,16777216,1,0.999,1.0,0.999,1.0,0.0957,423625371.0,0.01322,7.0,3.6,bad
1384,4,0,1048576,16777216,1,0.999,1.0,0.999,1.0,0.0957,423625371.0,0.01322,7.0,3.6,bad
1399,1,0,1048576,16777216,1,0.999,1.0,0.999,1.0,0.0957,423625371.0,0.01322,7.0,3.6,bad
1400,0,0,1048576,16777216,1,0.999,1.0,0.999,1.0,0.0957,423625371.0,0.01322,7.0,3.6,bad
1401,2,0,1048576,16777216,1,0.999,1.0,0.999,1.0,0.0957,423625371.0,0.01322,7.0,3.6,bad
1402,3,0,1048576,16777216,1,0.999,1.0,0.999,1.0,0.0957,423625371.0,0.01322,7.0,3.6,bad
1403,4,0,1048576,16777216,1,0.999,1.0,0.999,1.0,0.0957,423625371.0,0.01322,7.0,3.6,bad
1418,1,0,1048576,16777216,1,0.999,1.0,0.999,1.0,0.0957,423625371.0,0.01322,7.0,3.6,bad
1419,0,0,1048576,16777216,1,0.999,1.0,0.999,1.0,0.0957,423625371.0,0.01322,7.0,3.6,bad
1420,2,0,1048576,16777216,1,0.999,1.0,0.999,1.0,0.0957,423625371.0,0.01322,7.0,3.6,bad
1421,3,0,1048576,16777216,1,0.999,1.0,0.999,1.0,0.0957,423625371.0,0.01322,7.0,3.6,bad
1422,4,0,1048576,16777216,1,0.999,1.0,0.999,1.0,0.0957,423625371.0,0.01322,7.0,3.6,bad
1437,1,0,1048576,16777216,1,0.999,1.0,0.999,1.0,0.0957,423625371.0,0.01322,7.0,3.6,bad
1438,0,0,1048576,16777216,1,0.999,1.0,0.999,1.0,0.0957,423625371.0,0.01322,7.0,3.6,bad
1439,2,0,1048576,16777216,1,0.999,1.0,0.999,1.0,0.0957,423625371.0,0.01322,7.0,3.6,bad
1440,3,0,1048576,16777216,1,0.999,1.0,0.999,1.0,0.0957,423625371.0,0.01322,7.0,3.6,bad
1441,4,0,1048576,16777216,1,0.999,1.0,0.999,1.0,0.0957,423625371.0,0.01322,7.0,3.6,bad
1456,1,0,1048576,16777216,1,0.999,1.0,0.999,1.0,0.0957,423625371.0,0.01322,7.0,3.6,bad
1457,0,0,1048576,16777216,1,0.999,1.0,0.999,1.0,0.0957,423625371.0,0.01322,7.0,3.6,bad
1458,2,0,1048576,16777216,1,0.999,1.0,0.999,1.0,0.0957,423625371.0,0.01322,7.0,3.6,bad
1459,3,0,1048576,16777216,1,0.999,1.0,0.999,1.0,0.0957,423625371.0,0.01322,7.0,3.6,bad
1460,4,0,1048576,16777216,1,0.999,1.0,0.999,1.0,0.0957,423625371.0,0.01322,7.0,3.6,bad
1475,1,0,1048576,16777216,1,0.999,1.0,0.999,1.0,0.0957,423625371.0,0.01322,7.0,3.6,bad
1476,0,0,1048576,16777216,1,0.999,1.0,0.999,1.0,0.0957,423625371.0,0.01322,7.0,3.6,bad
1477,2,0,1048576,16777216,1,0.999,1.0,0.999,1.0,0.0957,423625371.0,0.01322,7.0,3.6,bad
1478,3,0,1048576,16777216,1,0.999,1.0,0.999,1.0,0.0957,423625371.0,0.01322,7.0,3.6,bad
1479,4,0,1048576,16777216,1,0.999,1.0,0.999,1.0,0.0957,423625371.0,0.01322,7.0,3.6,bad
1494,1,0,1048576,16777216,1,0.999,1.0,0.999,1.0,0.0957,423625371.0,0.01322,7.0,3.6,bad
1495,0,0,1048576,16777216,1,0.999,1.0,0.999,1.0,0.0957,423625371.0,0.01322,7.0,3.6,bad
1496,2,0,1048576,16777216,1,0.999,1.0,0.999,1.0,0.0957,423625371.0,0.01322,7.0,3.6,bad
1497,3,0,1048576,16777216,1,0.999,1.0,0.999,1.0,0.0957,423625371.0,0.01322,7.0,3.6,bad
1498,4,0,1048576,16777216,1,0.999,1.0,0.999,1.0,0.0957,423625371.0,0.01322,7.0,3.6,bad
1513,1,0,1048576,16777216,1,0.999,1.0,0.999,1.0,0.0957,423625371.0,0.01322,7.0,3.6,bad
1514,0,0,1048576,16777216,1,0.999,1.0,0.999,1.0,0.0957,423625371.0,0.01322,7.0,3.6,bad
1515,2,0,1048576,16777216,1,0.999,1.0,0.999,1.0,0.0957,423625371.0,0.01322,7.0,3.6,bad
1516,3,0,1048576,16777216,1,0.999,1.0,0.999,1.0,0.0957,423625371.0,0.01322,7.0,3.6,bad
1517,4,0,1048576,16777216,1,0.999,1.0,0.999,1.0,0.0957,423625371.0,0.01322,7.0,3.6,bad
1532,1,0,1048576,16777216,1,0.999,1.0,0.999,1.0,0.0957,423625371.0,0.01322,7.0,3.6,bad
1533,0,0,1048576,16777216,1,0.999,1.0,0.999,1.0,0.0957,423625371.0,0.01322,7.0,3.6,bad
1534,2,0,1048576,16777216,1,0.999,1.0,0.999,1.0,0.0957,423625371.0,0.01322,7.0,3.6,bad
1535,3,0,1048576,16777216,1,0.999,1.0,0.999,1.0,0.0957,423625371.0,0.01322,7.0,3.6,bad
1536,4,0,1048576,16777216,1,0.999,1.0,0.999,1.0,0.0957,423625371.0,0.01322,7.0,3.6,bad
1551,1,0,1048576,16777216,1,0.999,1.0,0.999,1.0,0.0957,423625371.0,0.01322,7.0,3.6,bad
1552,0,0,1048576,16777216,1,0.999,1.0,0.999,1.0,0.0957,423625371.0,0.01322,7.0,3.6,bad
1553,2,0,1048576,16777216,1,0.999,1.0,0.999,1.0,0.0957,423625371.0,0.01322,7.0,3.6,bad
1554,3,0,1048576,16777216,1,0.999,1.0,0.999,1.0,0.0957,423625371.0,0.01322,7.0,3.6,bad
1555,4,0,1048576,16777216,1,0.999,1.0,0.999,1.0,0.0957,423625371.0,0.01322,7.0,3.6,bad
1570,1,0,1048576,16777216,1,0.999,1.0,0.999,1.0,0.0957,423625371.0,0.01322,7.0,3.6,bad
1571,0,0,1048576,16777216,1,0.999,1.0,0.999,1.0,0.0957,423625371.0,0.01322,7.0,3.6,bad
1572,2,0,1048576,16777216,1,0.999,1.0,0.999,1.0,0.0957,423625371.0,0.01322,7.0,3.6,bad
1573,3,0,1048576,16777216,1,0.999,1.0,0.999,1.0,0.0957,423625371.0,0.01322,7.0,3.6,bad
1574,4,0,1048576,16777216,1,0.999,1.0,0.999,1.0,0.0957,423625371.0,0.01322,7.0,3.6,bad
1589,1,0,1048576,16777216,1,0.999,1.0,0.999,1.0,0.0957,423625371.0,0.01322,7.0,3.6,bad
1590,0,0,1048576,16777216,1,0.999,1.0,0.999,1.0,0.0957,423625371.0,0.01322,7.0,3.6,bad
1591,2,0,1048576,16777216,1,0.999,1.0,0.999,1.0,0.0957,423625371.0,0.01322,7.0,3.6,bad
1592,3,0,1048576,16777216,1,0.999,1.0,0.999,1.0,0.0957,423625371.0,0.01322,7.0,3.6,bad
1593,4,0,1048576,16777216,1,0.999,1.0,0.999,1.0,0.0957,423625371.0,0.01322,7.0,3.6,bad
1608,1,0,1048576,16777216,1,0.999,1.0,0.999,1.0,0.0957,423625371.0,0.01322,7.0,3.6,bad
1609,0,0,1048576,16777216,1,0.999,1.0,0.999,1.0,0.0957,423625371.0,0.01322,7.0,3.6,bad
1610,2,0,1048576,16777216,1,0.999,1.0,0.999,1.0,0.0957,423625371.0,0.01322,7.0,3.6,bad
1611,3,0,1048576,16777216,1,0.999,1.0,0.999,1.0,0.0957,423625371.0,0.01322,7.0,3.6,bad
1612,4,0,1048576,16777216,1,0.999,1.0,0.999,1.0,0.0957,423625371.0,0.01322,7.0,3.6,bad
1627,1,0,1048576,16777216,1,0.999,1.0,0.999,1.0,0.0957,423625371.0,0.01322,7.0,3.6,bad
1628,0,0,1048576,16777216,1,0.999,1.0,0.999,1.0,0.0957,423625371.0,0.01322,7.0,3.6,bad
1629,2,0,1048576,16777216,1,0.999,1.0,0.999,1.0,0.0957,423625371.0,0.01322,7.0,3.6,bad
1630,3,0,1048576,16777216,1,0.999,1.0,0.999,1.0,0.0957,423625371.0,0.01322,7.0,3.6,bad
1631,4,0,1048576,16777216,1,0.999,1.0,0.999,1.0,0.0957,423625371.0,0.01322,7.0,3.6,bad
1646,1,0,1048576,16777216,1,0.999,1.0,0.999,1.0,0.0957,423625371.0,0.01322,7.0,3.6,bad
1647,0,0,1048576,16777216,1,0.999,1.0,0.999,1.0,0.0957,423625371.0,0.01322,7.0,3.6,bad
1648,2,0,1048576,16777216,1,0.999,1.0,0.999,1.0,0.0957,423625371.0,0.01322,7.0,3.6,bad
1649,3,0,1048576,16777216,1,0.999,1.0,0.999,1.0,0.0957,423625371.0,0.01322,7.0,3.6,bad
1650,4,0,1048576,16777216,1,0.999,1.0,0.999,1.0,0.0957,423625371.0,0.01322,7.0,3.6,bad
1665,1,0,1048576,16777216,1,0.999,1.0,0.999,1.0,0.0957,423625371.0,0.01322,7.0,3.6,bad
1666,0,0,1048576,16777216,1,0.999,1.0,0.999,1.0,0.0957,423625371.0,0.01322,7.0,3.6,bad
1667,2,0,1048576,16777216,1,0.999,1.0,0.999,1.0,0.0957,423625371.0,0.01322,7.0,3.6,bad
1668,3,0,1048576,16777216,1,0.999,1.0,0.999,1.0,0.0957,423625371.0,0.01322,7.0,3.6,bad
1669,4,0,1048576,16777216,1,0.999,1.0,0.999,1.0,0.0957,423625371.0,0.01322,7.0,3.6,bad
1684,1,0,1048576,16777216,1,0.999,1.0,0.999,1.0,0.0957,423625371.0,0.01322,7.0,3.6,bad
1685,0,0,1048576,16777216,1,0.999,1.0,0.999,1.0,0.0957,423625371.0,0.01322,7.0,3.6,bad
1686,2,0,1048576,16777216,1,0.999,1.0,0.999,1.0,0.0957,423625371.0,0.01322,7.0,3.6,bad
1687,3,0,1048576,16777216,1,0.999,1.0,0.999,1.0,0.0957,423625371.0,0.01322,7.0,3.6,bad
1688,4,0,1048576,16777216,1,0.999,1.0,0.999,1.0,0.0957,423625371.0,0.01322,7.0,3.6,bad
1703,1,0,1048576,16777216,1,0.999,1.0,0.999,1.0,0.0957,423625371.0,0.01322,7.0,3.6,bad
1704,0,0,1048576,16777216,1,0.999,1.0,0.999,1.0,0.0957,423625371.0,0.01322,7.0,3.6,bad
1705,2,0,1048576,16777216,1,0.999,1.0,0.999,1.0,0.0957,423625371.0,0.01322,7.0,3.6,bad
1706,3,0,1048576,16777216,1,0.999,1.0,0.999,1.0,0.0957,423625371.0,0.01322,7.0,3.6,bad
1707,4,0,1048576,16777216,1,0.999,1.0,0.999,1.0,0.0957,423625371.0,0.01322,7.0,3.6,bad
1722,1,0,1048576,16777216,1,0.999,1.0,0.999,1.0,0.0957,423625371.0,0.01322,7.0,3.6,bad
1723,0,0,1048576,16777216,1,0.999,1.0,0.999,1.0,0.0957,423625371.0,0.01322,7.0,3.6,bad
1724,2,0,1048576,16777216,1,0.999,1.0,0.999,1.0,0.0957,423625371.0,0.01322,7.0,3.6,bad
1725,3,0,1048576,16777216,1,0.999,1.0,0.999,1.0,0.0957,423625371.0,0.01322,7.0,3.6,bad
1726,4,0,1048576,16777216,1,0.999,1.0,0.999,1.0,0.0957,423625371.0,0.01322,7.0,3.6,bad
1741,1,0,1048576,16777216,1,0.999,1.0,0.999,1.0,0.0957,423625371.0,0.01322,7.0,3.6,bad
1742,0,0,1048576,16777216,1,0.999,1.0,0.999,1.0,0.0957,423625371.0,0.01322,7.0,3.6,bad
1743,2,0,1048576,16777216,1,0.999,1.0,0.999,1.0,0.0957,423625371.0,0.01322,7.0,3.6,bad
1744,3,0,1048576,16777216,1,0.999,1.0,0.999,1.0,0.0957,423625371.0,0.01322,7.0,3.6,bad
1745,4,0,1048576,16777216,1,0.999,1.0,0.999,1.0,0.0957,423625371.0,0.01322,7.0,3.6,bad
1760,1,0,1048576,16777216,1,0.999,1.0,0.999,1.0,0.0957,423625371.0,0.01322,7.0,3.6,bad
1761,0,0,1048576,16777216,1,0.999,1.0,0.999,1.0,0.0957,423625371.0,0.01322,7.0,3.6,bad
1762,2,0,1048576,16777216,1,0.999,1.0,0.999,1.0,0.0957,423625371.0,0.01322,7.0,3.6,bad
1763,3,0,1048576,16777216,1,0.999,1.0,0.999,1.0,0.0957,423625371.0,0.01322,7.0,3.6,bad
1764,4,0,1048576,16777216,1,0.999,1.0,0.999,1.0,0.0957,423625371.0,0.01322,7.0,3.6,bad
1779,1,0,1048576,16777216,1,0.999,1.0,0.999,1.0,0.0957,423625371.0,0.01322,7.0,3.6,bad
1780,0,0,1048576,16777216,1,0.999,1.0,0.999,1.0,0.0957,423625371.0,0.01322,7.0,3.6,bad
1781,2,0,1048576,16777216,1,0.999,1.0,0.999,1.0,0.0957,423625371.0,0.01322,7.0,3.6,bad
1782,3,0,1048576,16777216,1,0.999,1.0,0.999,1.0,0.0957,423625371.0,0.01322,7.0,3.6,bad
1783,4,0,1048576,16777216,1,0.999,1.0,0.999,1.0,0.0957,423625371.0,0.01322,7.0,3.6,bad
1798,1,0,1048576,16777216,1,0.999,1.0,0.999,1.0,0.0957,423625371.0,0.01322,7.0,3.6,bad
1799,0,0,1048576,16777216,1,0.999,1.0,0.999,1.0,0.0957,423625371.0,0.01322,7.0,3.6,bad
1800,2,0,1048576,16777216,1,0.999,1.0,0.999,1.0,0.0957,423625371.0,0.01322,7.0,3.6,bad
1801,3,0,1048576,16777216,1,0.999,1.0,0.999,1.0,0.0957,423625371.0,0.01322,7.0,3.6,bad
1802,4,0,1048576,16777216,1,0.999,1.0,0.999,1.0,0.0957,423625371.0,0.01322,7.0,3.6,bad
1817,1,0,1048576,16777216,1,0.999,1.0,0.999,1.0,0.0957,423625371.0,0.01322,7.0,3.6,bad
1818,0,0,1048576,16777216,1,0.999,1.0,0.999,1.0,0.0957,423625371.0,0.01322,7.0,3.6,bad
1819,2,0,1048576,16777216,1,0.999,1.0,0.999,1.0,0.0957,423625371.0,0.01322,7.0,3.6,bad
1820,3,0,1048576,16777216,1,0.999,1.0,0.999,1.0,0.0957,423625371.0,0.01322,7.0,3.6,bad
1821,4,0,1048576,16777216,1,0.999,1.0,0.999,1.0,0.0957,423625371.0,0.01322,7.0,3.6,bad
1836,1,0,1048576,16777216,1,0.999,1.0,0.999,1.0,0.0957,423625371.0,0.01322,7.0,3.6,bad
1837,0,0,1048576,16777216,1,0.999,1.0,0.999,1.0,0.0957,423625371.0,0.01322,7.0,3.6,bad
1838,2,0,1048576,16777216,1,0.999,1.0,0.999,1.0,0.0957,423625371.0,0.01322,7.0,3.6,bad
1839,3,0,1048576,16777216,1,0.999,1.0,0.999,1.0,0.0957,423625371.0,0.01322,7.0,3.6,bad
1840,4,0,1048576,16777216,1,0.999,1.0,0.999,1.0,0.0957,423625371.0,0.01322,7.0,3.6,bad
1855,1,0,1048576,16777216,1,0.999,1.0,0.999,1.0,0.0957,423625371.0,0.01322,7.0,3.6,bad
1856,0,0,1048576,16777216,1,0.999,1.0,0.999,1.0,0.0957,423625371.0,0.01322,7.0,3.6,bad
1857,2,0,1048576,16777216,1,0.999,1.0,0.999,1.0,0.0957,423625371.0,0.01322,7.0,3.6,bad
1858,3,0,1048576,16777216,1,0.999,1.0,0.999,1.0,0.0957,423625371.0,0.01322,7.0,3.6,bad
1859,4,0,1048576,16777216,1,0.999,1.0,0.999,1.0,0.0957,423625371.0,0.01322,7.0,3.6,bad
1874,1,0,1048576,16777216,1,0.999,1.0,0.999,1.0,0.0957,423625371.0,0.01322,7.0,3.6,bad
1875,0,0,1048576,16777216,1,0.999,1.0,0.999,1.0,0.0957,423625371.0,0.01322,7.0,3.6,bad
1876,2,0,1048576,16777216,1,0.999,1.0,0.999,1.0,0.0957,423625371.0,0.01322,7.0,3.6,bad
1877,3,0,1048576,16777216,1,0.999,1.0,0.999,1.0,0.0957,423625371.0,0.01322,7.0,3.6,bad
1878,4,0,1048576,16777216,1,0.999,1.0,0.999,1.0,0.0957,423625371.0,0.01322,7.0,3.6,bad
1893,1,0,1048576,16777216,1,0.999,1.0,0.999,1.0,0.0957,423625371.0,0.01322,7.0,3.6,bad
1894,0,0,1048576,16777216,1,0.999,1.0,0.999,1.0,0.0957,423625371.0,0.01322,7.0,3.6,bad
1895,2,0,1048576,16777216,1,0.999,1.0,0.999,1.0,0.0957,423625371.0,0.01322,7.0,3.6,bad
1896,3,0,1048576,16777216,1,0.999,1.0,0.999,1.0,0.0957,423625371.0,0.01322,7.0,3.6,bad
1897,4,0,1048576,16777216,1,0.999,1.0,0.999,1.0,0.0957,423625371.0,0.01322,7.0,3.6,bad
1912,1,0,1048576,16777216,1,0.999,1.0,0.999,1.0,0.0957,423625371.0,0.01322,7.0,3.6,bad
1913,0,0,1048576,16777216,1,0.999,1.0,0.999,1.0,0.0957,423625371.0,0.01322,7.0,3.6,bad
1914,2,0,1048576,16777216,1,0.999,1.0,0.999,1.0,0.0957,423625371.0,0.01322,7.0,3.6,bad
1915,3,0,1048576,16777216,1,0.999,1.0,0.999,1.0,0.0957,423625371.0,0.01322,7.0,3.6,bad
1916,4,0,1048576,16777216,1,0.999,1.0,0.999,1.0,0.0957,423625371.0,0.01322,7.0,3.6,bad
1931,1,0,1048576,16777216,1,0.999,1.0,0.999,1.0,0.0957,423625371.0,0.01322,7.0,3.6,bad
1932,0,0,1048576,16777216,1,0.999,1.0,0.999,1.0,0.0957,423625371.0,0.01322,7.0,3.6,bad
1933,2,0,1048576,16777216,1,0.999,1.0,0.999,1.0,0.0957,423625371.0,0.01322,7.0,3.6,bad
1934,3,0,1048576,16777216,1,0.999,1.0,0.999,1.0,0.0957,423625371.0,0.01322,7.0,3.6,bad
1935,4,0,1048576,16777216,1,0.999,1.0,0.999,1.0,0.0957,423625371.0,0.01322,7.0,3.6,bad
1950,1,0,1048576,16777216,2,0.999,1.0,0.999,1.0,0.0957,423625371.0,0.01322,7.0,3.6,bad
1951,0,0,1048576,16777216,2,0.999,1.0,0.999,1.0,0.0957,423625371.0,0.01322,7.0,3.6,bad
1952,2,0,1048576,16777216,2,0.999,1.0,0.999,1.0,0.0957,423625371.0,0.01322,7.0,3.6,bad
1953,3,0,1048576,16777216,2,0.999,1.0,0.999,1.0,0.0957,423625371.0,0.01322,7.0,3.6,bad
1954,4,0,1048576,16777216,2,0.999,1.0,0.999,1.0,0.0957,423625371.0,0.01322,7.0,3.6,bad
1974,1,0,1048576,16777216,2,0.999,1.0,0.999,1.0,0.0957,423625371.0,0.01322,7.0,3.6,bad
1975,0,0,1048576,16777216,2,0.999,1.0,0.999,1.0,0.0957,423625371.0,0.01322,7.0,3.6,bad
1976,2,0,1048576,16777216,2,0.999,1.0,0.999,1.0,0.0957,423625371.0,0.01322,7.0,3.6,bad
1977,3,0,1048576,16777216,2,0.999,1.0,0.999,1.0,0.0957,423625371.0,0.01322,7.0,3.6,bad
1978,4,0,1048576,16777216,2,0.999,1.0,0.999,1.0,0.0957,423625371.0,0.01322,7.0,3.6,bad
1993,1,0,1048576,16777216,2,0.999,1.0,0.999,1.0,0.0957,423625371.0,0.01322,7.0,3.6,bad
1994,0,0,1048576,16777216,2,0.999,1.0,0.999,1.0,0.0957,423625371.0,0.01322,7.0,3.6,bad
1995,2,0,1048576,16777216,2,0.999,1.0,0.999,1.0,0.0957,423625371.0,0.01322,7.0,3.6,bad
1996,3,0,1048576,16777216,2,0.999,1.0,0.999,1.0,0.0957,423625371.0,0.01322,7.0,3.6,bad
1997,4,0,1048576,16777216,2,0.999,1.0,0.999,1.0,0.0957,423625371.0,0.01322,7.0,3.6,bad
2012,1,0,1048576,16777216,2,0.999,1.0,0.999,1.0,0.0957,423625371.0,0.01322,7.0,3.6,bad
2013,0,0,1048576,16777216,2,0.999,1.0,0.999,1.0,0.0957,423625371.0,0.01322,7.0,3.6,bad
2014,2,0,1048576,16777216,2,0.999,1.0,0.999,1.0,0.0957,423625371.0,0.01322,7.0,3.6,bad
2015,3,0,1048576,16777216,2,0.999,1.0,0.999,1.0,0.0957,423625371.0,0.01322,7.0,3.6,bad
2016,4,0,1048576,16777216,2,0.999,1.0,0.999,1.0,0.0957,423625371.0,0.01322,7.0,3.6,bad
2036,1,0,1048576,16777216,2,0.999,1.0,0.999,1.0,0.0957,423625371.0,0.01322,7.0,3.6,bad
2037,0,0,1048576,16777216,2,0.999,1.0,0.999,1.0,0.0957,423625371.0,0.01322,7.0,3.6,bad
2038,2,0,1048576,16777216,2,0.999,1.0,0.999,1.0,0.0957,423625371.0,0.01322,7.0,3.6,bad
2039,3,0,1048576,16777216,2,0.999,1.0,0.999,1.0,0.0957,423625371.0,0.01322,7.0,3.6,bad
2040,4,0,1048576,16777216,2,0.999,1.0,0.999,1.0,0.0957,423625371.0,0.01322,7.0,3.6,bad
2055,1,0,1048576,16777216,2,0.999,1.0,0.999,1.0,0.0957,423625371.0,0.01322,7.0,3.6,bad
2056,0,0,1048576,16777216,2,0.999,1.0,0.999,1.0,0.0957,423625371.0,0.01322,7.0,3.6,bad
2057,2,0,1048576,16777216,2,0.999,1.0,0.999,1.0,0.0957,423625371.0,0.01322,7.0,3.6,bad
2058,3,0,1048576,16777216,2,0.999,1.0,0.999,1.0,0.0957,423625371.0,0.01322,7.0,3.6,bad
2059,4,0,1048576,16777216,2,0.999,1.0,0.999,1.0,0.0957,423625371.0,0.01322,7.0,3.6,bad
2074,1,0,1048576,16777216,2,0.999,1.0,0.999,1.0,0.0957,423625371.0,0.01322,7.0,3.6,bad
2075,0,0,1048576,16777216,2,0.999,1.0,0.999,1.0,0.0957,423625371.0,0.01322,7.0,3.6,bad
2076,2,0,1048576,16777216,2,0.999,1.0,0.999,1.0,0.0957,423625371.0,0.01322,7.0,3.6,bad
2077,3,0,1048576,16777216,2,0.999,1.0,0.999,1.0,0.0957,423625371.0,0.01322,7.0,3.6,bad
2078,4,0,1048576,16777216,2,0.999,1.0,0.999,1.0,0.0957,423625371.0,0.01322,7.0,3.6,bad
2093,1,0,1048576,16777216,2,0.999,1.0,0.999,1.0,0.0957,423625371.0,0.01322,7.0,3.6,bad
2094,0,0,1048576,16777216,2,0.999,1.0,0.999,1.0,0.0957,423625371.0,0.01322,7.0,3.6,bad
2095,2,0,1048576,16777216,2,0.999,1.0,0.999,1.0,0.0957,423625371.0,0.01322,7.0,3.6,bad
2096,3,0,1048576,16777216,2,0.999,1.0,0.999,1.0,0.0957,423625371.0,0.01322,7.0,3.6,bad
2097,4,0,1048576,16777216,2,0.999,1.0,0.999,1.0,0.0957,423625371.0,0.01322,7.0,3.6,bad
2112,1,0,1048576,16777216,2,0.999,1.0,0.999,1.0,0.0957,423625371.0,0.01322,7.0,3.6,bad
2113,0,0,1048576,16777216,2,0.999,1.0,0.999,1.0,0.0957,423625371.0,0.01322,7.0,3.6,bad
2114,2,0,1048576,16777216,2,0.999,1.0,0.999,1.0,0.0957,423625371.0,0.01322,7.0,3.6,bad
2115,3,0,1048576,16777216,2,0.999,1.0,0.999,1.0,0.0957,423625371.0,0.01322,7.0,3.6,bad
2116,4,0,1048576,16777216,2,0.999,1.0,0.999,1.0,0.0957,423625371.0,0.01322,7.0,3.6,bad
2131,1,0,1048576,16777216,2,0.999,1.0,0.999,1.0,0.0957,423625371.0,0.01322,7.0,3.6,bad
2132,0,0,1048576,16777216,2,0.999,1.0,0.999,1.0,0.0957,423625371.0,0.01322,7.0,3.6,bad
2133,2,0,1048576,16777216,2,0.999,1.0,0.999,1.0,0.0957,423625371.0,0.01322,7.0,3.6,bad
2134,3,0,1048576,16777216,2,0.999,1.0,0.999,1.0,0.0957,423625371.0,0.01322,7.0,3.6,bad
2135,4,0,1048576,16777216,2,0.999,1.0,0.999,1.0,0.0957,423625371.0,0.01322,7.0,3.6,bad
2150,1,0,1048576,16777216,2,0.999,1.0,0.999,1.0,0.0957,423625371.0,0.01322,7.0,3.6,bad
2151,0,0,1048576,16777216,2,0.999,1.0,0.999,1.0,0.0957,423625371.0,0.01322,7.0,3.6,bad
2152,2,0,1048576,16777216,2,0.999,1.0,0.999,1.0,0.0957,423625371.0,0.01322,7.0,3.6,bad
2153,3,0,1048576,16777216,2,0.999,1.0,0.999,1.0,0.0957,423625371.0,0.01322,7.0,3.6,bad
2154,4,0,1048576,16777216,2,0.999,1.0,0.999,1.0,0.0957,423625371.0,0.01322,7.0,3.6,bad
2188,1,0,1048576,16777216,2,0.999,1.0,0.999,1.0,0.0957,423625371.0,0.01322,7.0,3.6,bad
2189,0,0,1048576,16777216,2,0.999,1.0,0.999,1.0,0.0957,423625371.0,0.01322,7.0,3.6,bad
2190,2,0,1048576,16777216,2,0.999,1.0,0.999,1.0,0.0957,423625371.0,0.01322,7.0,3.6,bad
2191,3,0,1048576,16777216,2,0.999,1.0,0.999,1.0,0.0957,423625371.0,0.01322,7.0,3.6,bad
2192,4,0,1048576,16777216,2,0.999,1.0,0.999,1.0,0.0957,423625371.0,0.01322,7.0,3.6,bad
2207,1,0,1048576,16777216,2,0.999,1.0,0.999,1.0,0.0957,423625371.0,0.01322,7.0,3.6,bad
2208,0,0,1048576,16777216,2,0.999,1.0,0.999,1.0,0.0957,423625371.0,0.01322,7.0,3.6,bad
2209,2,0,1048576,16777216,2,0.999,1.0,0.999,1.0,0.0957,423625371.0,0.01322,7.0,3.6,bad
2210,3,0,1048576,16777216,2,0.999,1.0,0.999,1.0,0.0957,423625371.0,0.01322,7.0,3.6,bad
2211,4,0,1048576,16777216,2,0.999,1.0,0.999,1.0,0.0957,423625371.0,0.01322,7.0,3.6,bad
2226,1,0,1048576,16777216,2,0.999,1.0,0.999,1.0,0.0957,423625371.0,0.01322,7.0,3.6,bad
2227,0,0,1048576,16777216,2,0.999,1.0,0.999,1.0,0.0957,423625371.0,0.01322,7.0,3.6,bad
2228,2,0,1048576,16777216,2,0.999,1.0,0.999,1.0,0.0957,423625371.0,0.01322,7.0,3.6,bad
2229,3,0,1048576,16777216,2,0.999,1.0,0.999,1.0,0.0957,423625371.0,0.01322,7.0,3.6,bad
2230,4,0,1048576,16777216,2,0.999,1.0,0.999,1.0,0.0957,423625371.0,0.01322,7.0,3.6,bad
2245,1,0,1048576,16777216,2,0.999,1.0,0.999,1.0,0.0957,423625371.0,0.01322,7.0,3.6,bad
2246,0,0,1048576,16777216,2,0.999,1.0,0.999,1.0,0.0957,423625371.0,0.01322,7.0,3.6,bad
2247,2,0,1048576,16777216,2,0.999,1.0,0.999,1.0,0.0957,423625371.0,0.01322,7.0,3.6,bad
2248,3,0,1048576,16777216,2,0.999,1.0,0.999,1.0,0.0957,423625371.0,0.01322,7.0,3.6,bad
2249,4,0,1048576,16777216,2,0.999,1.0,0.999,1.0,0.0957,423625371.0,0.01322,7.0,3.6,bad
2264,1,0,1048576,16777216,2,0.999,1.0,0.999,1.0,0.0957,423625371.0,0.01322,7.0,3.6,bad
2265,0,0,1048576,16777216,2,0.999,1.0,0.999,1.0,0.0957,423625371.0,0.01322,7.0,3.6,bad
2266,2,0,1048576,16777216,2,0.999,1.0,0.999,1.0,0.0957,423625371.0,0.01322,7.0,3.6,bad
2267,3,0,1048576,16777216,2,0.999,1.0,0.999,1.0,0.0957,423625371.0,0.01322,7.0,3.6,bad
2268,4,0,1048576,16777216,2,0.999,1.0,0.999,1.0,0.0957,423625371.0,0.01322,7.0,3.6,bad
2283,1,0,1048576,16777216,2,0.999,1.0,0.999,1.0,0.0957,423625371.0,0.01322,7.0,3.6,bad
2284,0,0,1048576,16777216,2,0.999,1.0,0.999,1.0,0.0957,423625371.0,0.01322,7.0,3.6,bad
2285,2,0,1048576,16777216,2,0.999,1.0,0.999,1.0,0.0957,423625371.0,0.01322,7.0,3.6,bad
2286,3,0,1048576,16777216,2,0.999,1.0,0.999,1.0,0.0957,423625371.0,0.01322,7.0,3.6,bad
2287,4,0,1048576,16777216,2,0.999,1.0,0.999,1.0,0.0957,423625371.0,0.01322,7.0,3.6,bad
2302,1,0,1048576,16777216,2,0.999,1.0,0.999,1.0,0.0957,423625371.0,0.01322,7.0,3.6,bad
2303,0,0,1048576,16777216,2,0.999,1.0,0.999,1.0,0.0957,423625371.0,0.01322,7.0,3.6,bad
2304,2,0,1048576,16777216,2,0.999,1.0,0.999,1.0,0.0957,423625371.0,0.01322,7.0,3.6,bad
2305,3,0,1048576,16777216,2,0.999,1.0,0.999,1.0,0.0957,423625371.0,0.01322,7.0,3.6,bad
2306,4,0,1048576,16777216,2,0.999,1.0,0.999,1.0,0.0957,423625371.0,0.01322,7.0,3.6,bad
2321,1,0,1048576,16777216,2,0.999,1.0,0.999,1.0,0.0957,423625371.0,0.01322,7.0,3.6,bad
2322,0,0,1048576,16777216,2,0.999,1.0,0.999,1.0,0.0957,423625371.0,0.01322,7.0,3.6,bad
2323,2,0,1048576,16777216,2,0.999,1.0,0.999,1.0,0.0957,423625371.0,0.01322,7.0,3.6,bad
2324,3,0,1048576,16777216,2,0.999,1.0,0.999,1.0,0.0957,423625371.0,0.01322,7.0,3.6,bad
2325,4,0,1048576,16777216,2,0.999,1.0,0.999,1.0,0.0957,423625371.0,0.01322,7.0,3.6,bad
2345,1,0,1048576,16777216,2,0.999,1.0,0.999,1.0,0.0957,423625371.0,0.01322,7.0,3.6,bad
2346,0,0,1048576,16777216,2,0.999,1.0,0.999,1.0,0.0957,423625371.0,0.01322,7.0,3.6,bad
2347,2,0,1048576,16777216,2,0.999,1.0,0.999,1.0,0.0957,423625371.0,0.01322,7.0,3.6,bad
2348,3,0,1048576,16777216,2,0.999,1.0,0.999,1.0,0.0957,423625371.0,0.01322,7.0,3.6,bad
2349,4,0,1048576,16777216,2,0.999,1.0,0.999,1.0,0.0957,423625371.0,0.01322,7.0,3.6,bad
2364,1,0,1048576,16777216,2,0.999,1.0,0.999,1.0,0.0957,423625371.0,0.01322,7.0,3.6,bad
2365,0,0,1048576,16777216,2,0.999,1.0,0.999,1.0,0.0957,423625371.0,0.01322,7.0,3.6,bad
2366,2,0,1048576,16777216,2,0.999,1.0,0.999,1.0,0.0957,423625371.0,0.01322,7.0,3.6,bad
2367,3,0,1048576,16777216,2,0.999,1.0,0.999,1.0,0.0957,423625371.0,0.01322,7.0,3.6,bad
2368,4,0,1048576,16777216,2,0.999,1.0,0.999,1.0,0.0957,423625371.0,0.01322,7.0,3.6,bad
2383,1,0,1048576,16777216,2,0.999,1.0,0.999,1.0,0.0957,423625371.0,0.01322,7.0,3.6,bad
2384,0,0,1048576,16777216,2,0.999,1.0,0.999,1.0,0.0957,423625371.0,0.01322,7.0,3.6,bad
2385,2,0,1048576,16777216,2,0.999,1.0,0.999,1.0,0.0957,423625371.0,0.01322,7.0,3.6,bad
2386,3,0,1048576,16777216,2,0.999,1.0,0.999,1.0,0.0957,423625371.0,0.01322,7.0,3.6,bad
2387,4,0,1048576,16777216,2,0.999,1.0,0.999,1.0,0.0957,423625371.0,0.01322,7.0,3.6,bad
2402,1,0,1048576,16777216,2,0.999,1.0,0.999,1.0,0.0957,423625371.0,0.01322,7.0,3.6,bad
2403,0,0,1048576,16777216,2,0.999,1.0,0.999,1.0,0.0957,423625371.0,0.01322,7.0,3.6,bad
2404,2,0,1048576,16777216,2,0.999,1.0,0.999,1.0,0.0957,423625371.0,0.01322,7.0,3.6,bad
2405,3,0,1048576,16777216,2,0.999,1.0,0.999,1.0,0.0957,423625371.0,0.01322,7.0,3.6,bad
2406,4,0,1048576,16777216,2,0.999,1.0,0.999,1.0,0.0957,423625371.0,0.01322,7.0,3.6,bad
2421,1,0,1048576,16777216,2,0.999,1.0,0.999,1.0,0.0957,423625371.0,0.01322,7.0,3.6,bad
2422,0,0,1048576,16777216,2,0.999,1.0,0.999,1.0,0.0957,423625371.0,0.01322,7.0,3.6,bad
2423,2,0,1048576,16777216,2,0.999,1.0,0.999,1.0,0.0957,423625371.0,0.01322,7.0,3.6,bad
2424,3,0,1048576,16777216,2,0.999,1.0,0.999,1.0,0.0957,423625371.0,0.01322,7.0,3.6,bad
2425,4,0,1048576,16777216,2,0.999,1.0,0.999,1.0,0.0957,423625371.0,0.01322,7.0,3.6,bad
2459,1,0,1048576,16777216,2,0.999,1.0,0.999,1.0,0.0957,423625371.0,0.01322,7.0,3.6,bad
2460,0,0,1048576,16777216,2,0.999,1.0,0.999,1.0,0.0957,423625371.0,0.01322,7.0,3.6,bad
2461,2,0,1048576,16777216,2,0.999,1.0,0.999,1.0,0.0957,423625371.0,0.01322,7.0,3.6,bad
2462,3,0,1048576,16777216,2,0.999,1.0,0.999,1.0,0.0957,423625371.0,0.01322,7.0,3.6,bad
2463,4,0,1048576,16777216,2,0.999,1.0,0.999,1.0,0.0957,423625371.0,0.01322,7.0,3.6,bad
2478,1,0,1048576,16777216,2,0.999,1.0,0.999,1.0,0.0957,423625371.0,0.01322,7.0,3.6,bad
2479,0,0,1048576,16777216,2,0.999,1.0,0.999,1.0,0.0957,423625371.0,0.01322,7.0,3.6,bad
2480,2,0,1048576,16777216,2,0.999,1.0,0.999,1.0,0.0957,423625371.0,0.01322,7.0,3.6,bad
2481,3,0,1048576,16777216,2,0.999,1.0,0.999,1.0,0.0957,423625371.0,0.01322,7.0,3.6,bad
2482,4,0,1048576,16777216,2,0.999,1.0,0.999,1.0,0.0957,423625371.0,0.01322,7.0,3.6,bad
2497,1,0,1048576,16777216,2,0.999,1.0,0.999,1.0,0.0957,423625371.0,0.01322,7.0,3.6,bad
2498,0,0,1048576,16777216,2,0.999,1.0,0.999,1.0,0.0957,423625371.0,0.01322,7.0,3.6,bad
2499,2,0,1048576,16777216,2,0.999,1.0,0.999,1.0,0.0957,423625371.0,0.01322,7.0,3.6,bad
2500,3,0,1048576,16777216,2,0.999,1.0,0.999,1.0,0.0957,423625371.0,0.01322,7.0,3.6,bad
2501,4,0,1048576,16777216,2,0.999,1.0,0.999,1.0,0.0957,423625371.0,0.01322,7.0,3.6,bad
2516,1,0,1048576,16777216,2,0.999,1.0,0.999,1.0,0.0957,423625371.0,0.01322,7.0,3.6,bad
2517,0,0,1048576,16777216,2,0.999,1.0,0.999,1.0,0.0957,423625371.0,0.01322,7.0,3.6,bad
2518,2,0,1048576,16777216,2,0.999,1.0,0.999,1.0,0.0957,423625371.0,0.01322,7.0,3.6,bad
2519,3,0,1048576,16777216,2,0.999,1.0,0.999,1.0,0.0957,423625371.0,0.01322,7.0,3.6,bad
2520,4,0,1048576,16777216,2,0.999,1.0,0.999,1.0,0.0957,423625371.0,0.01322,7.0,3.6,bad
2535,1,0,1048576,16777216,2,0.999,1.0,0.999,1.0,0.0957,423625371.0,0.01322,7.0,3.6,bad
2536,0,0,1048576,16777216,2,0.999,1.0,0.999,1.0,0.0957,423625371.0,0.01322,7.0,3.6,bad
2537,2,0,1048576,16777216,2,0.999,1.0,0.999,1.0,0.0957,423625371.0,0.01322,7.0,3.6,bad
2538,3,0,1048576,16777216,2,0.999,1.0,0.999,1.0,0.0957,423625371.0,0.01322,7.0,3.6,bad
2539,4,0,1048576,16777216,2,0.999,1.0,0.999,1.0,0.0957,423625371.0,0.01322,7.0,3.6,bad
2554,1,0,1048576,16777216,2,0.999,1.0,0.999,1.0,0.0957,423625371.0,0.01322,7.0,3.6,bad
2555,0,0,1048576,16777216,2,0.999,1.0,0.999,1.0,0.0957,423625371.0,0.01322,7.0,3.6,bad
2556,2,0,1048576,16777216,2,0.999,1.0,0.999,1.0,0.0957,423625371.0,0.01322,7.0,3.6,bad
2557,3,0,1048576,16777216,2,0.999,1.0,0.999,1.0,0.0957,423625371.0,0.01322,7.0,3.6,bad
2558,4,0,1048576,16777216,2,0.999,1.0,0.999,1.0,0.0957,423625371.0,0.01322,7.0,3.6,bad
2573,1,0,1048576,16777216,2,0.999,1.0,0.999,1.0,0.0957,423625371.0,0.01322,7.0,3.6,bad
2574,0,0,1048576,16777216,2,0.999,1.0,0.999,1.0,0.0957,423625371.0,0.01322,7.0,3.6,bad
2575,2,0,1048576,16777216,2,0.999,1.0,0.999,1.0,0.0957,423625371.0,0.01322,7.0,3.6,bad
2576,3,0,1048576,16777216,2,0.999,1.0,0.999,1.0,0.0957,423625371.0,0.01322,7.0,3.6,bad
2577,4,0,1048576,16777216,2,0.999,1.0,0.999,1.0,0.0957,423625371.0,0.01322,7.0,3.6,bad
2592,1,0,1048576,16777216,2,0.999,1.0,0.999,1.0,0.0957,423625371.0,0.01322,7.0,3.6,bad
2593,0,0,1048576,16777216,2,0.999,1.0,0.999,1.0,0.0957,423625371.0,0.01322,7.0,3.6,bad
2594,2,0,1048576,16777216,2,0.999,1.0,0.999,1.0,0.0957,423625371.0,0.01322,7.0,3.6,bad
2595,3,0,1048576,16777216,2,0.999,1.0,0.999,1.0,0.0957,423625371.0,0.01322,7.0,3.6,bad
2596,4,0,1048576,16777216,2,0.999,1.0,0.999,1.0,0.0957,423625371.0,0.01322,7.0,3.6,bad
2611,1,0,1048576,16777216,2,0.999,1.0,0.999,1.0,0.0957,423625371.0,0.01322,7.0,3.6,bad
2612,0,0,1048576,16777216,2,0.999,1.0,0.999,1.0,0.0957,423625371.0,0.01322,7.0,3.6,bad
2613,2,0,1048576,16777216,2,0.999,1.0,0.999,1.0,0.0957,423625371.0,0.01322,7.0,3.6,bad
2614,3,0,1048576,16777216,2,0.999,1.0,0.999,1.0,0.0957,423625371.0,0.01322,7.0,3.6,bad
2615,4,0,1048576,16777216,2,0.999,1.0,0.999,1.0,0.0957,423625371.0,0.01322,7.0,3.6,bad
2630,1,0,1048576,16777216,2,0.999,1.0,0.999,1.0,0.0957,423625371.0,0.01322,7.0,3.6,bad
2631,0,0,1048576,16777216,2,0.999,1.0,0.999,1.0,0.0957,423625371.0,0.01322,7.0,3.6,bad
2632,2,0,1048576,16777216,2,0.999,1.0,0.999,1.0,0.0957,423625371.0,0.01322,7.0,3.6,bad
2633,3,0,1048576,16777216,2,0.999,1.0,0.999,1.0,0.0957,423625371.0,0.01322,7.0,3.6,bad
2634,4,0,1048576,16777216,2,0.999,1.0,0.999,1.0,0.0957,423625371.0,0.01322,7.0,3.6,bad
2649,1,0,1048576,16777216,2,0.999,1.0,0.999,1.0,0.0957,423625371.0,0.01322,7.0,3.6,bad
2650,0,0,1048576,16777216,2,0.999,1.0,0.999,1.0,0.0957,423625371.0,0.01322,7.0,3.6,bad
2651,2,0,1048576,16777216,2,0.999,1.0,0.999,1.0,0.0957,423625371.0,0.01322,7.0,3.6,bad
2652,3,0,1048576,16777216,2,0.999,1.0,0.999,1.0,0.0957,423625371.0,0.01322,7.0,3.6,bad
2653,4,0,1048576,16777216,2,0.999,1.0,0.999,1.0,0.0957,423625371.0,0.01322,7.0,3.6,bad
2668,1,0,1048576,16777216,2,0.999,1.0,0.999,1.0,0.0957,423625371.0,0.01322,7.0,3.6,bad
2669,0,0,1048576,16777216,2,0.999,1.0,0.999,1.0,0.0957,423625371.0,0.01322,7.0,3.6,bad
2670,2,0,1048576,16777216,2,0.999,1.0,0.999,1.0,0.0957,423625371.0,0.01322,7.0,3.6,bad
2671,3,0,1048576,16777216,2,0.999,1.0,0.999,1.0,0.0957,423625371.0,0.01322,7.0,3.6,bad
2672,4,0,1048576,16777216,2,0.999,1.0,0.999,1.0,0.0957,423625371.0,0.01322,7.0,3.6,bad
2687,1,0,1048576,16777216,2,0.999,1.0,0.999,1.0,0.0957,423625371.0,0.01322,7.0,3.6,bad
2688,0,0,1048576,16777216,2,0.999,1.0,0.999,1.0,0.0957,423625371.0,0.01322,7.0,3.6,bad
2689,2,0,1048576,16777216,2,0.999,1.0,0.999,1.0,0.0957,423625371.0,0.01322,7.0,3.6,bad
2690,3,0,1048576,16777216,2,0.999,1.0,0.999,1.0,0.0957,423625371.0,0.01322,7.0,3.6,bad
2691,4,0,1048576,16777216,2,0.999,1.0,0.999,1.0,0.0957,423625371.0,0.01322,7.0,3.6,bad
2706,1,0,1048576,16777216,2,0.999,1.0,0.999,1.0,0.0957,423625371.0,0.01322,7.0,3.6,bad
2707,0,0,1048576,16777216,2,0.999,1.0,0.999,1.0,0.0957,423625371.0,0.01322,7.0,3.6,bad
2708,2,0,1048576,16777216,2,0.999,1.0,0.999,1.0,0.0957,423625371.0,0.01322,7.0,3.6,bad
2709,3,0,1048576,16777216,2,0.999,1.0,0.999,1.0,0.0957,423625371.0,0.01322,7.0,3.6,bad
2710,4,0,1048576,16777216,2,0.999,1.0,0.999,1.0,0.0957,423625371.0,0.01322,7.0,3.6,bad
2725,1,0,1048576,16777216,2,0.999,1.0,0.999,1.0,0.0957,423625371.0,0.01322,7.0,3.6,bad
2726,0,0,1048576,16777216,2,0.999,1.0,0.999,1.0,0.0957,423625371.0,0.01322,7.0,3.6,bad
2727,2,0,1048576,16777216,2,0.999,1.0,0.999,1.0,0.0957,423625371.0,0.01322,7.0,3.6,bad
2728,3,0,1048576,16777216,2,0.999,1.0,0.999,1.0,0.0957,423625371.0,0.01322,7.0,3.6,bad
2729,4,0,1048576,16777216,2,0.999,1.0,0.999,1.0,0.0957,423625371.0,0.01322,7.0,3.6,bad
2744,1,0,1048576,16777216,2,0.999,1.0,0.999,1.0,0.0957,423625371.0,0.01322,7.0,3.6,bad
2745,0,0,1048576,16777216,2,0.999,1.0,0.999,1.0,0.0957,423625371.0,0.01322,7.0,3.6,bad
2746,2,0,1048576,16777216,2,0.999,1.0,0.999,1.0,0.0957,423625371.0,0.01322,7.0,3.6,bad
2747,3,0,1048576,16777216,2,0.999,1.0,0.999,1.0,0.0957,423625371.0,0.01322,7.0,3.6,bad
2748,4,0,1048576,16777216,2,0.999,1.0,0.999,1.0,0.0957,423625371.0,0.01322,7.0,3.6,bad
2763,1,0,1048576,16777216,2,0.999,1.0,0.999,1.0,0.0957,423625371.0,0.01322,7.0,3.6,bad
2764,0,0,1048576,16777216,2,0.999,1.0,0.999,1.0,0.0957,423625371.0,0.01322,7.0,3.6,bad
2765,2,0,1048576,16777216,2,0.999,1.0,0.999,1.0,0.0957,423625371.0,0.01322,7.0,3.6,bad
2766,3,0,1048576,16777216,2,0.999,1.0,0.999,1.0,0.0957,423625371.0,0.01322,7.0,3.6,bad
2767,4,0,1048576,16777216,2,0.999,1.0,0.999,1.0,0.0957,423625371.0,0.01322,7.0,3.6,bad
2782,1,0,1048576,16777216,2,0.999,1.0,0.999,1.0,0.0957,423625371.0,0.01322,7.0,3.6,bad
2783,0,0,1048576,16777216,2,0.999,1.0,0.999,1.0,0.0957,423625371.0,0.01322,7.0,3.6,bad
2784,2,0,1048576,16777216,2,0.999,1.0,0.999,1.0,0.0957,423625371.0,0.01322,7.0,3.6,bad
2785,3,0,1048576,16777216,2,0.999,1.0,0.999,1.0,0.0957,423625371.0,0.01322,7.0,3.6,bad
2786,4,0,1048576,16777216,2,0.999,1.0,0.999,1.0,0.0957,423625371.0,0.01322,7.0,3.6,bad
2801,1,0,1048576,16777216,2,0.999,1.0,0.999,1.0,0.0957,423625371.0,0.01322,7.0,3.6,bad
2802,0,0,1048576,16777216,2,0.999,1.0,0.999,1.0,0.0957,423625371.0,0.01322,7.0,3.6,bad
2803,2,0,1048576,16777216,2,0.999,1.0,0.999,1.0,0.0957,423625371.0,0.01322,7.0,3.6,bad
2804,3,0,1048576,16777216,2,0.999,1.0,0.999,1.0,0.0957,423625371.0,0.01322,7.0,3.6,bad
2805,4,0,1048576,16777216,2,0.999,1.0,0.999,1.0,0.0957,423625371.0,0.01322,7.0,3.6,bad
2820,1,0,1048576,16777216,2,0.999,1.0,0.999,1.0,0.0957,423625371.0,0.01322,7.0,3.6,bad
2821,0,0,1048576,16777216,2,0.999,1.0,0.999,1.0,0.0957,423625371.0,0.01322,7.0,3.6,bad
2822,2,0,1048576,16777216,2,0.999,1.0,0.999,1.0,0.0957,423625371.0,0.01322,7.0,3.6,bad
2823,3,0,1048576,16777216,2,0.999,1.0,0.999,1.0,0.0957,423625371.0,0.01322,7.0,3.6,bad
2824,4,0,1048576,16777216,2,0.999,1.0,0.999,1.0,0.0957,423625371.0,0.01322,7.0,3.6,bad
2839,1,0,1048576,16777216,2,0.999,1.0,0.999,1.0,0.0957,423625371.0,0.01322,7.0,3.6,bad
2840,0,0,1048576,16777216,2,0.999,1.0,0.999,1.0,0.0957,423625371.0,0.01322,7.0,3.6,bad
2841,2,0,1048576,16777216,2,0.999,1.0,0.999,1.0,0.0957,423625371.0,0.01322,7.0,3.6,bad
2842,3,0,1048576,16777216,2,0.999,1.0,0.999,1.0,0.0957,423625371.0,0.01322,7.0,3.6,bad
2843,4,0,1048576,16777216,2,0.999,1.0,0.999,1.0,0.0957,423625371.0,0.01322,7.0,3.6,bad
2858,1,0,1048576,16777216,2,0.999,1.0,0.999,1.0,0.0957,423625371.0,0.01322,7.0,3.6,bad
2859,0,0,1048576,16777216,2,0.999,1.0,0.999,1.0,0.0957,423625371.0,0.01322,7.0,3.6,bad
2860,2,0,1048576,16777216,2,0.999,1.0,0.999,1.0,0.0957,423625371.0,0.01322,7.0,3.6,bad
2861,3,0,1048576,16777216,2,0.999,1.0,0.999,1.0,0.0957,423625371.0,0.01322,7.0,3.6,bad
2862,4,0,1048576,16777216,2,0.999,1.0,0.999,1.0,0.0957,423625371.0,0.01322,7.0,3.6,bad
2877,1,0,1048576,16777216,2,0.999,1.0,0.999,1.0,0.0957,423625371.0,0.01322,7.0,3.6,bad
2878,0,0,1048576,16777216,2,0.999,1.0,0.999,1.0,0.0957,423625371.0,0.01322,7.0,3.6,bad
2879,2,0,1048576,16777216,2,0.999,1.0,0.999,1.0,0.0957,423625371.0,0.01322,7.0,3.6,bad
2880,3,0,1048576,16777216,2,0.999,1.0,0.999,1.0,0.0957,423625371.0,0.01322,7.0,3.6,bad
2881,4,0,1048576,16777216,2,0.999,1.0,0.999,1.0,0.0957,423625371.0,0.01322,7.0,3.6,bad
2896,1,0,1048576,16777216,2,0.999,1.0,0.999,1.0,0.0957,423625371.0,0.01322,7.0,3.6,bad
2897,0,0,1048576,16777216,2,0.999,1.0,0.999,1.0,0.0957,423625371.0,0.01322,7.0,3.6,bad
2898,2,0,1048576,16777216,2,0.999,1.0,0.999,1.0,0.0957,423625371.0,0.01322,7.0,3.6,bad
2899,3,0,1048576,16777216,2,0.999,1.0,0.999,1.0,0.0957,423625371.0,0.01322,7.0,3.6,bad
2900,4,0,1048576,16777216,2,0.999,1.0,0.999,1.0,0.0957,423625371.0,0.01322,7.0,3.6,bad
2915,1,0,1048576,16777216,2,0.999,1.0,0.999,1.0,0.0957,423625371.0,0.01322,7.0,3.6,bad
2916,0,0,1048576,16777216,2,0.999,1.0,0.999,1.0,0.0957,423625371.0,0.01322,7.0,3.6,bad
2917,2,0,1048576,16777216,2,0.999,1.0,0.999,1.0,0.0957,423625371.0,0.01322,7.0,3.6,bad
2918,3,0,1048576,16777216,2,0.999,1.0,0.999,1.0,0.0957,423625371.0,0.01322,7.0,3.6,bad
2919,4,0,1048576,16777216,2,0.999,1.0,0.999,1.0,0.0957,423625371.0,0.01322,7.0,3.6,bad
2934,1,0,1048576,16777216,2,0.999,1.0,0.999,1.0,0.0957,423625371.0,0.01322,7.0,3.6,bad
2935,0,0,1048576,16777216,2,0.999,1.0,0.999,1.0,0.0957,423625371.0,0.01322,7.0,3.6,bad
